"key","source","Translation"
"AI_a_Alert_Enter_00_Loca1","AI_a_Alert_Enter_00_Loca1",""
"AI_a_Alert_Enter_00_Loca2","Here! There's somebody here!","Тут! Там хтось є!"
"AI_a_Alert_Enter_01_Loca1","AI_a_Alert_Enter_01_Loca1",""
"AI_a_Alert_Enter_01_Loca2","An intruder!","Зловмисник!"
"AI_a_Alert_Enter_02_Loca1","AI_a_Alert_Enter_02_Loca1",""
"AI_a_Alert_Enter_02_Loca2","He's here!","Він тут!"
"AI_a_Alert_Roaming_00_Loca1","AI_a_Alert_Roaming_00_Loca1",""
"AI_a_Alert_Roaming_00_Loca2","You won't escape me!","Тобі не втекти від мене!"
"AI_a_Alert_Roaming_01_Loca1","AI_a_Alert_Roaming_01_Loca1",""
"AI_a_Alert_Roaming_01_Loca2","Show yourself!","Покажись!"
"AI_a_Alert_Roaming_02_Loca1","AI_a_Alert_Roaming_02_Loca1",""
"AI_a_Alert_Roaming_02_Loca2","You can't hide forever!","Ти не зможеш ховатися вічно!"
"AI_a_Catch_00_Loca1","AI_a_Catch_00_Loca1",""
"AI_a_Catch_00_Loca2","I've got you!","Ось ти й попався!"
"AI_a_Catch_01_Loca1","AI_a_Catch_01_Loca1",""
"AI_a_Catch_01_Loca2","Gotcha!","Впіймав!"
"AI_a_Catch_02_Loca1","AI_a_Catch_02_Loca1",""
"AI_a_Catch_02_Loca2","Visit's over!","Екскурсія закінчилась!"
"AI_a_Search_Enter_00_Loca1","AI_a_Search_Enter_00_Loca1",""
"AI_a_Search_Enter_00_Loca2","I saw something.","Я бачив щось."
"AI_a_Search_Enter_01_Loca1","AI_a_Search_Enter_01_Loca1",""
"AI_a_Search_Enter_01_Loca2","Is there somebody, over there?","Хто там?"
"AI_a_Search_Enter_02_Loca1","AI_a_Search_Enter_02_Loca1",""
"AI_a_Search_Enter_02_Loca2","I'll take a look.","Зараз перевірю."
"AI_a_Search_Roaming_00_Loca1","AI_a_Search_Roaming_00_Loca1",""
"AI_a_Search_Roaming_00_Loca2","Let's see...","Подивимось..."
"AI_a_Search_Roaming_01_Loca1","AI_a_Search_Roaming_01_Loca1",""
"AI_a_Search_Roaming_01_Loca2","There was something over here.","Там було щось"
"AI_a_Search_Roaming_02_Loca1","AI_a_Search_Roaming_02_Loca1",""
"AI_a_Search_Roaming_02_Loca2","If there is anybody, I'll catch them.","Якщо там хтось є, я його спіймаю."
"AI_a_Suspicious_Enter_00_Loca1","AI_a_Suspicious_Enter_00_Loca1",""
"AI_a_Suspicious_Enter_00_Loca2","What's that?","Що це?"
"AI_a_Suspicious_Enter_01_Loca1","AI_a_Suspicious_Enter_01_Loca1",""
"AI_a_Suspicious_Enter_01_Loca2","What?","Що?"
"AI_a_Suspicious_Enter_02_Loca1","AI_a_Suspicious_Enter_02_Loca1",""
"AI_a_Suspicious_Enter_02_Loca2","Mmmh?","Хммм?"
"AI_a_Vigilant_Enter_00_Loca1","AI_a_Vigilant_Enter_00_Loca1",""
"AI_a_Vigilant_Enter_00_Loca2","I'm not crazy; I know there's someone.","Я не божевільний; я відчуваю, там хтось є."
"AI_a_Vigilant_Enter_01_Loca1","AI_a_Vigilant_Enter_01_Loca1",""
"AI_a_Vigilant_Enter_01_Loca2","Wait till I get hold of you...","Почекай, тільки я тебе впіймаю..."
"AI_a_Vigilant_Enter_02_Loca1","AI_a_Vigilant_Enter_02_Loca1",""
"AI_a_Vigilant_Enter_02_Loca2","You'll get what's coming to you.","Зараз ти в мене отримаєш."
"AI_a_Vigilant_Roaming_00_Loca1","AI_a_Vigilant_Roaming_00_Loca1",""
"AI_a_Vigilant_Roaming_00_Loca2","I know you're round here somewhere...","Я знаю ти десь тут, поруч..."
"AI_a_Vigilant_Roaming_01_Loca1","AI_a_Vigilant_Roaming_01_Loca1",""
"AI_a_Vigilant_Roaming_01_Loca2","You can hide, but I'll catch you.","Ти можеш ховатись, але я все одно спіймаю тебе."
"AI_a_Vigilant_Roaming_02_Loca1","AI_a_Vigilant_Roaming_02_Loca1",""
"AI_a_Vigilant_Roaming_02_Loca2","You won't make a fool of me for long.","Ти не зможеш дурити мене вічно."
"AI_b_Alert_Enter_00_Loca1","AI_b_Alert_Enter_00_Loca1",""
"AI_b_Alert_Enter_00_Loca2","Here! There's somebody here!","Тут! Там хтось є!"
"AI_b_Alert_Enter_01_Loca1","AI_b_Alert_Enter_01_Loca1",""
"AI_b_Alert_Enter_01_Loca2","An intruder!","Зловмисник!"
"AI_b_Alert_Enter_02_Loca1","AI_b_Alert_Enter_02_Loca1",""
"AI_b_Alert_Enter_02_Loca2","He's here!","Він тут!"
"AI_b_Alert_Roaming_00_Loca1","AI_b_Alert_Roaming_00_Loca1",""
"AI_b_Alert_Roaming_00_Loca2","You won't escape me!","Тобі не втекти від мене!"
"AI_b_Alert_Roaming_01_Loca1","AI_b_Alert_Roaming_01_Loca1",""
"AI_b_Alert_Roaming_01_Loca2","Show yourself!","Покажися!"
"AI_b_Alert_Roaming_02_Loca1","AI_b_Alert_Roaming_02_Loca1",""
"AI_b_Alert_Roaming_02_Loca2","You can't hide forever!","Ти не зможеш ховатись вічно!"
"AI_b_Catch_00_Loca1","AI_b_Catch_00_Loca1",""
"AI_b_Catch_00_Loca2","I've got you!","Ось ти й попався!"
"AI_b_Catch_01_Loca1","AI_b_Catch_01_Loca1",""
"AI_b_Catch_01_Loca2","Gotcha!","Впіймав!"
"AI_b_Catch_02_Loca1","AI_b_Catch_02_Loca1",""
"AI_b_Catch_02_Loca2","Visit's over!","Екскурсія закінчилась!"
"AI_b_Search_Enter_00_Loca1","AI_b_Search_Enter_00_Loca1",""
"AI_b_Search_Enter_00_Loca2","I saw something.","Я бачив щось."
"AI_b_Search_Enter_01_Loca1","AI_b_Search_Enter_01_Loca1",""
"AI_b_Search_Enter_01_Loca2","Is there somebody, over there?","Хто там?"
"AI_b_Search_Enter_02_Loca1","AI_b_Search_Enter_02_Loca1",""
"AI_b_Search_Enter_02_Loca2","I'll take a look.","Зараз перевірю."
"AI_b_Search_Roaming_00_Loca1","AI_b_Search_Roaming_00_Loca1",""
"AI_b_Search_Roaming_00_Loca2","Let's see...","Подивимось..."
"AI_b_Search_Roaming_01_Loca1","AI_b_Search_Roaming_01_Loca1",""
"AI_b_Search_Roaming_01_Loca2","There was something over here.","Там було щось."
"AI_b_Search_Roaming_02_Loca1","AI_b_Search_Roaming_02_Loca1",""
"AI_b_Search_Roaming_02_Loca2","If there is anybody, I'll catch them.","Якщо там хтось є, я його спіймаю."
"AI_b_Suspicious_Enter_00_Loca1","AI_b_Suspicious_Enter_00_Loca1",""
"AI_b_Suspicious_Enter_00_Loca2","What's that?","Що це?"
"AI_b_Suspicious_Enter_01_Loca1","AI_b_Suspicious_Enter_01_Loca1",""
"AI_b_Suspicious_Enter_01_Loca2","What?","Що?"
"AI_b_Suspicious_Enter_02_Loca1","AI_b_Suspicious_Enter_02_Loca1",""
"AI_b_Suspicious_Enter_02_Loca2","Mmmh?","Хммм?"
"AI_b_Vigilant_Enter_00_Loca1","AI_b_Vigilant_Enter_00_Loca1",""
"AI_b_Vigilant_Enter_00_Loca2","I'm not crazy; I know there's someone.","Я не божевільний; я відчуваю, там хтось є."
"AI_b_Vigilant_Enter_01_Loca1","AI_b_Vigilant_Enter_01_Loca1",""
"AI_b_Vigilant_Enter_01_Loca2","Wait till I get hold of you...","Почекай, тільки я тебе впіймаю..."
"AI_b_Vigilant_Enter_02_Loca1","AI_b_Vigilant_Enter_02_Loca1",""
"AI_b_Vigilant_Enter_02_Loca2","You'll get what's coming to you.","Зараз ти в мене отримаєш."
"AI_b_Vigilant_Roaming_00_Loca1","AI_b_Vigilant_Roaming_00_Loca1",""
"AI_b_Vigilant_Roaming_00_Loca2","I know you're round here somewhere...","Я знаю ти десь тут, поруч..."
"AI_b_Vigilant_Roaming_01_Loca1","AI_b_Vigilant_Roaming_01_Loca1",""
"AI_b_Vigilant_Roaming_01_Loca2","You can hide, but I'll catch you.","Ти можеш ховатись, але я все одно спіймаю тебе."
"AI_b_Vigilant_Roaming_02_Loca1","AI_b_Vigilant_Roaming_02_Loca1",""
"AI_b_Vigilant_Roaming_02_Loca2","You won't make a fool of me for long.","Ти не зможеш дурити мене вічно."
"AslGuad_a_Alert_Enter_00_Loca1","AslGuad_a_Alert_Enter_00_Loca1",""
"AslGuad_a_Alert_Enter_00_Loca2","Hey!","Агов!"
"AslGuad_a_Alert_Enter_01_Loca1","AslGuad_a_Alert_Enter_01_Loca1",""
"AslGuad_a_Alert_Enter_01_Loca2","You, there!","Гей, ти!"
"AslGuad_a_Alert_Enter_02_Loca1","AslGuad_a_Alert_Enter_02_Loca1",""
"AslGuad_a_Alert_Enter_02_Loca2","This way!","Сюди!"
"AslGuad_a_Alert_Roaming_00_Loca1","AslGuad_a_Alert_Roaming_00_Loca1",""
"AslGuad_a_Alert_Roaming_00_Loca2","You won't get far!","Тобі далеко не втекти!"
"AslGuad_a_Alert_Roaming_01_Loca1","AslGuad_a_Alert_Roaming_01_Loca1",""
"AslGuad_a_Alert_Roaming_01_Loca2","Just you wait!","От тільки попадись мені!"
"AslGuad_a_Alert_Roaming_02_Loca1","AslGuad_a_Alert_Roaming_02_Loca1",""
"AslGuad_a_Alert_Roaming_02_Loca2","Come out of your hiding hole!","Вилазь зі своєї нори!"
"AslGuad_a_Catch_00_Loca1","AslGuad_a_Catch_00_Loca1",""
"AslGuad_a_Catch_00_Loca2","I've got you!","Ось ти й попався!"
"AslGuad_a_Catch_01_Loca1","AslGuad_a_Catch_01_Loca1",""
"AslGuad_a_Catch_01_Loca2","The walk is over!","Прогулянка закінчилася!"
"AslGuad_a_Catch_02_Loca1","AslGuad_a_Catch_02_Loca1",""
"AslGuad_a_Catch_02_Loca2","I've got him!","Я схопив його!"
"AslGuad_a_Catch_Drawer_Loca1","AslGuad_a_Catch_Drawer_Loca1",""
"AslGuad_a_Catch_Drawer_Loca2","Found you!","Знайшов!"
"AslGuad_a_Search_Enter_00_Loca1","AslGuad_a_Search_Enter_00_Loca1",""
"AslGuad_a_Search_Enter_00_Loca2","I think we've got a walker!","Схоже, тут хтось швендяє!"
"AslGuad_a_Search_Enter_01_Loca1","AslGuad_a_Search_Enter_01_Loca1",""
"AslGuad_a_Search_Enter_01_Loca2","Who's there?","Хто там?"
"AslGuad_a_Search_Enter_02_Loca1","AslGuad_a_Search_Enter_02_Loca1",""
"AslGuad_a_Search_Enter_02_Loca2","I'll go take a look.","Піду подивлюся."
"AslGuad_a_Search_Roaming_00_Loca1","AslGuad_a_Search_Roaming_00_Loca1",""
"AslGuad_a_Search_Roaming_00_Loca2","Is there anybody round here?","Хто там?"
"AslGuad_a_Search_Roaming_01_Loca1","AslGuad_a_Search_Roaming_01_Loca1",""
"AslGuad_a_Search_Roaming_01_Loca2","Come on, show yourself!","Ну ж бо, покажися!"
"AslGuad_a_Search_Roaming_02_Loca1","AslGuad_a_Search_Roaming_02_Loca1",""
"AslGuad_a_Search_Roaming_02_Loca2","I saw something over there.","Я щось бачив там."
"AslGuad_a_Suspicious_Enter_00_Loca1","AslGuad_a_Suspicious_Enter_00_Loca1",""
"AslGuad_a_Suspicious_Enter_00_Loca2","What...?","Що...?"
"AslGuad_a_Suspicious_Enter_01_Loca1","AslGuad_a_Suspicious_Enter_01_Loca1",""
"AslGuad_a_Suspicious_Enter_01_Loca2","Hm hmm?","Хмм?"
"AslGuad_a_Suspicious_Enter_02_Loca1","AslGuad_a_Suspicious_Enter_02_Loca1",""
"AslGuad_a_Suspicious_Enter_02_Loca2","Huh?","Га?"
"AslGuad_a_Vigilant_Enter_00_Loca1","AslGuad_a_Vigilant_Enter_00_Loca1",""
"AslGuad_a_Vigilant_Enter_00_Loca2","You won't get away that easy.","Тобі це так просто не минеться."
"AslGuad_a_Vigilant_Enter_01_Loca1","AslGuad_a_Vigilant_Enter_01_Loca1",""
"AslGuad_a_Vigilant_Enter_01_Loca2","Wait till I get my hands on you...","Зачекай, тільки-но я до тебе доберуся..."
"AslGuad_a_Vigilant_Enter_02_Loca1","AslGuad_a_Vigilant_Enter_02_Loca1",""
"AslGuad_a_Vigilant_Enter_02_Loca2","There's somebody there. I know it.","Там хтось є. Я впевнений."
"AslGuad_a_Vigilant_Roaming_00_Loca1","AslGuad_a_Vigilant_Roaming_00_Loca1",""
"AslGuad_a_Vigilant_Roaming_00_Loca2","I'll find you sooner or later.","Я знайду тебе рано чи пізно."
"AslGuad_a_Vigilant_Roaming_01_Loca1","AslGuad_a_Vigilant_Roaming_01_Loca1",""
"AslGuad_a_Vigilant_Roaming_01_Loca2","You'll regret not showing yourself.","Дарма ховаєшся. Ще пожалкуєш про це."
"AslGuad_a_Vigilant_Roaming_02_Loca1","AslGuad_a_Vigilant_Roaming_02_Loca1",""
"AslGuad_a_Vigilant_Roaming_02_Loca2","There's no way out... Show yourself!","Звідси не втікти... Покажися!"
"AslGuad_b_Alert_Enter_00_Loca1","AslGuad_b_Alert_Enter_00_Loca1",""
"AslGuad_b_Alert_Enter_00_Loca2","Hey!","Агов!"
"AslGuad_b_Alert_Enter_01_Loca1","AslGuad_b_Alert_Enter_01_Loca1",""
"AslGuad_b_Alert_Enter_01_Loca2","You, there!","Гей, ти!"
"AslGuad_b_Alert_Enter_02_Loca1","AslGuad_b_Alert_Enter_02_Loca1",""
"AslGuad_b_Alert_Enter_02_Loca2","This way!","Сюди!"
"AslGuad_b_Alert_Roaming_00_Loca1","AslGuad_b_Alert_Roaming_00_Loca1",""
"AslGuad_b_Alert_Roaming_00_Loca2","You won't get far!","Тобі далеко не втекти!"
"AslGuad_b_Alert_Roaming_01_Loca1","AslGuad_b_Alert_Roaming_01_Loca1",""
"AslGuad_b_Alert_Roaming_01_Loca2","Just you wait!","От тільки попадись мені!"
"AslGuad_b_Alert_Roaming_02_Loca1","AslGuad_b_Alert_Roaming_02_Loca1",""
"AslGuad_b_Alert_Roaming_02_Loca2","Come out of your hiding hole!","Вилазь зі своєї нори!"
"AslGuad_b_Catch_00_Loca1","AslGuad_b_Catch_00_Loca1",""
"AslGuad_b_Catch_00_Loca2","I've got you!","Ось ти й попався"
"AslGuad_b_Catch_01_Loca1","AslGuad_b_Catch_01_Loca1",""
"AslGuad_b_Catch_01_Loca2","The walk is over!","Прогулянка закінчилася!"
"AslGuad_b_Catch_02_Loca1","AslGuad_b_Catch_02_Loca1",""
"AslGuad_b_Catch_02_Loca2","I've got him!","Я схопив його!"
"AslGuad_b_Catch_Drawer_Loca1","AslGuad_b_Catch_Drawer_Loca1",""
"AslGuad_b_Catch_Drawer_Loca2","Found you!","Знайшов!"
"AslGuad_b_Search_Enter_00_Loca1","AslGuad_b_Search_Enter_00_Loca1",""
"AslGuad_b_Search_Enter_00_Loca2","I think we've got a walker!","Схоже, тут хтось швендяє!"
"AslGuad_b_Search_Enter_01_Loca1","AslGuad_b_Search_Enter_01_Loca1",""
"AslGuad_b_Search_Enter_01_Loca2","Who's there?","Хто там?"
"AslGuad_b_Search_Enter_02_Loca1","AslGuad_b_Search_Enter_02_Loca1",""
"AslGuad_b_Search_Enter_02_Loca2","I'll go take a look.","Піду подивлюся."
"AslGuad_b_Search_Roaming_00_Loca1","AslGuad_b_Search_Roaming_00_Loca1",""
"AslGuad_b_Search_Roaming_00_Loca2","Is there anybody round here?","Хто там?"
"AslGuad_b_Search_Roaming_01_Loca1","AslGuad_b_Search_Roaming_01_Loca1",""
"AslGuad_b_Search_Roaming_01_Loca2","Come on, show yourself!","Ну ж бо, покажися!"
"AslGuad_b_Search_Roaming_02_Loca1","AslGuad_b_Search_Roaming_02_Loca1",""
"AslGuad_b_Search_Roaming_02_Loca2","I saw something over there.","Я щось бачив там."
"AslGuad_b_Suspicious_Enter_00_Loca1","AslGuad_b_Suspicious_Enter_00_Loca1",""
"AslGuad_b_Suspicious_Enter_00_Loca2","What...?","Що...?"
"AslGuad_b_Suspicious_Enter_01_Loca1","AslGuad_b_Suspicious_Enter_01_Loca1",""
"AslGuad_b_Suspicious_Enter_01_Loca2","Hm hmm?","Хмм?"
"AslGuad_b_Suspicious_Enter_02_Loca1","AslGuad_b_Suspicious_Enter_02_Loca1",""
"AslGuad_b_Suspicious_Enter_02_Loca2","Huh?","Га?"
"AslGuad_b_Vigilant_Enter_00_Loca1","AslGuad_b_Vigilant_Enter_00_Loca1",""
"AslGuad_b_Vigilant_Enter_00_Loca2","You won't get away that easy.","Тобі це так просто не минеться."
"AslGuad_b_Vigilant_Enter_01_Loca1","AslGuad_b_Vigilant_Enter_01_Loca1",""
"AslGuad_b_Vigilant_Enter_01_Loca2","Wait till I get my hands on you...","Зачекай, тільки-но я до тебе доберуся..."
"AslGuad_b_Vigilant_Enter_02_Loca1","AslGuad_b_Vigilant_Enter_02_Loca1",""
"AslGuad_b_Vigilant_Enter_02_Loca2","There's somebody there. I know it.","Там хтось є. Я впевнений."
"AslGuad_b_Vigilant_Roaming_00_Loca1","AslGuad_b_Vigilant_Roaming_00_Loca1",""
"AslGuad_b_Vigilant_Roaming_00_Loca2","I'll find you sooner or later.","Я знайду тебе рано чи пізно."
"AslGuad_b_Vigilant_Roaming_01_Loca1","AslGuad_b_Vigilant_Roaming_01_Loca1",""
"AslGuad_b_Vigilant_Roaming_01_Loca2","You'll regret not showing yourself.","Дарма ховаєшся. Ще пожалкуєш про це."
"AslGuad_b_Vigilant_Roaming_02_Loca1","AslGuad_b_Vigilant_Roaming_02_Loca1",""
"AslGuad_b_Vigilant_Roaming_02_Loca2","There's no way out... Show yourself!","Звідси не втікти... Покажися!"
"AslGuad_c_Alert_Enter_00_Loca1","AslGuad_c_Alert_Enter_00_Loca1",""
"AslGuad_c_Alert_Enter_00_Loca2","Hey!","Агов!"
"AslGuad_c_Alert_Enter_01_Loca1","AslGuad_c_Alert_Enter_01_Loca1",""
"AslGuad_c_Alert_Enter_01_Loca2","You, there!","Гей, ти!"
"AslGuad_c_Alert_Enter_02_Loca1","AslGuad_c_Alert_Enter_02_Loca1",""
"AslGuad_c_Alert_Enter_02_Loca2","This way!","Сюди!"
"AslGuad_c_Alert_Roaming_00_Loca1","AslGuad_c_Alert_Roaming_00_Loca1",""
"AslGuad_c_Alert_Roaming_00_Loca2","You won't get far!","Тобі далеко не втекти!"
"AslGuad_c_Alert_Roaming_01_Loca1","AslGuad_c_Alert_Roaming_01_Loca1",""
"AslGuad_c_Alert_Roaming_02_Loca2","Come out of your hiding hole!","Вилазь зі своєї нори!"
"AslGuad_c_Catch_00_Loca1","AslGuad_c_Catch_00_Loca1",""
"AslGuad_c_Catch_00_Loca2","I've got you!","Ось ти й попався!"
"AslGuad_c_Catch_01_Loca1","AslGuad_c_Catch_01_Loca1",""
"AslGuad_c_Catch_01_Loca2","The walk is over!","Прогулянка закінчилася!"
"AslGuad_c_Catch_02_Loca1","AslGuad_c_Catch_02_Loca1",""
"AslGuad_c_Catch_02_Loca2","I've got him!","Я схопив його!"
"AslGuad_c_Catch_Drawer_Loca1","AslGuad_c_Catch_Drawer_Loca1",""
"AslGuad_c_Catch_Drawer_Loca2","Found you!","Знайшов!"
"AslGuad_c_Search_Enter_00_Loca1","AslGuad_c_Search_Enter_00_Loca1",""
"AslGuad_c_Search_Enter_00_Loca2","I think we've got a walker!","Схоже, тут хтось швендяє!"
"AslGuad_c_Search_Enter_01_Loca1","AslGuad_c_Search_Enter_01_Loca1",""
"AslGuad_c_Search_Enter_01_Loca2","Who's there?","Хто там?"
"AslGuad_c_Search_Enter_02_Loca1","AslGuad_c_Search_Enter_02_Loca1",""
"AslGuad_c_Search_Enter_02_Loca2","I'll go take a look.","Піду подивлюся."
"AslGuad_c_Search_Roaming_00_Loca1","AslGuad_c_Search_Roaming_00_Loca1",""
"AslGuad_c_Search_Roaming_00_Loca2","Is there anybody round here?","Хто там?"
"AslGuad_c_Search_Roaming_01_Loca1","AslGuad_c_Search_Roaming_01_Loca1",""
"AslGuad_c_Search_Roaming_01_Loca2","Come on, show yourself!","Ну ж бо, покажися!"
"AslGuad_c_Search_Roaming_02_Loca1","AslGuad_c_Search_Roaming_02_Loca1",""
"AslGuad_c_Search_Roaming_02_Loca2","I saw something over there.","Я щось бачив там."
"AslGuad_c_Suspicious_Enter_00_Loca1","AslGuad_c_Suspicious_Enter_00_Loca1",""
"AslGuad_c_Suspicious_Enter_00_Loca2","What...?","Що...?"
"AslGuad_c_Suspicious_Enter_01_Loca1","AslGuad_c_Suspicious_Enter_01_Loca1",""
"AslGuad_c_Suspicious_Enter_01_Loca2","Hm hmm?","Хмм?"
"AslGuad_c_Suspicious_Enter_02_Loca1","AslGuad_c_Suspicious_Enter_02_Loca1",""
"AslGuad_c_Suspicious_Enter_02_Loca2","Huh?","Га?"
"AslGuad_c_Vigilant_Enter_00_Loca1","AslGuad_c_Vigilant_Enter_00_Loca1",""
"AslGuad_c_Vigilant_Enter_00_Loca2","You won't get away that easy.","Тобі це так просто не минеться."
"AslGuad_c_Vigilant_Enter_01_Loca1","AslGuad_c_Vigilant_Enter_01_Loca1",""
"AslGuad_c_Vigilant_Enter_01_Loca2","Wait till I get my hands on you...","Зачекай, тільки-но я до тебе доберуся..."
"AslGuad_c_Vigilant_Enter_02_Loca1","AslGuad_c_Vigilant_Enter_02_Loca1",""
"AslGuad_c_Vigilant_Enter_02_Loca2","There's somebody there. I know it.","Там хтось є. Я впевнений."
"AslGuad_c_Vigilant_Roaming_00_Loca1","AslGuad_c_Vigilant_Roaming_00_Loca1",""
"AslGuad_c_Vigilant_Roaming_00_Loca2","I'll find you sooner or later.","Я знайду тебе рано чи пізно."
"AslGuad_c_Vigilant_Roaming_01_Loca1","AslGuad_c_Vigilant_Roaming_01_Loca1",""
"AslGuad_c_Vigilant_Roaming_01_Loca2","You'll regret not showing yourself.","Дарма ховаєшся. Ще пожалкуєш про це."
"AslGuad_c_Vigilant_Roaming_02_Loca1","AslGuad_c_Vigilant_Roaming_02_Loca1",""
"AslGuad_c_Vigilant_Roaming_02_Loca2","There's no way out... Show yourself!","Звідси не втікти... Покажися!"
"AslGuad_d_Alert_Enter_00_Loca1","AslGuad_d_Alert_Enter_00_Loca1",""
"AslGuad_d_Alert_Enter_00_Loca2","Hey!","Агов!"
"AslGuad_d_Alert_Enter_01_Loca1","AslGuad_d_Alert_Enter_01_Loca1",""
"AslGuad_d_Alert_Enter_01_Loca2","You, there!","Гей, ти!"
"AslGuad_d_Alert_Enter_02_Loca1","AslGuad_d_Alert_Enter_02_Loca1",""
"AslGuad_d_Alert_Enter_02_Loca2","This way!","Сюди!"
"AslGuad_d_Alert_Roaming_00_Loca1","AslGuad_d_Alert_Roaming_00_Loca1",""
"AslGuad_d_Alert_Roaming_00_Loca2","You won't get far!","Тобі далеко не втекти!"
"AslGuad_d_Alert_Roaming_00_Loca1","AslGuad_d_Alert_Roaming_00_Loca1",""
"AslGuad_d_Alert_Roaming_00_Loca2","You won't get far!","Тобі далеко не втекти!"
"AslGuad_d_Alert_Roaming_01_Loca1","AslGuad_d_Alert_Roaming_01_Loca1",""
"AslGuad_d_Alert_Roaming_01_Loca2","Just you wait!","От тільки попадись мені!"
"AslGuad_d_Alert_Roaming_02_Loca1","AslGuad_d_Alert_Roaming_02_Loca1",""
"AslGuad_d_Alert_Roaming_02_Loca2","Come out of your hiding hole!","Вилазь зі своєї нори!"
"AslGuad_d_Catch_00_Loca1","AslGuad_d_Catch_00_Loca1",""
"AslGuad_d_Catch_00_Loca2","I've got you!","Ось ти й попався!"
"AslGuad_d_Catch_01_Loca1","AslGuad_d_Catch_01_Loca1",""
"AslGuad_d_Catch_01_Loca2","The walk is over!","Прогулянка закінчилася!"
"AslGuad_d_Catch_02_Loca1","AslGuad_d_Catch_02_Loca1",""
"AslGuad_d_Catch_02_Loca2","I've got him!","Я схопив його!"
"AslGuad_d_Catch_Drawer_Loca1","AslGuad_d_Catch_Drawer_Loca1",""
"AslGuad_d_Catch_Drawer_Loca2","Found you!","Знайшов!"
"AslGuad_d_Search_Enter_00_Loca1","AslGuad_d_Search_Enter_00_Loca1",""
"AslGuad_d_Search_Enter_00_Loca2","I think we've got a walker!","Схоже, тут хтось швендяє!"
"AslGuad_d_Search_Enter_01_Loca1","AslGuad_d_Search_Enter_01_Loca1",""
"AslGuad_d_Search_Enter_01_Loca2","Who's there?","Хто там?"
"AslGuad_d_Search_Enter_02_Loca1","AslGuad_d_Search_Enter_02_Loca1",""
"AslGuad_d_Search_Enter_02_Loca2","I'll go take a look.","Піду подивлюся."
"AslGuad_d_Search_Roaming_00_Loca1","AslGuad_d_Search_Roaming_00_Loca1",""
"AslGuad_d_Search_Roaming_00_Loca2","Is there anybody round here?","Хто там?"
"AslGuad_d_Search_Roaming_01_Loca1","AslGuad_d_Search_Roaming_01_Loca1",""
"AslGuad_d_Search_Roaming_01_Loca2","Come on, show yourself!","Ну ж бо, покажися!"
"AslGuad_d_Search_Roaming_02_Loca1","AslGuad_d_Search_Roaming_02_Loca1",""
"AslGuad_d_Search_Roaming_02_Loca2","I saw something over there.","Я щось бачив там."
"AslGuad_d_Suspicious_Enter_00_Loca1","AslGuad_d_Suspicious_Enter_00_Loca1",""
"AslGuad_d_Suspicious_Enter_00_Loca2","What...?","Що...?"
"AslGuad_d_Suspicious_Enter_01_Loca1","AslGuad_d_Suspicious_Enter_01_Loca1",""
"AslGuad_d_Suspicious_Enter_01_Loca2","Hm hmm?","Хмм?"
"AslGuad_d_Suspicious_Enter_02_Loca1","AslGuad_d_Suspicious_Enter_02_Loca1",""
"AslGuad_d_Suspicious_Enter_02_Loca2","Huh?","Га?"
"AslGuad_d_Vigilant_Enter_00_Loca1","AslGuad_d_Vigilant_Enter_00_Loca1",""
"AslGuad_d_Vigilant_Enter_00_Loca2","You won't get away that easy.","Тобі це так просто не минеться."
"AslGuad_d_Vigilant_Enter_01_Loca1","AslGuad_d_Vigilant_Enter_01_Loca1",""
"AslGuad_d_Vigilant_Enter_01_Loca2","Wait till I get my hands on you...","Зачекай, тільки-но я до тебе доберуся..."
"AslGuad_d_Vigilant_Enter_02_Loca1","AslGuad_d_Vigilant_Enter_02_Loca1",""
"AslGuad_d_Vigilant_Enter_02_Loca2","There's somebody there. I know it.","Там хтось є. Я впевнений."
"AslGuad_d_Vigilant_Roaming_00_Loca1","AslGuad_d_Vigilant_Roaming_00_Loca1",""
"AslGuad_d_Vigilant_Roaming_00_Loca2","I'll find you sooner or later.","Я знайду тебе рано чи пізно."
"AslGuad_d_Vigilant_Roaming_01_Loca1","AslGuad_d_Vigilant_Roaming_01_Loca1",""
"AslGuad_d_Vigilant_Roaming_01_Loca2","You'll regret not showing yourself.","Дарма ховаєшся. Ще пожалкуєш про це."
"AslGuad_d_Vigilant_Roaming_02_Loca1","AslGuad_d_Vigilant_Roaming_02_Loca1",""
"AslGuad_d_Vigilant_Roaming_02_Loca2","There's no way out... Show yourself!","Звідси не втікти... Покажися!"
"GEN_AboutFakeDoor_Loca1","GEN_AboutFakeDoor_Loca1",""
"GEN_AboutFakeDoor_Loca2","Locked…","Замкнено..."
"GEN_BlockInteract_1_Loca1","GEN_BlockInteract_1_Loca1",""
"GEN_BlockInteract_1_Loca2","Not now.","Не зараз."
"GEN_BlockInteract_2_Loca1","GEN_BlockInteract_2_Loca1",""
"GEN_BlockInteract_2_Loca2","This isn’t the time right now.","Зараз не час для цього."
"GEN_BlockInteract_3_Loca1","GEN_BlockInteract_3_Loca1",""
"GEN_BlockInteract_3_Loca2","No, not now!","Ні, тільки не зараз!"
"GEN_BlockInteract_4_Loca1","GEN_BlockInteract_4_Loca1",""
"GEN_BlockInteract_4_Loca2","I don’t have time for this.","Немає на це часу."
"GEN_GunMiss_01_Loca1","GEN_GunMiss_01_Loca1",""
"GEN_GunMiss_01_Loca2","Damn !","Чорт!"
"GEN_GunMiss_02_Loca1","GEN_GunMiss_02_Loca1",""
"GEN_GunMiss_02_Loca2","(swears)","(лається)"
"GEN_GunOutOfAmmo_01_Loca1","GEN_GunOutOfAmmo_01_Loca1",""
"GEN_GunOutOfAmmo_01_Loca2","Empty…","Порожньо..."
"GEN_GunOutOfAmmo_02_Loca1","GEN_GunOutOfAmmo_02_Loca1",""
"GEN_GunOutOfAmmo_02_Loca2","Damnit!","Прокляття!"
"GEN_Leviathan_BodyIn_01_Loca1","GEN_Leviathan_BodyIn_01_Loca1",""
"GEN_Leviathan_BodyIn_01_Loca2","See.","Дивись."
"GEN_Leviathan_BodyIn_02_Loca1","GEN_Leviathan_BodyIn_02_Loca1",""
"GEN_Leviathan_BodyIn_02_Loca2","Observe.","Спостерігай."
"GEN_Leviathan_BodyIn_03_Loca1","GEN_Leviathan_BodyIn_03_Loca1",""
"GEN_Leviathan_BodyIn_03_Loca2","Contemplate.","Споглядай."
"GEN_Leviathan_BodyIn_04_Loca1","GEN_Leviathan_BodyIn_04_Loca1",""
"GEN_Leviathan_BodyIn_04_Loca2","See throught her eyes.","Дивись її очима."
"GEN_Leviathan_BodyIn_05_Loca1","GEN_Leviathan_BodyIn_05_Loca1",""
"GEN_Leviathan_BodyIn_05_Loca2","What can you see ?","Що ти бачиш?"
"GEN_Lockpick_Fail_Loca1","GEN_Lockpick_Fail_Loca1",""
"GEN_Lockpick_Fail_Loca2","This padlock is too complicated for me...","Цей замок занадто складний для мене..."
"GEN_Lockpick_Success_Loca1","GEN_Lockpick_Success_Loca1",""
"GEN_Lockpick_Success_Loca2","Perfect.","Чудово."
"GEN_Lockpick_TryAgainAfterFail_Loca1","GEN_Lockpick_TryAgainAfterFail_Loca1",""
"GEN_Lockpick_TryAgainAfterFail_Loca2","It's no use; the padlock won't give...","Дідько, не вдалося зламати замок..."
"GEN_Lockpick_TryOpposite_Loca1","GEN_Lockpick_TryOpposite_Loca1",""
"GEN_Lockpick_TryOpposite_Loca2","The door is blocked on the other side...","Двері заблоковані з протилежного боку..."
"GEN_MalleusMonstrorum_01_Loca1","GEN_MalleusMonstrorum_01_Loca1",""
"GEN_MalleusMonstrorum_01_Loca2","iorem ipsum","iorem ipsum"
"GEN_MedicineBooks_Loca1","GEN_MedicineBooks_Loca1",""
"GEN_MedicineBooks_Loca2","Will this prove helpful?","Чи буде це корисно?"
"GEN_MedicineBooks_Loca3","I might need this knowledge...","Можливо, ці знання стануть у пригоді..."
"GEN_MedicineBooks_Loca4","Let's see...","Подивимось..."
"GEN_MedicineBooks_Loca6","hmm","Хмм"
"GEN_OutOfOil_Loca1","GEN_OutOfOil_Loca1",""
"GEN_OutOfOil_Loca2","Damn it...","Трясця..."
"GEN_VariousReactions_Loca1","GEN_VariousReactions_Loca1",""
"GEN_VariousReactions_Loca2","What the...","Що за..."
"GEN_VariousReactions_Loca3","Dammit!","Бляха!"
"GEN_VariousReactions_Loca4","No, no, no!","Ні, ні, ні!"
"GEN_VariousReactions_Loca5","That's impossible!","Це не можливо!"
"GEN_VariousReactions_Loca6","Am I crazy?","Я божеволію?"
"GEN_VariousReactions_Loca7","This is insane....","Це безумство..."
"GEN_VariousReactions_Loca8","(panicking and running)","(панікує і тікає)"
"M01S03_CIN_SUB_Prologue_Loca1","M01S03_CIN_SUB_Prologue_Loca1",""
"M01S03_CIN_SUB_Prologue_Loca2","If I am mad, it is mercy.","Якщо я сказився, то це милосердя."
"M01S03_CIN_SUB_Prologue_Loca3","May the gods pity the man who in his callousness, can remain sane to the hideous end.","Нехай боги змилуються над тим, хто у своїй бездушності здатен зберегти розсудливість аж до страшного кінця."
"M01S03_MON_BeginPlay_Loca1","M01S03_MON_BeginPlay_Loca1",""
"M01S03_MON_BeginPlay_Loca2","What is this place?","Що це за місце?"
"M01S03_MON_BeginPlay_Loca3","And this smell!","І цей запах!"
"M01S03_MON_BigRoom_Loca1","M01S03_MON_BigRoom_Loca1",""
"M01S03_MON_BigRoom_Loca4","Don't fight. You've been chosen.","Не пручайся. Тебе обрали."
"M01S03_MON_ChainedDoor_Loca1","M01S03_MON_ChainedDoor_Loca1",""
"M01S03_MON_ChainedDoor_Loca3","M01S03_MON_ChainedDoor_Loca3",""
"M01S03_MON_ChainedDoor_Loca5","I have to break this chain.","Я повинен розірвати цей ланцюг."
"M01S03_MON_ChainedDoor_Loca4","M01S03_MON_ChainedDoor_Loca4",""
"M01S03_MON_ChainedDoor_Loca6","Won't go through 'til I've gotten rid of this chain.","Не пройду, доки не позбудуся цього ланцюга."
"M01S03_MON_ChainedDoor_Loca2","This heavy chain keeps the gate locked.","Цей важкий ланцюг тримає ворота зачиненими."
"M01S03_MON_DarkRoom_Loca1","M01S03_MON_DarkRoom_Loca1",""
"M01S03_MON_DarkRoom_Loca2","Without light, I won't see much.","Без світла я не побачу багато."
"M01S03_MON_EnterBigRoom_Loca1","M01S03_MON_EnterBigRoom_Loca1",""
"M01S03_MON_EnterBigRoom_Loca4","In my wake, pulled along. Fate inescapably draws you on.","За мною — твій шлях, тебе тягне нездоланна течія. Доля невблаганно веде тебе вперед."
"M01S03_MON_FirstRoom_Loca1","M01S03_MON_FirstRoom_Loca1",""
"M01S03_MON_FirstRoom_Loca2","This stench!","Цей сморід!"
"M01S03_MON_ZoneOrca_Loca1","M01S03_MON_ZoneOrca_Loca1",""
"M01S03_MON_ZoneOrca_Loca4","What a putrid offering.","Яка жалюгідна пропозиція."
"M01S05_AMB_WebsterBeforeLeaving_Loca1","M01S05_AMB_WebsterBeforeLeaving_Loca1",""
"M01S05_AMB_WebsterBeforeLeaving_Loca2","Thank you, Mr Pierce. I didn't expect any less coming from a man in your situation.","Дякувати тобі, містере Пірсе. Я не сподівався на менше від людини у твоєму становищі."
"M01S05_AMB_WebsterLeaves_Loca1","M01S05_AMB_WebsterLeaves_Loca1",""
"M01S05_AMB_WebsterLeaves_Loca2","I wish you luck, Edward Pierce.","Зичу вам удачі, Едварде Пірсе."
"M01S05_AMB_WebsterLeaves_Loca3","Luck and myself, we are not particularly suited.","Удача та я, ми не дуже підходимо одне одному."
"M01S05_CIN_PresentsObjectives_Loca1","M01S05_CIN_PresentsObjectives_Loca1",""
"M01S05_CIN_PresentsObjectives_Loca2","That's all you've got? A painting?","Це все, що у вас є? Картина?"
"M01S05_CIN_PresentsObjectives_Loca3","I placed a file on your desk. It contains everything I have on the affair.","Я поклав файли на вашому столі. Вони містить усе, що я маю про цю справу."
"M01S05_CIN_WebsterLeaves_Loca1","M01S05_CIN_WebsterLeaves_Loca1",""
"M01S05_CIN_WebsterLeaves_Loca3","Something's queer, but it’s not like I have a choice.","Це підозріло, але в мене немає вибору."
"M01S05_CIN_WebsterPartI_Loca1","M01S05_CIN_WebsterPartI_Loca1",""
"M01S05_CIN_WebsterPartI_Loca5","Mister Pierce? Are you still with me?","Містере Пірсе? Ви ще зі мною?"
"M01S05_CIN_WebsterPartI_Loca11","I'm coming.","Я йду."
"M01S05_CIN_WebsterPartI_Loca6","Sir, I came here on the advice of a person whom I hold in high esteem. And I must say that I expected anything but a drunkard’s lair.","Сер, я прийшов сюди за порадою особи, яку я дуже поважаю. І мушу сказати, що я очікував чого завгодно, але не пияцького лігва."
"M01S05_CIN_WebsterPartI_Loca7","You're free to leave anytime, Sir.","Вас тут ніхто не тримає, сер."
"M01S05_CIN_WebsterPartI_Loca8","Do you know to whom you speak?","Ви хоч знаєте із ким говорите?"
"M01S05_CIN_WebsterPartI_Loca9","Stephen Webster. Industrialist and art collector. All of Boston knows you.","Стівен Вебстер. Промисловець і колекціонер мистецтва. Весь Бостон знає вас."
"M01S05_CIN_WebsterPartI_Loca10","Tell me, mister Pierce…","Розкажіть мені, містере Пірсе..."
"M01S05_CIN_WebsterPartII_Loca1","M01S05_CIN_WebsterPartII_Loca1",""
"M01S05_CIN_WebsterPartII_Loca3","I want you to look carefully at this painting. Tell me all the assumptions that come to mind.","Я хочу, щоб ви уважно подивилися на цю картину. Скажіть мені все, що спадає вам на думку."
"M01S05_CIN_WebsterPartII_Loca4","What am I supposed to find?","Що я по-вашому повинен розбачити?"
"M01S05_CIN_WebsterPartII_Loca5","Tell me if this is the work of madness.","Скажіть мені, чи це божевільна робота."
"M01S05_CIN_WebsterPartII_Loca9","Or if on the contrary you manage to detect some logic, a rationality to follow so that I may understand it.","Або якщо навпаки, ви зможете виявити якусь логіку, раціональність, щоб я міг зрозуміти це."
"M01S05_CIN_WebsterPartII_Loca6","Is that all you want from me?","І це все, що ви хочете від мене?"
"M01S05_CIN_WebsterPartII_Loca7","Yes. Please.","Так. Будь ласка."
"M01S05_CIN_WebsterPartII_Loca8","Alright. I'll look at your picture.","Що ж. Я подивлюся на вашу картину."
"M01S05_INT_Character_Creation01_Loca1","M01S05_INT_Character_Creation01_Loca1",""
"M01S05_INT_Character_Creation01_Loca16","I'm listening.","Я слухаю."
"M01S05_INT_Character_Creation01_Loca15","Are you Edward Pierce, private investigator contracted by the Wentworth Detective Agency?","Едвард Пірс, це ж ви приватний детектив, якого найняли Детективне Агентство «Вентворт»?"
"M01S05_INT_Character_Creation01_Loca17","That's correct.","Він самий."
"M01S05_INT_Character_Creation01_Loca19","Hello Mr Pierce. I'm Lucy Sherefield, in charge of investigators over at Wentworth.","Вітаю, містере Пірс. Я Люсі Шерфілд, я опікуюся детективами, які працюють на агентство «Вентворт»."
"M01S05_INT_Character_Creation01_Loca20","I'm calling because of a problem with your file. A fire has destroyed some of our documents.","Я дзвоню, тому що у нас проблема з вашими документами. Під час пожежі частина наших документів була знищена."
"M01S05_INT_Character_Creation01_Loca21","Is that right?","Справді?"
"M01S05_INT_Character_Creation01_Loca22","I'm so very sorry, but I have to collect your personal information yet again.","Мені так прикро, але мені знову доведеться зібрати ваші особисті дані."
"M01S05_INT_Character_Creation02_Loca1","M01S05_INT_Character_Creation02_Loca1",""
"M01S05_INT_Character_Creation02_Loca3","Thank you for this information, Mr Pierce. Our files will soon be up to date.","Дякую за цю інформацію, містере Пірс. Наші архіви скоро будуть оновлені."
"M01S05_INT_Character_Creation02_Loca16","And, on a related matter, may I raise a sensitive question?","І якщо вже ми розмовляємо, чи можу я порушити одне делікатне питання?"
"M01S05_INT_Character_Creation02_Loca2","What's wrong?","Щось не так?"
"M01S05_INT_Character_Creation02_Loca4","As you know, we wish to closely monitor the progress of our contractors.","Як ви знаєте, ми хочемо ретельно відстежувати роботу наших підрядників."
"M01S05_INT_Character_Creation02_Loca17","And it would seem you've been accepting fewer new cases.","І, здається, ви стали брати менше нових справ."
"M01S05_INT_Character_Creation02_Loca9","Work is scarce.","Роботи небагато."
"M01S05_INT_Character_Creation02_Loca13","Mr Pierce, you know as well as I do there's never been more investigative work than now.","Містере Пірс, ви ж знаєте так само добре, як і я: ще ніколи не було стільки роботи для детективів, як зараз."
"M01S05_INT_Character_Creation02_Loca19","But are those cases worth it?","Але чи вони чогось варті?"
"M01S05_INT_Character_Creation02_Loca18","They're worth not losing your licence.","Вони варті того, щоб не втратити ліцензію."
"M01S05_INT_Character_Creation02_Loca14","Show yourself worthy of the Wentworth Detective Agency and we might keep you on the payroll.","Доведіть, що ви гідні працювати у Детективному Агентстві «Вентворт» — і, можливо, ми залишимо вас у штаті."
"M01S05_INT_GlassOfWhisky_Loca1","M01S05_INT_GlassOfWhisky_Loca1",""
"M01S05_INT_GlassOfWhisky_Loca24","M01S05_INT_GlassOfWhisky_Loca24",""
"M01S05_INT_GlassOfWhisky_Loca25","M01S05_INT_GlassOfWhisky_Loca25",""
"M01S05_INT_GlassOfWhisky_Loca26","M01S05_INT_GlassOfWhisky_Loca26",""
"M01S05_INT_GlassOfWhisky_Loca3","M01S05_INT_GlassOfWhisky_Loca3",""
"M01S05_INT_GlassOfWhisky_Loca4","[Have a drink]","[Випити]"
"M01S05_INT_GlassOfWhisky_Loca5","[Don't drink]","[Не пити]"
"M01S05_INT_GlassOfWhisky_Loca9","M01S05_INT_GlassOfWhisky_Loca9",""
"M01S05_INT_GlassOfWhisky_Loca10","[Have a drink]","[Випити]"
"M01S05_INT_GlassOfWhisky_Loca12","[Don't drink]","[Не пити]"
"M01S05_INT_GlassOfWhisky_Loca16","M01S05_INT_GlassOfWhisky_Loca16",""
"M01S05_INT_GlassOfWhisky_Loca17","[Have a drink]","[Випити]"
"M01S05_INT_GlassOfWhisky_Loca19","[Don't drink]","[Не пити]"
"M01S05_INT_ReadBookIslands_Loca1","M01S05_INT_ReadBookIslands_Loca1",""
"M01S05_INT_ReadBookIslands_Loca13","Would you like to look at this book?","Хочете поглянути на цю книгу?"
"M01S05_INT_ReadBookIslands_Loca2","M01S05_INT_ReadBookIslands_Loca2",""
"M01S05_INT_ReadBookIslands_Loca4","Yes","Так"
"M01S05_INT_ReadBookIslands_Loca5","No","Ні"
"M01S05_INT_Webster_01_Loca1","M01S05_INT_Webster_01_Loca1",""
"M01S05_INT_Webster_01_Loca236","Are you capable of handling a new case or are you simply a dead-beat inebriate?","Вам під силу нова справа, чи ви просто ледачий п’яниця?"
"M01S05_INT_Webster_01_Loca327","If you’ve come to me, it means you’re desperate.","Раз ви прийшли до мене — значить, ви у відчаї."
"M01S05_INT_Webster_01_Loca328","Nobody believes me! They take me for an old fool!","Ніхто мені не вірить! Усі вважають мене старим дурнем!"
"M01S05_INT_Webster_01_Loca330","Sarah, my little girl. She is dead.","Сара, моя дівчинка. Вона мертва."
"M01S05_INT_Webster_01_Loca339","Even you must know of her: she was Sarah Hawkins.","Навіть ви мусите про неї знати: це була Сара Гокінс."
"M01S05_INT_Webster_01_Loca340","The painter? Yes, everyone knows her work.","Художниця? Так, всі знають її роботи."
"M01S05_INT_Webster_01_Loca334","The police accuse her of killing her family.","Поліція звинувачує її у вбивстві власної сім’ї."
"M01S05_INT_Webster_01_Loca341","They all died in a fire. Sarah, her husband and Simon, my grandson.","Усі вони загинули у пожежі. Сара, її чоловік і Саймон, мій онук."
"M01S05_INT_Webster_01_Loca329","I can't do anything for a woman who is already dead.","Я нічим не можу допомогти жінці, яка вже мертва."
"M01S05_INT_Webster_01_Loca319","Find out the truth. They say she was mad, but I know that's a lie.","З’ясуйте правду. Кажуть, вона збожеволіла, але я знаю — це брехня."
"M01S05_INT_Webster_01_Loca342","She would never have done such a thing.","Вона ніколи б не зробила такого."
"M01S05_INT_Webster_01_Loca337","But if you have no proof…","Але якщо у вас немає доказів..."
"M01S05_INT_Webster_01_Loca214","I've brought all that I have. Look.","Я приніс усе, що маю. Подивіться."
"M01S05_INT_Webster_02_Loca1","M01S05_INT_Webster_02_Loca1",""
"M01S05_INT_Webster_02_Loca153","M01S05_INT_Webster_02_Loca153",""
"M01S05_INT_Webster_02_Loca154","Take your time to look at what I brought you, Mr Pierce.","Не поспішайте, уважно дослідіть те, що я вам приніс, містере Пірс."
"M01S05_INT_Webster_02_Loca50","So, Mr Pierce, what do you make of these elements?","Тож, містере Пірс, що ви думаєте про ці матеріали?"
"M01S05_INT_Webster_02_Loca53","M01S05_INT_Webster_02_Loca53",""
"M01S05_INT_Webster_02_Loca55","You shouldn’t take this painting lightly.","Не слід недооцінювати цю картину."
"M01S05_INT_Webster_02_Loca86","The meaning could be exactly as it appears.","Її зміст може бути саме таким, яким здається."
"M01S05_INT_Webster_02_Loca119","I think your daughter is sending you a message.","Думаю, ваша донька намагається вам на щось натякнути."
"M01S05_INT_Webster_02_Loca120","That's what I believe too. It was three months ago that I received the call from the police telling me of my daughters death.","Я теж так вважаю. Три місяці тому мені подзвонила поліція і повідомила про її смерть."
"M01S05_INT_Webster_02_Loca174","And yet a short while after, this painting was delivered to my home.","А вже за деякий час після того цю картину доставили до мого дому."
"M01S05_INT_Webster_02_Loca176","The painting is linked to this case, can't you see? You must find the meaning behind all this.","Ця картина пов’язана зі справою, хіба ви не бачите? Ви повинні з'ясувати її значення."
"M01S05_INT_Webster_02_Loca175","M01S05_INT_Webster_02_Loca175",""
"M01S05_INT_Webster_02_Loca167","You’re asking the wrong guy.","Ви звернулися не за тою адресою."
"M01S05_INT_Webster_02_Loca168","I'm a private investigator, not an art critic.","Я приватний детектив, а не мистецтвознавець."
"M01S05_INT_Webster_02_Loca178","I guess you're not as clever as you think, then.","Виходить, ви не такий кмітливий, як про себе думаєте."
"M01S05_INT_Webster_02_Loca180","M01S05_INT_Webster_02_Loca180",""
"M01S05_INT_Webster_02_Loca56","Where did Sarah Hawkins live?","Де жила Сара Гокінс?"
"M01S05_INT_Webster_02_Loca87","Darkwater. Never heard of the place. Where is that?","Дарквотер. Ніколи не чув про таке місце. Де це?"
"M01S05_INT_Webster_02_Loca177","It's a small, remote island off the coast of Boston. Sarah lived there with her son and her husband.","Це маленький віддалений острів біля узбережжя Бостона. Сара жила там зі своїм сином і чоловіком."
"M01S05_INT_Webster_02_Loca183","I suppose you want to ship me off there.","Гадаю, ви хочете, щоб я туди відправився."
"M01S05_INT_Webster_02_Loca182","Darkwater holds the secret regarding my daughter, Mr Pierce. You must uncover it.","Дарквотер зберігає таємницю, пов’язану з моєю дочкою, містере Пірс. Ви мусите розкрити її."
"M01S05_INT_Webster_02_Loca90","M01S05_INT_Webster_02_Loca90",""
"M01S05_INT_Webster_02_Loca161","[Find out about warehouse 36]","[Дізнатися про склад 36]"
"M01S05_INT_Webster_02_Loca162","The sender's label mentions ""Warehouse 36"".","На етиКітці відправника вказано «Склад 36»."
"M01S05_INT_Webster_02_Loca209","That's right. It came with Sarah's last painting.","Так. Вона була наклеєна на останній картині Сари."
"M01S05_INT_Webster_02_Loca216","And you think your daughter could have been the sender.","І ви думаєте, що відправницею могла бути ваша донька?"
"M01S05_INT_Webster_02_Loca217","That is what you must find out.","Саме це ви й повинні з’ясувати."
"M01S05_INT_Webster_02_Loca218","Go to Darkwater. Find warehouse 36.","Відправляйтеся до Дарквотера. Знайдіть склад 36."
"M01S05_INT_Webster_02_Loca187","M01S05_INT_Webster_02_Loca187",""
"M01S05_INT_Webster_02_Loca181","Something’s not right with this story…","У цій історії щось не сходиться..."
"M01S05_INT_Webster_02_Loca185","Her husband was a big deal on the island. But the police are sticking to the accident theory. Though they mention Sarah's mental state was fragile.","Її чоловік був важливою фігурою на острові. Але поліція наполягає на версії нещасного випадку. Хоча й зазначає, що психічний стан Сари був хитким."
"M01S05_INT_Webster_02_Loca199","I believe you are right, sir. This case is not as simple as it appears.","Слушна думка, сер. Ця справа не така проста, як здається."
"M01S05_INT_Webster_02_Loca198","I am aware of that.","Це і так зрозуміло."
"M01S05_INT_Webster_02_Loca200","I believe there is more to this case than just an accident.","Я вірю, що в цій справі є щось більше, ніж просто нещасний випадок."
"M01S05_INT_Webster_02_Loca186","M01S05_INT_Webster_02_Loca186",""
"M01S05_INT_Webster_02_Loca190","I read about her ""mental fragility"" in the police report.","Я читав про її «хиткий психічний стан» у поліцейському звіті."
"M01S05_INT_Webster_02_Loca191","You must tell me if what the police suggest about the mental state of your daughter is true.","Ви повинні сказати мені, чи правда те, що поліція пише про психічний стан вашої доньки."
"M01S05_INT_Webster_02_Loca192","No! Sarah had visions. Everyone knew that.","Ні! У Сари були видіння. Усі це знали."
"M01S05_INT_Webster_02_Loca193","She never would have hurt a fly. She only thought she saw things.","Вона й мухи б не зачепила. Тільки їй здавалося, що вона бачить різні речі."
"M01S05_INT_Webster_02_Loca194","Saw things""? What do you mean by that?","«Бачила різні речі»? І як це трактувати?"
"M01S05_INT_Webster_02_Loca195","I never knew what she meant by that.","Уявлення немаю, що саме вона мала на увазі."
"M01S05_INT_Webster_02_Loca196","My daughter was an enigmatic figure, Mr Pierce. You must find out the truth about her life and death.","Моя дочка була загадковою постаттю, містере Пірс. Ви повинні з’ясувати правду про її життя і смерть."
"M01S05_INT_Webster_02_Loca197","M01S05_INT_Webster_02_Loca197",""
"M01S05_INT_Webster_02_Loca212","That’s all the information I need.","Це вся інформація, яка мені потрібна."
"M01S05_INT_Webster_02_Loca213","I think I'm beginning to understand.","Здається, я починаю розуміти."
"M01S05_INT_Webster_02_Loca214","M01S05_INT_Webster_02_Loca214",""
"M01S05_INT_Webster_02_Loca106","I'm willing to do anything for my daughter to recover her honor.","Я зроблю все, щоб відновити добре ім'я дочки."
"M01S05_INT_Webster_02_Loca201","Quiet down, I'm on your side. Let's sum things up.","Заспокойтесь, я на вашому боці. Давайте підсумуємо."
"M01S05_INT_Webster_02_Loca202","An artist dies with her family in a house fire.","Художниця гине разом із сім’єю під час пожежі в будинку."
"M01S05_INT_Webster_02_Loca211","Your only clue is a sort of premonitory painting sent from Darkwater right before her death.","Єдина зачіпка — картина з натяком на майбутнє, яку відправили з Дарквотера перед її смертю."
"M01S05_INT_Webster_02_Loca203","Correct. And the rumors about her supposed folly.","Вірно. І чутки про її нібито божевілля."
"M01S05_INT_Webster_02_Loca204","Which you don't totally deny.","Які ви й самі не зовсім заперечуєте."
"M01S05_INT_Webster_02_Loca205","Find that warehouse. Find out the truth regarding Sarah Hawkins's death. You'll be handsomely compensated.","Знайдіть цей склад. Дізнайтеся правду про смерть моєї дочки. І ви отримаєте щедру винагороду."
"M01S05_INT_Webster_02_Loca207","Alright, I'll take the case. I'll go to Darkwater and look into the death of your daughter.","Гаразд, я берусь за цю справу. Вирушаю до Дарквотеру і розслідуватиму смерть вашої доньки."
"M01S05_MON_AboutDarkwater_Loca1","M01S05_MON_AboutDarkwater_Loca1",""
"M01S05_MON_AboutDarkwater_Loca2","Darkwater. I think I've got a book on the North Atlantic.","Дарквотер. Здається, у мене є книга про Північну Атлантику."
"M01S05_MON_AboutDarkwater_Loca3","I'll no doubt find some information on this island in there.","Без сумніву, я знайду там якусь інформацію про цей острів."
"M01S05_MON_AboutDiploma_Loca1","M01S05_MON_AboutDiploma_Loca1",""
"M01S05_MON_AboutDiploma_Loca5","The Wentworth Agency doesn't attract top-notch cases.","Агентство Вентворт не приваблює клієнтів вищого статусу."
"M01S05_MON_AboutDoor_Loca1","M01S05_MON_AboutDoor_Loca1",""
"M01S05_MON_AboutDoor_Loca2","I have business here to attend to.","Я ще не всі справи тут завершив."
"M01S05_MON_AboutHawkinsFile_Loca1","M01S05_MON_AboutHawkinsFile_Loca1",""
"M01S05_MON_AboutHawkinsFile_Loca2","A warehouse on Darkwater, some sketches of the Hawkins family... Rather thin.","Склад у Дарквотері, кілька ескізів родини Гокінсів... Досить біднувато."
"M01S05_MON_AboutMap_Loca1","M01S05_MON_AboutMap_Loca1",""
"M01S05_MON_AboutMap_Loca2","I should get rid of all this stuff.","Мені слід позбутися всього цього мотлоху."
"M01S05_MON_AboutPainting_Loca1","M01S05_MON_AboutPainting_Loca1",""
"M01S05_MON_AboutPainting_Loca5","M01S05_MON_AboutPainting_Loca5",""
"M01S05_MON_AboutPainting_Loca2","What's this symbol on the man's chest?","Що це за символ на грудях чоловіка?"
"M01S05_MON_AboutPainting_Loca9","It's as if Sarah Hawkins breathed a message into it.","Наче Сара Гокінс вдихнула у свою картину якесь послання."
"M01S05_MON_AboutPainting_Loca4","M01S05_MON_AboutPainting_Loca4",""
"M01S05_MON_AboutPainting_Loca3","Its strange beauty isn't enough to hide the feeling of dread it carries.","Її дивна краса не може приховати відчуття жаху, яку вона несе"
"M01S05_MON_AboutPicture_Loca1","M01S05_MON_AboutPicture_Loca1",""
"M01S05_MON_AboutPicture_Loca2","''The Lost Battalion''. Holding your position and obeying orders. That isn't courage.","«Загублений батальйон». Утримувати позиції й підкорятися наказам — це ще не мужність."
"M01S05_MON_Bookshelf01_Loca1","M01S05_MON_Bookshelf01_Loca1",""
"M01S05_MON_Bookshelf01_Loca2","I used to be an avid reader.","Колись я був запеклим читачем."
"M01S05_MON_Bookshelf02_Loca1","M01S05_MON_Bookshelf02_Loca1",""
"M01S05_MON_Bookshelf02_Loca2","Natural sciences, linguistics, archeology…","Природні науки, лінгвістика, археологія..."
"M01S05_MON_Case01_Loca1","M01S05_MON_Case01_Loca1",""
"M01S05_MON_Case01_Loca2","Married woman runs off with her girlfriend. The husband couldn’t understand it.","Заміжня жінка тікає зі своєю дівчиною. Чоловік не міг зрозуміти цього."
"M01S05_MON_Case02_Loca1","M01S05_MON_Case02_Loca1",""
"M01S05_MON_Case02_Loca2","A good old story of blackmail in a speakeasy.","Стара добра історія шантажу в підпільному барі."
"M01S05_MON_DetectiveDiary_Loca1","M01S05_MON_DetectiveDiary_Loca1",""
"M01S05_MON_DetectiveDiary_Loca2","Been a while since I jotted down something other than my nightmares.","Пройшов тривалий час, відколи я занотував щось інше, аніж мої кошмари."
"M01S05_MON_GoToFilesFirst_Loca1","M01S05_MON_GoToFilesFirst_Loca1",""
"M01S05_MON_GoToFilesFirst_Loca2","I have matters to attend to before I set off.","Я маю справи, якими потрібно зайнятися, перш ніж вирушити."
"M01S05_MON_LeaveOffice_Loca1","M01S05_MON_LeaveOffice_Loca1",""
"M01S05_MON_LeaveOffice_Loca2","All I have to do is to go to the port. I just hope that I can find a boat able to take me to Darkwater.","Все, що я маю зробити, це піти до порту. Я просто сподіваюся, що зможу знайти човен, який зможе відвезти мене до Дарквотера."
"M01S05_MON_Pills_Loca1","M01S05_MON_Pills_Loca1",""
"M01S05_MON_Pills_Loca2","I wonder why I still take these things.","Я дивуюсь, чому я все ще тягну ці речі?"
"M01S05_MON_ReadBookIslands_Loca1","M01S05_MON_ReadBookIslands_Loca1",""
"M01S05_MON_ReadBookIslands_Loca2","Darkwater is off the coast of Boston. But I've never heard of it.","Дарквотер знаходиться біля узбережжя Бостона. Але я ніколи не чув про це."
"M01S05_MON_ReadBookIslands_Loca3","According to this book, it was often mentioned during whale hunting times, at the end of the 19th century, but it seems to have been shunned since then.","Згідно цієї книги, вона часто згадувалася під час полювання на китів, наприкінці 19 століття, але з тих пір, здається, була відкинута."
"M01S05_MON_RudeAwakening_Loca1","M01S05_MON_RudeAwakening_Loca1",""
"M01S05_MON_RudeAwakening_Loca2","Ah!","Ах!"
"M01S05_MON_RudeAwakening_Loca8","I hate whiskey.","Я ненавиджу віскі."
"M01S05_MON_Sofa_Loca1","M01S05_MON_Sofa_Loca1",""
"M01S05_MON_Sofa_Loca2","Been too long since I've slept in a bed.","Занадто довго я спав у ліжку."
"M02S08_AMB_AngryCatVsSmugglers_Loca1","M02S08_AMB_AngryCatVsSmugglers_Loca1",""
"M02S08_AMB_AngryCatVsSmugglers_Loca6","Well, well. Is it time for a break?","Добре, добре. Чи не настав час на перерву?"
"M02S08_AMB_AngryCatVsSmugglers_Loca4","One of those damn sailors came looking for trouble again.","Один з цих клятих моряків знову прийшов шукати неприємностей."
"M02S08_AMB_AngryCatVsSmugglers_Loca7","But he won't try again anytime soon!","Але він не наважиться спробувати знову найближчим часом!"
"M02S08_AMB_AngryCatVsSmugglers_Loca11","I gave him a good hiding.","Я дав йому добру прочуханку."
"M02S08_AMB_AngryCatVsSmugglers_Loca5","We gave him a good hiding.","""Ми"" дали йому добру прочуханку."
"M02S08_AMB_AngryCatVsSmugglers_Loca2","Glad to hear it!","Радий чути це!"
"M02S08_AMB_AngryCatVsSmugglers_Loca10","That fool Fitzroy can't keep his dogs on a leash... I'll have to send him a more clear-cut message.","Цей дурний Фіцрой не може тримати своїх собак на повідку... Мені доведеться надіслати йому більш чітке повідомлення."
"M02S08_AMB_AsylumStaff_Loca1","M02S08_AMB_AsylumStaff_Loca1",""
"M02S08_AMB_AsylumStaff_Loca2","And then he said, ""You have no right to treat us like this!","І тоді він сказав ""Ви не маєте права так з нами поводитися!"""
"M02S08_AMB_AsylumStaff_Loca3","And the doctor? What did he say?","А доктор? Що він сказав?"
"M02S08_AMB_AsylumStaff_Loca4","He laughed.","Він засміявся."
"M02S08_AMB_AsylumStaff_Loca5","My God.","Боже."
"M02S08_AMB_AsylumStaff_Loca6","You said it.","І не кажи."
"M02S08_AMB_AsylumStaff02_Loca1","M02S08_AMB_AsylumStaff02_Loca1",""
"M02S08_AMB_AsylumStaff02_Loca2","She will do it again, you know.","Вона зробить це знов, знаєте."
"M02S08_AMB_AsylumStaff02_Loca3","Who?","Хто?"
"M02S08_AMB_AsylumStaff02_Loca4","The girl doctor. Colden. She won’t stop asking.","Дівчинка докторки. Колден. Вона не перестане розпитувати."
"M02S08_AMB_AsylumStaff02_Loca5","Not that again! She will get us into trouble!","Тільки не це знов. Вона потрапить у неприємності!"
"M02S08_AMB_AsylumStaff02_Loca6","I know, I know.","Я знаю, я знаю."
"M02S08_AMB_BradleyPoliceman01_Loca1","M02S08_AMB_BradleyPoliceman01_Loca1",""
"M02S08_AMB_BradleyPoliceman01_Loca11","Gentlemen, please, move back. Let the police do their work.","Джентльмени, будь ласка, відійдіть. Дайте поліції виконати свою роботу."
"M02S08_AMB_BradleyPoliceman01_Loca2","Hey, Sullivan, can't you go any faster?","Гей, Суліване, ти не можеш йти швидше?"
"M02S08_AMB_BradleyPoliceman01_Loca9","Have you seen how old this thing is?","Ви бачили, яка стара ця штуковина?"
"M02S08_AMB_BradleyPoliceman01_Loca12","If we force it too much, we'll break everything.","Якщо ми занадто сильно натиснемо, ми зламаємо все."
"M02S08_AMB_BradleyPoliceman01_Loca10","What a drag... OK, well, do your best.","Що за лайно... Добре, ну, постарайся."
"M02S08_AMB_BradleyPoliceman02_Loca1","M02S08_AMB_BradleyPoliceman02_Loca1",""
"M02S08_AMB_BradleyPoliceman02_Loca3","You can't do that!","Ти не зможеш це зробити!"
"M02S08_AMB_BradleyPoliceman02_Loca2","But it's only a fish!","Але це лише рибина!"
"M02S08_AMB_BradleyPoliceman02_Loca6","A fish! You've got no idea!","Рибина! Та ти не маєш уявлення!"
"M02S08_AMB_BradleyPoliceman02_Loca4","Don't bad-mouth what you don't know.","Не говори погано про те, чого не знаєш."
"M02S08_AMB_BradleyPoliceman02_Loca8","Or you'll pay for it, for sure!","Або ж ти заплатиш за це, певно що!"
"M02S08_AMB_BradleyPoliceman02_Loca5","OK, that's enough. Step back and let us do our job.","Добре, досить. Відійдіть і дайте нам виконати свою роботу."
"M02S08_AMB_Cat_DoneEnough_Loca1","M02S08_AMB_Cat_DoneEnough_Loca1",""
"M02S08_AMB_Cat_DoneEnough_Loca11","M02S08_AMB_Cat_DoneEnough_Loca11",""
"M02S08_AMB_Cat_DoneEnough_Loca10","That's how it's done.","Ось як це робиться."
"M02S08_AMB_Cat_DoneEnough_Loca9","Do I still need to hold your hand or do you think you'll get by on your own, now?","Чи потрібно мені ще тримати тебе за руку, чи ти думаєш, що впораєшся самостійно?"
"M02S08_AMB_Cat_DoneEnough_Loca4","Don't overdo it...","Не перестарайся з цим..."
"M02S08_AMB_Cat_DoneEnough_Loca5","Good. In that case, I'll leave you. I’ve done enough mothering for now.","Добре. У цьому випадку, я залишу вас. Я вже достатньо наняньчився з вами."
"M02S08_AMB_Cat_MoveObstacle_Loca1","M02S08_AMB_Cat_MoveObstacle_Loca1",""
"M02S08_AMB_Cat_MoveObstacle_Loca2","Be a gentleman and move that for me.","Буть джентльменом і пересунь це для мене."
"M02S08_AMB_Cat_MoveObstacle_Loca4","*hmf*","*хмф*"
"M02S08_AMB_Cat_OrdersToSmugglers_Loca1","M02S08_AMB_Cat_OrdersToSmugglers_Loca1",""
"M02S08_AMB_Cat_OrdersToSmugglers_Loca6","M02S08_AMB_Cat_OrdersToSmugglers_Loca6",""
"M02S08_AMB_Cat_OrdersToSmugglers_Loca4","We saw this guy poking around here.","Ми бачили цього хлопця, який тут шастав."
"M02S08_AMB_Cat_OrdersToSmugglers_Loca2","It's fine. He's with me.","Це добре. Він зі мною."
"M02S08_AMB_Cat_OrdersToSmugglers_Loca5","Okay.","Гаразд."
"M02S08_AMB_Cat_OrdersToSmugglers_Loca8","M02S08_AMB_Cat_OrdersToSmugglers_Loca8",""
"M02S08_AMB_Cat_OrdersToSmugglers_Loca9","Everything good?","Все добре?"
"M02S08_AMB_Cat_OrdersToSmugglers_Loca10","And why wouldn't everything be good?","І чому щось повинно буть не так?"
"M02S08_AMB_Cat_OrdersToSmugglers_Loca11","I don't know, I was just wondering.","Я не знаю, я просто здивувався."
"M02S08_AMB_Cat_OrdersToSmugglers_Loca12","Let us through.","Дозвольте нам пройти."
"M02S08_AMB_Cat_OrdersToSmugglers_Loca13","M02S08_AMB_Cat_OrdersToSmugglers_Loca13",""
"M02S08_AMB_CatAfterClash_Loca1","M02S08_AMB_CatAfterClash_Loca1",""
"M02S08_AMB_CatAfterClash_Loca2","Get this joker out of here... He might have a little trouble walking on his own.","Виведи цього блазня звідси... Він може мати деякі труднощі з ходьбою самостійно."
"M02S08_AMB_CatAndPierce_01_Loca1","M02S08_AMB_CatAndPierce_01_Loca1",""
"M02S08_AMB_CatAndPierce_01_Loca7","M02S08_AMB_CatAndPierce_01_Loca7",""
"M02S08_AMB_CatAndPierce_01_Loca8","You've got no problem going out... looking like that?","Ти не маєш проблем з тим, щоб вийти звідси... якщо так подивитись?"
"M02S08_AMB_CatAndPierce_01_Loca9","How sweet of you to worry about my authority.","Як мило, що ти піклуєшся про мій авторитет."
"M02S08_AMB_CatAndPierce_01_Loca10","I wouldn't be here if I was the sort of girl who'd hide away because of a black eye.","Я би не хотіла бути тут, якщо я була б такою дівчиною, хто втікає та ховається через чорне око."
"M02S08_AMB_CatAndPierce_01_Loca11","People here know who they're dealing with... They watch their step.","Люди тут знають з ким вони співпрацюють... Вони спостерігають за кроками кожного."
"M02S08_AMB_CatAndPierce_01_Loca5","M02S08_AMB_CatAndPierce_01_Loca5",""
"M02S08_AMB_CatAndPierce_01_Loca2","Nobody questions your authority, here?","Питання від невідомого - ваший авторитет, тут?"
"M02S08_AMB_CatAndPierce_01_Loca3","Nobody that's still alive.","Невідомий, хто досі залишається живим."
"M02S08_AMB_CatAndPierce_01_Loca4","The last one to have tried came limping back to the bar to ask me for a favor.","Останній, хто намагався, прикульгав до мене в паб, щоб попросити мене про послугу."
"M02S08_AMB_CatAndPierce_01_Loca13","Remember?","Пам'ятаєш?"
"M02S08_AMB_CatAndPierce_02_Loca1","M02S08_AMB_CatAndPierce_02_Loca1",""
"M02S08_AMB_CatAndPierce_02_Loca2","I was given to believe that Fitzroy stood up to you.","Я повірила, що Фіцрой підвівся для тебе."
"M02S08_AMB_CatAndPierce_02_Loca3","That dope tried to save face in front of his sailors.","Той дурень намагався зберегти обличчя перед своїми моряками."
"M02S08_AMB_CatAndPierce_02_Loca5","They revere their brave Captain as they do their old statues...","Вони поклонялись їхньому сміливому Капітану, немов вони роблять свої старі статуї..."
"M02S08_AMB_CatAndPierce_02_Loca4","But, sooner or later, all statues get buried in bird shit, and nobody cares.","Але, рано чи пізно, всі статуї втонуть у птиче лайно, і всім байдуже."
"M02S08_AMB_CatAndPierce_03_Loca1","M02S08_AMB_CatAndPierce_03_Loca1",""
"M02S08_AMB_CatAndPierce_03_Loca2","And the police? They do nothing to stop you?","А поліція? Вони нічого не роблять, щоб зупинити тебе?"
"M02S08_AMB_CatAndPierce_03_Loca3","The local cops?","Місцева поліція?"
"M02S08_AMB_CatAndPierce_03_Loca5","The cops drink like everyone else, sweetheart.","Копи випивають так само як інші, милий."
"M02S08_AMB_CatAndPierce_03_Loca6","They know where their interests lie... Apart from that pigheaded Bradley.","Вони знають де їх інтереси знаходяться... Незалежно від впертого Бредлі."
"M02S08_AMB_CatAndPierce_03_Loca7","I don't know whether to admire his stubbornness or to have pity on him.","Я не знаю, чи варто захоплюватися його впертістю або жаліти його."
"M02S08_AMB_CatComesToHelp_Loca1","M02S08_AMB_CatComesToHelp_Loca1",""
"M02S08_AMB_CatComesToHelp_Loca2","Follow me.","Йди за мною."
"M02S08_AMB_CatsCrew_Loca1","M02S08_AMB_CatsCrew_Loca1",""
"M02S08_AMB_CatsCrew_Loca6","What? Another break?","Що? Ще один перепочинок?"
"M02S08_AMB_CatsCrew_Loca2","One of those damn sailors came looking for trouble again.","Один з цих клятих моряків знову прийшов шукати неприємностей."
"M02S08_AMB_CatsCrew_Loca4","But he won't try again anytime soon. We gave him a good hiding.","Але він не наважиться спробувати знову найближчим часом. Ми добре його провчили."
"M02S08_AMB_CatsCrew_Loca3","So you said to yourselves that after such a feat, you could abandon your post?","Так ви собі сказали, що після такого подвигу можете відмовитися від своєї посади?"
"M02S08_AMB_CatsCrew_Loca7","It's just a little drink!  We taught those guys a lesson.","Це просто маленький напій! Ми провчили тих хлопців."
"M02S08_AMB_CatsCrew_Loca8","We'll return right after. It's just that standing guard in this alley makes your throat dry.","Ми повернемось відразу. Просто стояти на варті в цьому провулку сушить горло."
"M02S08_AMB_CatsCrew_Loca5","That filth Fitzroy can't keep his dogs on a leash...","Цей брудний Фіцрой не може утримувати своїх псів на повідку..."
"M02S08_AMB_CatsCrew_Loca10","I'll have to send him a more clear-cut message.","Я мушу відправити йому більш чітке повідомлення."
"M02S08_AMB_DockersAfterSmugglers_Loca1","M02S08_AMB_DockersAfterSmugglers_Loca1",""
"M02S08_AMB_DockersAfterSmugglers_Loca2","We're no longer at home on our own island!","Ми більше не вдома на нашому власному острові!"
"M02S08_AMB_DockersAfterSmugglers_Loca3","Calm down, it's not worth the effort.","Заспокійся, це не варто зусиль."
"M02S08_AMB_DockersAfterSmugglers_Loca4","I told him, that flunky, that he'll see what a real sailor has in his belly!","Я сказав йому, що він побачить, що справжній моряк має в животі!"
"M02S08_AMB_DockersAfterSmugglers_Loca6","If you continue like that, everyone will see what you've got in your belly!","Якщо ти продовжив таким чином, кожен побаче що ти маєш у животі!"
"M02S08_AMB_DockersAfterSmugglers_Loca5","I hope so! I hope they don't forget the lesson! Me, I'm not scared of some girl!","Я сподіваюся на це! Я сподіваюсь, що вони не забудуть урок! Я не боюсь якоїсь дівчини!"
"M02S08_AMB_DockersAfterSmugglers_Loca7","I mean, they're going to cut you open, you idiot! Calm down!","Я маю на увазі, що вони тебе приріжуть, ти ідіоте! Заспокойся!"
"M02S08_AMB_DockersAfterSmugglers_Loca8","*Indistinct grumbling*","*Нечітке бурмотіння*"
"M02S08_AMB_DockersVsSmugglers_Loop01_Loca1","M02S08_AMB_DockersVsSmugglers_Loop01_Loca1",""
"M02S08_AMB_DockersVsSmugglers_Loop01_Loca4","Are you stupid or what? Even your captain told you not to stick your noses round here again!","Ти тупий чи що? Навіть твій капітан сказав тобі не сувати сюди свого носа знов!"
"M02S08_AMB_DockersVsSmugglers_Loop01_Loca6","This isn't your home, you bunch of sand crabs! We go where we want!","Це не твій дім, ви купка піщаних крабів! Ми ходимо де захочемо!"
"M02S08_AMB_DockersVsSmugglers_Loop01_Loca7","You'll get us into trouble...","Ти втягнеш нас у халепу..."
"M02S08_AMB_DockersVsSmugglers_Loop01_Loca3","You're already in trouble!","Ти вже у халепі!"
"M02S08_AMB_DockersVsSmugglers_Loop02_Loca1","M02S08_AMB_DockersVsSmugglers_Loop02_Loca1",""
"M02S08_AMB_DockersVsSmugglers_Loop02_Loca6","Come on, can't we sort this out? You can see he's half drunk!","Нужбо, ми не можемо з цим розібратись? Ти бачиш його напів п'яного!"
"M02S08_AMB_DockersVsSmugglers_Loop02_Loca8","There's nothing to sort out.","Тут нема що виясняти."
"M02S08_AMB_DockersVsSmugglers_Loop02_Loca9","Your chum wanted to stir us up.","Твій приятель хотів нас розворушити."
"M02S08_AMB_DockersVsSmugglers_Loop02_Loca10","But you can stay to watch, if you want. You can pick up the pieces!","Але ти можеш залишитись спостерігати, якщо ти хочеш. Ти можеш зібрати шматочки!"
"M02S08_AMB_DockersVsSmugglers_Loop02_Loca12","Come on, you bastard! You'll see what a true sailor's got in his belly!","Нужбо, ти придурку! Ти побачеш що справжній моряк має в животі!"
"M02S08_AMB_DockersVsSmugglers_Loop03_Loca1","M02S08_AMB_DockersVsSmugglers_Loop03_Loca1",""
"M02S08_AMB_DockersVsSmugglers_Loop03_Loca3","You hear that? You bilge rats don't scare me!","Ти чуєш це? Ви, трюмні щури, не налякаєте мене!"
"M02S08_AMB_DockersVsSmugglers_Loop03_Loca4","What did he call us, just now?","Як він щойно назвав нас?"
"M02S08_AMB_DockersVsSmugglers_Loop03_Loca5","I said you were a bilge rat! And even a... a poxed limpet!","Я сказав ви трюмні щурі! І навіть е... бісові п'явки!"
"M02S08_AMB_DockersVsSmugglers_Loop03_Loca7","You think we don't know what you're doing, hidden in the fog?","Ви думаєте ми не знаємо, що ви робите, ховаючись у тумані?"
"M02S08_AMB_DockersVsSmugglers_Loop03_Loca8","I'll shut up your big mouth once and for all!","Я закрию тобі рота раз і назавжди!"
"M02S08_AMB_DockersVsSmugglers_Loop03_Loca9","Optimistic!","Оптиміст!"
"M02S08_AMB_DrakeReading01_Loca1","M02S08_AMB_DrakeReading01_Loca1",""
"M02S08_AMB_DrakeReading01_Loca2","Nightmares… can hear things and voices whispering…","Жахіття… Чую звуки і голоси, що шепочуть…"
"M02S08_AMB_DrakeReading01_Loca3","...will follow its reader and appear at various locations…","...переслідуватиме свого читача і з'являтиметься в різних місцях…"
"M02S08_AMB_DrakeReading01_Loca4","...gifted with its own consciousness… until it finds a new reader.","...обдарований власною свідомістю… поки не знайде нового читача."
"M02S08_AMB_DrakeReading02_Loca1","M02S08_AMB_DrakeReading02_Loca1",""
"M02S08_AMB_DrakeReading02_Loca2","That’s it.","Це воно."
"M02S08_AMB_DrakeReading02_Loca3","Maybe we should let him take it?","Може ми повинні дозволити йому прийняти це?"
"M02S08_AMB_DrakeReading02_Loca4","No, no, the risks are too high.","Ні, ні, ризик завеликий."
"M02S08_AMB_DrakeReading02_Loca5","It’s a book, after all. Pure knowledge.","Це книга, врешті-решт. Чисте знання."
"M02S08_AMB_Drunkard_BaitSmugglers_Loca1","M02S08_AMB_Drunkard_BaitSmugglers_Loca1",""
"M02S08_AMB_Drunkard_BaitSmugglers_Loca2","Hey! You two shrimps! Still streetwalking? Your poison isn't expensive enough for you to have a warm place to live?","Агов! Ви двоє креветок! Досі гуляєте вулицями? Чи ваша отрута недостатньо дорога, щоб ви мали тепле місце для життя?"
"M02S08_AMB_Drunkard_BaitSmugglers_Loca3","What did he call us, that one?","Як він назвав нас, ще раз?"
"M02S08_AMB_Drunkards_Loop01_Loca1","M02S08_AMB_Drunkards_Loop01_Loca1",""
"M02S08_AMB_Drunkards_Loop01_Loca2","Look at them strutting about while we ruin ourselves for a miserable drink...","Подивіться на них, як вони хизуються, поки ми калічимо себе за жалюгідне питво..."
"M02S08_AMB_Drunkards_Loop01_Loca4","Who cares! Stop getting so worked up... He who laughs first laughs loudest!","Кому не насрать! Припиніть так батрачити... Він той, хто сміється останнім!"
"M02S08_AMB_Drunkards_Loop01_Loca5","Last?","Останнім?"
"M02S08_AMB_Drunkards_Loop01_Loca6","Yeah, why not! The more, the merrier...","Так, чому б і ні! Чим більше, тим веселіше..."
"M02S08_AMB_Drunkards_Loop02_Loca1","M02S08_AMB_Drunkards_Loop02_Loca1",""
"M02S08_AMB_Drunkards_Loop02_Loca2","What I wouldn't give for a drop of that sublime liquor...","Що б я не віддав за краплю того божественного напою..."
"M02S08_AMB_Drunkards_Loop02_Loca3","That rotgut served by Mitchell? Don’t forget, the last time you almost ended up blinded...","Те пійло, яке подає Мітчелл? Не забувай, минулого разу ти ледь не осліп..."
"M02S08_AMB_Drunkards_Loop02_Loca4","I know. It's wondrous!","Я знаю. Це диво!"
"M02S08_AMB_Drunkards_VS_Smugglers_Loca1","M02S08_AMB_Drunkards_VS_Smugglers_Loca1",""
"M02S08_AMB_Drunkards_VS_Smugglers_Loca10","What? You helped yourself from my stock?","Шо? Ти взяв щось собі з моїх запасів?"
"M02S08_AMB_Drunkards_VS_Smugglers_Loca11","You don't like our prices? It's going to cost you a lot more than a bottle!","Тобі не подобаються наші ціни? Це тобі вартуватиме набагато більше за якусь пляшку."
"M02S08_AMB_Drunkards_VS_Smugglers_Loca12","He's stewed to the gills. You’ll get nothing out of him.","Він п'яний як чіп. Ти з нього нічого не витягнеш."
"M02S08_AMB_Drunkards_VS_Smugglers_Loca13","I'm not interested in a chat. I want to tan his hide.","Я не зацікавлений у розмовах. Я хочу його як слід покарати."
"M02S08_AMB_Drunkards_VS_Smugglers_Loca15","Tan my what? Oh... No, it's OK; don't worry!","Покарати мене? Ох... Ні, це норма; не хвилюйтесь!"
"M02S08_AMB_Drunkards_VS_Smugglers_Loca22","I'm OK now... please...","Я в нормі зараз... будь ласка..."
"M02S08_AMB_Drunkards_VS_Smugglers_Loca14","Oh, yeah? What I heard didn’t sound too friendly to me.","Ох, так? Що я чув щось не дуже дружелюбне щодо мене."
"M02S08_AMB_Drunkards_VS_Smugglers_Loca16","No, please! My tongue got ahead of my senses! Or something like that!","Ні, будь ласка! Моя мова випередила мої почуття! Або щось на зразок цього!"
"M02S08_AMB_Drunkards_VS_Smugglers_Loca21","Hey, tell them to calm down.","Агов, скажи їм, щоб заспокоїлись."
"M02S08_AMB_Drunkards_VS_Smugglers_Loca17","Me? And why would I do that?","Я? І що я повинен зробити?"
"M02S08_AMB_Drunkards_VS_Smugglers_Loca18","It was just a little joke.","Це був невеличкий жарт."
"M02S08_AMB_Drunkards_VS_Smugglers_Loca19","So I mustn't have understood it, because it didn't make me laugh.","Тому я не повинен розуміти це, тому що це не смішить мене."
"M02S08_AMB_Fisherman_Loop01_Loca1","M02S08_AMB_Fisherman_Loop01_Loca1",""
"M02S08_AMB_Fisherman_Loop01_Loca2","That’s no way to treat an omen!","Так не поводяться з провісником!"
"M02S08_AMB_Fisherman_Loop01_Loca4","Oh yeah! He's going to get us into trouble.","О так! Він втягне нас у халепу."
"M02S08_AMB_Fisherman_Loop02_Loca1","M02S08_AMB_Fisherman_Loop02_Loca1",""
"M02S08_AMB_Fisherman_Loop02_Loca2","You can't understand! You’re not sailors.","Ви не можете збагнуть! Ви - не моряки."
"M02S08_AMB_Fisherman_Loop02_Loca4","It's a sign! There's something coming!","Це знак! Там щось наближається!"
"M02S08_AMB_Fisherman_Loop02_Loca5","Something real bad!","Щось дійсно погане!"
"M02S08_AMB_Fisherman_Loop03_Loca1","M02S08_AMB_Fisherman_Loop03_Loca1",""
"M02S08_AMB_Fisherman_Loop03_Loca2","Don't put that beast back in the water, you shysters! You're crazy!","Не кидайте ту потвору назад у воду, шахраї! Ви з глузду з’їхали!"
"M02S08_AMB_Fisherman_Loop03_Loca3","They're cops. They can’t understand!","Вони - копи. Вони не розуміють!"
"M02S08_AMB_Fisherman_Loop03_Loca4","Damn stupid idiots!","Чортові тупоголові ідіоти!"
"M02S08_AMB_Fisherman_Loop03_Loca5","Forget it. Nobody listens to us anyway.","Забуть це. Ніхто нас не послухається все одно."
"M02S08_AMB_Fitzroy_IntroLevel_Loca1","M02S08_AMB_Fitzroy_IntroLevel_Loca1",""
"M02S08_AMB_Fitzroy_IntroLevel_Loca23","So what wind brought you?","Яким вітром тебе притащило?"
"M02S08_AMB_Fitzroy_IntroLevel_Loca7","Does the Hawkins case mean anything to you?","Чи справа Гокінсів щось означає для тебе?"
"M02S08_AMB_Fitzroy_IntroLevel_Loca12","A sad story that we would all prefer to forget.","Сумна історія, яку ми би всі краще забули."
"M02S08_AMB_Fitzroy_IntroLevel_Loca13","Charles Hawkins may have been a landlubber, but he was a good man.","Можливо, Чарльз Гокінс і був сухопутним щуром, але він був доброю людиною."
"M02S08_AMB_Fitzroy_IntroLevel_Loca24","And his wife, Sarah Hawkins?","І його дружина.. Сара Гокінс?"
"M02S08_AMB_Fitzroy_IntroLevel_Loca25","A nice young woman, and a great painter. What a tragedy.","Мила молода жінка, і чудовий партнер. Яка трагедія."
"M02S08_AMB_Fitzroy_IntroLevel_Loca27","Is that all you can tell me about them?","І це все, що ти можеш мені розповісти про них?"
"M02S08_AMB_FitzroyBalcon_Loca1","M02S08_AMB_FitzroyBalcon_Loca1",""
"M02S08_AMB_FitzroyBalcon_Loca2","When you're done, come join me on the deck.","Коли закінчиш, приєднуйся до мене на палубі."
"M02S08_AMB_Smuggler_BlockPlayer_Loca1","M02S08_AMB_Smuggler_BlockPlayer_Loca1",""
"M02S08_AMB_Smuggler_BlockPlayer_Loca2","There's nothing for you here, either! Beat it.","Тут для тебе теж нічого немає! Забирайся."
"M02S08_AMB_Smugglers_StopTalk_Loca1","M02S08_AMB_Smugglers_StopTalk_Loca1",""
"M02S08_AMB_Smugglers_StopTalk_Loca2","Who's this guy?","Що це за хлопець?"
"M02S08_AMB_Smugglers_StopTalk_Loca4","No idea. You better keep it shut.","Гадки не маю. Тобі краще стулитись."
"M02S08_AMB_Smugglers_StopTalk_Loca5","We don't have a clear conscience?","Наша совість не чиста?"
"M02S08_AMB_Smugglers_StopTalk_Loca6","Quiet.","Достатньо."
"M02S08_AMB_Smugglers_Whispers_Loca1","M02S08_AMB_Smugglers_Whispers_Loca1",""
"M02S08_AMB_Smugglers_Whispers_Loca3","Go on, you can tell me.","Продовжуй, ти можеш розповісти мені."
"M02S08_AMB_Smugglers_Whispers_Loca4","No. If it gets out, I'll have serious problems with you-know-who.","Ні. Якщо я розповім, я матиму серйозні проблеми з сам-знаєш-ким."
"M02S08_AMB_Smugglers_Whispers_Loca5","I bet that you hid them somewhere in your hut, on the docks.","Б’юсь об заклад, ти сховав їх десь у своїй халупі на доках."
"M02S08_AMB_Smugglers_Whispers_Loca6","Not even. And don’t go looking there!","Не зовсім. І навіть не думай їхати шукати туди!"
"M02S08_CIN_CrossCatWhileLeaving_Loca1","M02S08_CIN_CrossCatWhileLeaving_Loca1",""
"M02S08_CIN_CrossCatWhileLeaving_Loca2","Andrews! And would you please shut the door!","Ендрю! А ти би не міг, будь ласка, зачинити двері!"
"M02S08_CIN_CrossCatWhileLeaving_Loca3","And open your eyes, damn it! This guy went right under your nose!","А ти роззуй очі, бляха! Цей хлопець пішов у тебе з-під носа щойно!"
"M02S08_CIN_CrossCatWhileLeaving_Loca5","Goddamn it! Her again...","Чорт забирай! Знов вона..."
"M02S08_CIN_EndLevel_Loca1","M02S08_CIN_EndLevel_Loca1",""
"M02S08_CIN_EndLevel_Loca2","Is it far, this mansion?","Вона далеко, цей маєток?"
"M02S08_CIN_EndLevel_Loca4","Look behind you, at the top of the ridge.","Озирнись, на вершині хребта."
"M02S08_CIN_EndLevel_Loca5","You see the building?","Ти бачиш будівлю?"
"M02S08_CIN_EndLevel_Loca6","That is the Hawkins Mansion. Come on. We've got some driving to do.","Це маєток Гокінсів. Ну ж бо. Маємо трохи проїхатись, щоб зробити дещо."
"M02S08_CIN_FoundPainting_Loca1","M02S08_CIN_FoundPainting_Loca1",""
"M02S08_CIN_FoundPainting_Loca2","Someone has settled in here!","Тут хтось оселився!"
"M02S08_CIN_FoundPainting_Loca3","And whoever it is has something to tell me about the Hawkins case.","І хто б це не був, у нього є що сказати мені про справу Гокінсів."
"M02S08_CIN_FoundPainting_Loca6","Is there anyone in there?","Чи є хто-небудь тут?"
"M02S08_CIN_FoundPainting_Loca7","You! Don't move!","Ти! Ані руш!"
"M02S08_CIN_IntroIsland_Loca1","M02S08_CIN_IntroIsland_Loca1",""
"M02S08_CIN_IntroIsland_Loca2","If you need assistance, I can no doubt provide some information.","Якщо тобі потрібна допомога, я без сумніву можу надати деяку інформацію."
"M02S08_CIN_SmugglersVsDrunkards_Loca1","M02S08_CIN_SmugglersVsDrunkards_Loca1",""
"M02S08_CIN_SmugglersVsDrunkards_Loca2","Follow me.","Йди за мною."
"M02S08_CIN_SmugglersVsDrunkards_Loca3","*blurp*","*буркотіння*"
"M02S08_CIN_SmugglersVsDrunkards_Loca4","Cheers, you jackasses!","Будьмо, ви віслюки!"
"M02S08_CIN_SmugglersVsDrunkards_Loca7","I don't feel well...","Я почуваюсь не дуже..."
"M02S08_CIN_SmugglersVsDrunkards_Loca8","Where are you going?","Куди ти збираєшся?"
"M02S08_CIN_SmugglersVsDrunkards_Loca9","Say that again!","Скажи це ще раз!"
"M02S08_CIN_SmugglersVsDrunkards_Loca10","I hope for your sake, that I didn't hear right.","Сподіваюсь, заради твого ж добра, я неправильно почув."
"M02S08_CIN_SmugglersVsDrunkards_Loca11","No! No! It's not what you think!","Ні! Ні! Це не те, що ти подумав!"
"M02S08_CIN_SmugglersVsDrunkards_Loca12","It's just that you sell your stuff at too high a price.","Просто ти продаєш свої речі за завищеними цінами."
"M02S08_CIN_SmugglersVsDrunkards_Loca13","It's just that you shouldn't hide your hooch in a fisherman's hut!","Просто не варто ховати свою самогонку в хаті рибалки!"
"M02S08_CIN_SmugglersVsDrunkards_Loca14","You got it coming!","Ти це заслужив!"
"M02S08_CIN_SUB_IntroBar_Loca1","M02S08_CIN_SUB_IntroBar_Loca1",""
"M02S08_CIN_SUB_IntroBar_Loca2","Be careful.","Буть обачним."
"M02S08_CIN_SUB_IntroBar_Loca3","Let’s get him another drink, he’s dry.","Давай наллємо йому інший напій, він не в гуморі."
"M02S08_CIN_SUB_IntroIsland_Loca1","M02S08_CIN_SUB_IntroIsland_Loca1",""
"M02S08_CIN_SUB_IntroIsland_Loca8","We’re almost there.","Ми майже там."
"M02S08_CIN_SUB_IntroIsland_Loca3","Stay on board, there’s guys coming to unload.","Залишайся на борту, зараз прийдуть хлопці розвантажувати."
"M02S08_CIN_SUB_IntroIsland_Loca4","Welcome to Darkwater Island, Mr Pierce.","Ласкаво просимо до острову ""Дарквотер"", містере Пірс."
"M02S08_CIN_SUB_IntroIsland_Loca5","Why thank you, Captain Fitzroy.","О, дякую Вам, капітане Фіцроє."
"M02S08_INT_Barman_Loca1","M02S08_INT_Barman_Loca1",""
"M02S08_INT_Barman_Loca24","M02S08_INT_Barman_Loca24",""
"M02S08_INT_Barman_Loca25","You again.","Знову ти."
"M02S08_INT_Barman_Loca168","What can I get you?","Чим можу служити?"
"M02S08_INT_Barman_Loca26","M02S08_INT_Barman_Loca26",""
"M02S08_INT_Barman_Loca84","M02S08_INT_Barman_Loca84",""
"M02S08_INT_Barman_Loca200","In my bar, we don't serve troublemakers.","У моєму барі, не обслуговують проблемних."
"M02S08_INT_Barman_Loca4","So give me a good reason not to throw you out.","Тож тільки дай мені вагому причину виперти тебе звідси."
"M02S08_INT_Barman_Loca145","M02S08_INT_Barman_Loca145",""
"M02S08_INT_Barman_Loca148","You’re overdoing it.","Ти перегинаєш межу."
"M02S08_INT_Barman_Loca160","I don't have time for all this bravado.","У мене нема часу на всю цю показушність."
"M02S08_INT_Barman_Loca163","Don’t be so high and mighty, sir. We don’t like mainland snoops.","Не будьте таким пихатим, сер. Ми не любимо материкових мутних персон."
"M02S08_INT_Barman_Loca150","I'm here for information, not for a fight.","Я тут задля інформації, не для бійки."
"M02S08_INT_Barman_Loca151","I prefer that way.","Я надаю перевагу цьому."
"M02S08_INT_Barman_Loca152","Speak, then. I reserve the right to answer or not.","Кажи тоді. А я вже вирішу чи відповідати чи ні."
"M02S08_INT_Barman_Loca85","M02S08_INT_Barman_Loca85",""
"M02S08_INT_Barman_Loca146","The guy didn’t show respect.","Цей чувак не проявляє поваги."
"M02S08_INT_Barman_Loca316","M02S08_INT_Barman_Loca316",""
"M02S08_INT_Barman_Loca301","You saw it just like me. That bum deserved a lesson.","Ти ж сам бачив. Той бомж заслужив на урок."
"M02S08_INT_Barman_Loca300","Yeah. But he's a regular, and you're not.","Так. Але він постійний, а ти ні."
"M02S08_INT_Barman_Loca201","I can see that you and I are off to a bad start.","Бачу, що ми з тобою починаємо не з ладна."
"M02S08_INT_Barman_Loca398","M02S08_INT_Barman_Loca398",""
"M02S08_INT_Barman_Loca318","M02S08_INT_Barman_Loca318",""
"M02S08_INT_Barman_Loca159","That guy was looking for trouble.","Цей чувак шукає неприємностей."
"M02S08_INT_Barman_Loca302","So choose your camp, if you don't want the same treatment.","Тож вибирай свій табір, якщо ти не хочеш подібного ставлення."
"M02S08_INT_Barman_Loca162","Hey, buddy. I don't want any trouble.","Агов, мужик. Мені не потрібні проблеми."
"M02S08_INT_Barman_Loca397","So serve me a drink.","Тоді пригости мене випивкою."
"M02S08_INT_Barman_Loca395","Just to make things clear, only regulars can run up a tab. Others pay.","Щоб було зрозуміло одразу, тільки постійні клієнти можуть брати випивку в борг. Інші платять відразу."
"M02S08_INT_Barman_Loca166","M02S08_INT_Barman_Loca166",""
"M02S08_INT_Barman_Loca147","It wasn't me who went looking for it.","Це був не я, хто пішов його шукати."
"M02S08_INT_Barman_Loca320","M02S08_INT_Barman_Loca320",""
"M02S08_INT_Barman_Loca321","Yet you've served this man, and you can't say that he's been on his best behavior.","Та все ж ти обслуговував цього чоловіка, і не можеш сказати, що він поводився чемно."
"M02S08_INT_Barman_Loca322","He's a regular. It was you who provoked him by turning up with your mainland manner.","Він постійний клієнт. Це був ти, хто його спровокував своїми материковими манерами."
"M02S08_INT_Barman_Loca323","You mistake my manner. I ask nothing more than to become a regular as well.","Ти помиляєшся щодо моїх манер. Я лише прошу стати також постійним відвідувачем."
"M02S08_INT_Barman_Loca324","Which will be difficult if you refuse to serve me.","Що буде складно, якщо ви відмовитеся мене обслуговувати."
"M02S08_INT_Barman_Loca325","I hope you're less talkative when you're drunk.","Я сподіваюсь ти меньш балакучий, коли п'яний."
"M02S08_INT_Barman_Loca326","Try me.","Випробуй мене."
"M02S08_INT_Barman_Loca394","We’ll see.","Побачим."
"M02S08_INT_Barman_Loca327","M02S08_INT_Barman_Loca327",""
"M02S08_INT_Barman_Loca328","M02S08_INT_Barman_Loca328",""
"M02S08_INT_Barman_Loca329","You saw what happened. He's the troublemaker.","Ти бачив, що трапилось. Він проблемний."
"M02S08_INT_Barman_Loca330","You're a true mainlander. A real princess.","Ти і справді немов з материку. Справжня принцеска."
"M02S08_INT_Barman_Loca331","You strut around with your la-dee-da ways and then as soon as the pressure arises you start squealing.","Ти ходиш пихато зі своїми вивертами, а щойно виникає тиск - починаєш скиглити."
"M02S08_INT_Barman_Loca333","You don’t have what it takes to drink my whiskey. You've got to earn it!","Тобі бракує духу, щоб пити мій віскі. Його треба заслужити!"
"M02S08_INT_Barman_Loca332","M02S08_INT_Barman_Loca332",""
"M02S08_INT_Barman_Loca335","I’m sorry.","Мені шкода."
"M02S08_INT_Barman_Loca336","Pure instinct. I behaved like a Hun and I sincerely apologize.","Чистий інстинкт. Я повівся, як гун і щиро перепрошую."
"M02S08_INT_Barman_Loca337","Veteran?","Ветеран?"
"M02S08_INT_Barman_Loca338","307th Infantry Regiment.","307-й піхотний полк."
"M02S08_INT_Barman_Loca339","That would be okay for now. But the war is over, try not to forget it.","Поки що це прийнятно. Але війна закінчилася, постарайся це не забувати."
"M02S08_INT_Barman_Loca340","M02S08_INT_Barman_Loca340",""
"M02S08_INT_Barman_Loca358","Anything else?","Щось ще?"
"M02S08_INT_Barman_Loca413","M02S08_INT_Barman_Loca413",""
"M02S08_INT_Barman_Loca8","M02S08_INT_Barman_Loca8",""
"M02S08_INT_Barman_Loca10","I'm looking for warehouse 36.","Я шукаю склад №36."
"M02S08_INT_Barman_Loca20","You know where this place is: Warehouse 36, Darkwater harbor?","Ти часом не знаєш де це місце знаходиться: Склад №36, порт Дарквотера."
"M02S08_INT_Barman_Loca21","The Hawkins warehouse. I see.","Склад Гокінсів. Я зрозумів."
"M02S08_INT_Barman_Loca409","If I were you, I wouldn't hang around there.","На твоєму місці, я би не сувався туди б."
"M02S08_INT_Barman_Loca169","Why not?","Чому ні?"
"M02S08_INT_Barman_Loca170","First of, there’re rumours.","По-перше, є чутки."
"M02S08_INT_Barman_Loca202","Sailors from round here say that you can hear noises coming from the warehouse at night.","Місцеві моряки кажуть, що вночі зі складу доносяться дивні звуки."
"M02S08_INT_Barman_Loca203","Screams, that sort of things.","Крики, щось типу цього."
"M02S08_INT_Barman_Loca171","Screams?","Крики?"
"M02S08_INT_Barman_Loca204","That’s not all. There’s the fate of its owners and all the superstitions that go with it.","Це не все. Є ще доля його власників і всі пов’язані з нею забобони."
"M02S08_INT_Barman_Loca205","But I'll say no more.","Але більше я нічого не скажу."
"M02S08_INT_Barman_Loca173","M02S08_INT_Barman_Loca173",""
"M02S08_INT_Barman_Loca408","Do you know the Hawkins warehouse?","Чи ти знаєш склад Гокінсів?"
"M02S08_INT_Barman_Loca410","What do you know about the Hawkins warehouse?","Що ти знаєш про склад Гокінсів?"
"M02S08_INT_Barman_Loca411","M02S08_INT_Barman_Loca411",""
"M02S08_INT_Barman_Loca9","No prohibition round here?","Тут не діє сухий закон?"
"M02S08_INT_Barman_Loca22","I didn't expect to find alcohol on this island.","Я не сподівався знайти алкоголь на цьому острові."
"M02S08_INT_Barman_Loca306","What's the source of this miracle?","У чому причина цього дива?"
"M02S08_INT_Barman_Loca23","You mean ""who"".","Ти маєш на увазі ""кого""."
"M02S08_INT_Barman_Loca308","Our source of supply wouldn’t like me to betray them to the first comer.","Наш постачальник не дуже хотів би, щоб я видав їх першому-ліпшому."
"M02S08_INT_Barman_Loca193","I'll tell nobody.","Я нікому не скажу."
"M02S08_INT_Barman_Loca194","She'd know it anyway.","Вона дізнається все одно."
"M02S08_INT_Barman_Loca224","M02S08_INT_Barman_Loca224",""
"M02S08_INT_Barman_Loca144","[Order a drink]","[Замовити випивку]"
"M02S08_INT_Barman_Loca359","Captain Fitzroy told me about a little pick-me-up...","Капітан Фіцрой розповів мені про невеличкий підбадьорливий напій..."
"M02S08_INT_Barman_Loca400","M02S08_INT_Barman_Loca400",""
"M02S08_INT_Barman_Loca360","You want a drink?","Ти хочеш випивку?"
"M02S08_INT_Barman_Loca82","M02S08_INT_Barman_Loca82",""
"M02S08_INT_Barman_Loca402","M02S08_INT_Barman_Loca402",""
"M02S08_INT_Barman_Loca405","That must have been before you came looking for a fight in my bar.","Це, мабуть, було до того, як ти прийшов шукати бійку в мій бар."
"M02S08_INT_Barman_Loca406","M02S08_INT_Barman_Loca406",""
"M02S08_INT_Barman_Loca12","[Leave]","[Вийти]"
"M02S08_INT_Barman_Loca13","That will be all for now.","На зараз це все."
"M02S08_INT_Barman_Loca206","[Find out about Darkwater]","[Дізнатись про Дарквотер]"
"M02S08_INT_Barman_Loca207","M02S08_INT_Barman_Loca207",""
"M02S08_INT_Barman_Loca264","[Buy a bottle of whiskey]","[Купити пляшку віскі]"
"M02S08_INT_Barman_Loca268","Let's say I want to buy a bottle from you.","Скажімо я хочу купити пляшку у тебе."
"M02S08_INT_Barman_Loca344","M02S08_INT_Barman_Loca344",""
"M02S08_INT_Barman_Loca346","M02S08_INT_Barman_Loca346",""
"M02S08_INT_Barman_Loca347","M02S08_INT_Barman_Loca347",""
"M02S08_INT_Barman_Loca348","Let's say I don't want to sell you one.","Скажімо я не хочу продавати тобі її."
"M02S08_INT_Barman_Loca349","Come on... Because of a little tussle?","Та ну тобі... Через маленьку сутичку?"
"M02S08_INT_Barman_Loca351","Drinking it here is a privilege. And I grant this privilege to whomever I want.","Пити це тут — привілей. І я надаю цей привілей тим, кому сам захочу."
"M02S08_INT_Barman_Loca353","Anything else?","Щось ще?"
"M02S08_INT_Barman_Loca352","M02S08_INT_Barman_Loca352",""
"M02S08_INT_Barman_Loca269","Choice is yours. Everything’s on sale.","Вибір твій. Все за знижкою."
"M02S08_INT_Barman_Loca270","M02S08_INT_Barman_Loca270",""
"M02S08_INT_Barman_Loca271","A whiskey will do nicely.","Віскі роблять добре."
"M02S08_INT_Barman_Loca275","How much for a bottle of whiskey?","Скільки коштує пляшка віскі?"
"M02S08_INT_Barman_Loca291","Five dollars.","П'ять баксів."
"M02S08_INT_Barman_Loca292","I guess I'm that desperate.","Схоже, я й справді настільки відчайдушний."
"M02S08_INT_Barman_Loca276","I'm not judging you.","Я тебе не засуджую."
"M02S08_INT_Barman_Loca299","M02S08_INT_Barman_Loca299",""
"M02S08_INT_Barman_Loca272","How about a trade-off?","Як щодо компромісу?"
"M02S08_INT_Barman_Loca274","What would you say to a deal: your bottle for a service?","А що, як укладемо угоду: твоя пляшка - за послугу?"
"M02S08_INT_Barman_Loca279","M02S08_INT_Barman_Loca279",""
"M02S08_INT_Barman_Loca283","It's five dollars for everyone, including you.","Це п'ять доларів для кожного, включно з тобою."
"M02S08_INT_Barman_Loca293","Are you sure?","Ти впевнений?"
"M02S08_INT_Barman_Loca294","Certain.","Певен."
"M02S08_INT_Barman_Loca354","M02S08_INT_Barman_Loca354",""
"M02S08_INT_Barman_Loca278","M02S08_INT_Barman_Loca278",""
"M02S08_INT_Barman_Loca287","You know what? You seem like a decent sort of guy.","Знаєш що? Ти виглядаєш як порядна людина."
"M02S08_INT_Barman_Loca288","Okay, agreed. My cheapest bottle in exchange for a service.","Добре, погоджуюсь. Моя найдешевша пляшка на обмін за послугу."
"M02S08_INT_Barman_Loca286","Thanks, I'll owe you one.","Дякую, я твій боржник."
"M02S08_INT_Barman_Loca290","M02S08_INT_Barman_Loca290",""
"M02S08_INT_Barman_Loca208","M02S08_INT_Barman_Loca208",""
"M02S08_INT_Barman_Loca209","[Return]","[Повернути]"
"M02S08_INT_Barman_Loca298","M02S08_INT_Barman_Loca298",""
"M02S08_INT_Barman_Loca210","Is this Miraculous Catch a story true?","Історія про ""Чудесний Улов"" - правда?"
"M02S08_INT_Barman_Loca211","I read the article on the Miraculous Catch.","Я читав статтю про ""Чудесний Улов"""
"M02S08_INT_Barman_Loca313","Interesting local folklore...","Цікавий місцевий фольклор..."
"M02S08_INT_Barman_Loca314","Don't get it into your head to repeat that round here. It's more than folklore.","Не варто про таке базікати в цих краях. Це більше, ніж просто легенда."
"M02S08_INT_Barman_Loca212","On that day, the crew of the Scylla caught an exceptionnal catch.","У той день команда «Сцилли» зловила виняткову здобич."
"M02S08_INT_Barman_Loca315","The biggest whale ever caught.","Найбільший кит, якого коли-небудь ловили."
"M02S08_INT_Barman_Loca213","They saved Darkwater from famine.","Вони врятували Дарквотер від голоду."
"M02S08_INT_Barman_Loca214","M02S08_INT_Barman_Loca214",""
"M02S08_INT_Barman_Loca250","Charles Hawkins had run up quite a tab.","Чарлз Гокінс добре тут заборгував."
"M02S08_INT_Barman_Loca251","Charles Hawkins owed you a lot of money.","Чарлз Гокінс винен тобі чимало грошей?"
"M02S08_INT_Barman_Loca309","Do you know if he had problems?","У нього були якісь проблеми?"
"M02S08_INT_Barman_Loca252","I don’t know the details and it’s not my business.","Подробиць не знаю. Та й не моя це справа."
"M02S08_INT_Barman_Loca253","Money or not, he was always welcome in my bar.","З грошима чи без — він завжди був тут бажаним гостем."
"M02S08_INT_Barman_Loca311","The Hawkins family was always much appreciated on the island.","Родина Гокінсів завжди користувалась великою повагою на острові."
"M02S08_INT_Barman_Loca297","M02S08_INT_Barman_Loca297",""
"M02S08_INT_Barman_Loca254","Why ""The Stranded Whale""?","Чому саме «Кит, що сів на мілину»?"
"M02S08_INT_Barman_Loca255","The Stranded Whale.  I guess this bar has been here a long time.","«Кит, що сів на мілину». Цей бар тут уже давненько."
"M02S08_INT_Barman_Loca256","What can I tell you, I'm a nostalgic sort of guy.","Що сказати... Я трохи ностальгічний хлопак."
"M02S08_INT_Barman_Loca257","The name, it reminds us of the golden age of Darkwater.","Назва нагадує про золоті часи Дарквотера."
"M02S08_INT_Barman_Loca258","When our whalers left for long months and came back sweating and stinking of the oil and flesh of the whales they’d been hunting.","Коли наші китобої місяцями були в морі, а потім поверталися смердючі від жиру й мʼяса здобичі."
"M02S08_INT_Barman_Loca259","It was a tough time, all the same.","Звісно, не все було так райдужно."
"M02S08_INT_Barman_Loca260","But steeped in glory! We've never known such wealth since then.","Але ми жили в достатку! Відтоді такого розквіту вже не було."
"M02S08_INT_Barman_Loca261","M02S08_INT_Barman_Loca261",""
"M02S08_INT_Barman_Loca361","[Find out about Sarah Hawkins]","[Запитати про Сару Гокінс]"
"M02S08_INT_Barman_Loca362","You seem to know Charles Hawkins well. How about his wife, Sarah Hawkins?","Бачу, Чарлза Гокінса ти знаєш. А як щодо його дружини, Сари Гокінс?"
"M02S08_INT_Barman_Loca365","She was a local somebody.","Тут її добре знали."
"M02S08_INT_Barman_Loca363","What can you tell me about her?","Що можеш про неї розповісти?"
"M02S08_INT_Barman_Loca364","We all knew she was famous on the mainland. For her paintings. Never understood why.","Ми всі знали, що на материку вона прославилась своїми картинами. Хоч я й досі не розумію — чому."
"M02S08_INT_Barman_Loca366","I don't want to speak ill of the dead.","Не хочу обмовляти мертвих."
"M02S08_INT_Barman_Loca367","M02S08_INT_Barman_Loca367",""
"M02S08_INT_Barman_Loca368","It's true that they were strange.","Та правда — дивна то була парочка."
"M02S08_INT_Barman_Loca370","Her style made her famous. How would you describe it... ""tortured""?","Її стиль зробив її відомою. Як би це сказати... «мученицький»?"
"M02S08_INT_Barman_Loca373","Well it wasn't normal. I mean, for a young woman, with a child, and all that.","Як на молоду жінку з дитиною — це виглядало дивно."
"M02S08_INT_Barman_Loca374","When we saw them in the papers. We said to ourselves: ""Who could paint such things? Is that how she sees the world?","Коли ми бачили їх в газетах, думалося: «Хто взагалі може малювати таке? Це вона так бачить світ?»"
"M02S08_INT_Barman_Loca375","So they made you feel uncomfortable?","Її картини тебе жахали?"
"M02S08_INT_Barman_Loca376","You need to see them for yourself. Make up your own mind.","Поглянь сам на них і ти вирішиш."
"M02S08_INT_Barman_Loca379","M02S08_INT_Barman_Loca379",""
"M02S08_INT_Barman_Loca369","It's not speaking ill if it's true...","Якщо це правда — то не обмовляння..."
"M02S08_INT_Barman_Loca371","Her vision, was it so terrible?","Її бачення було таким жахливим?"
"M02S08_INT_Barman_Loca372","The way I see it, the truth is really a question of point of view.","Як на мене — правда завжди залежить від того, з якого боку дивитися."
"M02S08_INT_Barman_Loca377","What do you mean by that?","Що ти маєш на увазі під цим?"
"M02S08_INT_Barman_Loca378","Do you still trust the truth after a bottle of whiskey?","Ти й досі віриш у правду після пляшки віскі?"
"M02S08_INT_Barman_Loca380","M02S08_INT_Barman_Loca380",""
"M02S08_INT_Barman_Loca382","Enough said about Sarah Hawkins.","Досить уже про Сару Гокінс."
"M02S08_INT_Barman_Loca384","I've got what I need.","Уже маю все, що треба було."
"M02S08_INT_Barman_Loca386","Anything else?","Ще щось?"
"M02S08_INT_Barman_Loca385","M02S08_INT_Barman_Loca385",""
"M02S08_INT_Barman_Loca383","Talk, you'll feel better for it.","Поговориш — і на душі легше стане."
"M02S08_INT_Barman_Loca387","You don't dare say a thing because you respect their memory. But that doesn't mean that you don't have a lot on your mind.","Боїшся щось сказати з поваги до пам'яті про Гокінсів. Але ж не значить, що тобі нема чого сказати."
"M02S08_INT_Barman_Loca389","You’re not a P.I. for nothing.","Та ти справжній приватний детектив, як не глянь."
"M02S08_INT_Barman_Loca390","Okay. I don’t know what it's worth, though. But Mrs Hawkins she went to see her doctor very often.","Добре. Не знаю, чи це щось значить, але місіс Гокінс часто відвідувала лікаря."
"M02S08_INT_Barman_Loca391","She was sick?","Вона була хвора?"
"M02S08_INT_Barman_Loca392","I shouldn't have mentioned it to you. Forget it.","Не мав цього казати тобі. Забудь."
"M02S08_INT_Barman_Loca393","M02S08_INT_Barman_Loca393",""
"M02S08_INT_Barman_Loca225","M02S08_INT_Barman_Loca225",""
"M02S08_INT_Barman_Loca226","Only a small glass...","Тільки один маленький келишок..."
"M02S08_INT_Barman_Loca227","I wouldn't say no to a glass.","Від келиха не відмовлюся."
"M02S08_INT_Barman_Loca228","Try this.","Спробуй ось це."
"M02S08_INT_Barman_Loca263","I think we'll get along well.","Є в мене передчуття — ми порозуміємось."
"M02S08_INT_Barman_Loca229","M02S08_INT_Barman_Loca229",""
"M02S08_INT_Barman_Loca230","I’ll have a second one...","Ще по одному..."
"M02S08_INT_Barman_Loca231","Same again, please.","Мені те саме, будь ласка."
"M02S08_INT_Barman_Loca232","There you go.","Тримай."
"M02S08_INT_Barman_Loca233","That's no moonshine.","Це тобі не самогон."
"M02S08_INT_Barman_Loca234","You can say that again! House recipe.","А то ж! За домашнім рецептом."
"M02S08_INT_Barman_Loca235","M02S08_INT_Barman_Loca235",""
"M02S08_INT_Barman_Loca236","Things always seem to come in threes…","За все хороше — тричі, як то кажуть..."
"M02S08_INT_Barman_Loca237","One more, but it'll be the last.","Ще один, але точно останній."
"M02S08_INT_Barman_Loca238","They all say that.","Так усі кажуть."
"M02S08_INT_Barman_Loca239","There's rye in that.","З житом, до речі."
"M02S08_INT_Barman_Loca240","Looks like monsieur is a connaisseur. Not bad for a guy from the city.","О, у нас тут знавець. Як на міського — непогано."
"M02S08_INT_Barman_Loca241","M02S08_INT_Barman_Loca241",""
"M02S08_INT_Barman_Loca242","[Take a bottle for later]","[Взяти пляшку на потім]"
"M02S08_INT_Barman_Loca243","Not for now, but I wouldn't say no to a bottle for the road.","Мені досить, але від пляшки на дорогу я б не відмовився."
"M02S08_INT_Barman_Loca244","That can be arranged.","Домовились."
"M02S08_INT_Barman_Loca245","M02S08_INT_Barman_Loca245",""
"M02S08_INT_Barman_Loca246","[Return]","[Повернутися]"
"M02S08_INT_Barman_Loca249","M02S08_INT_Barman_Loca249",""
"M02S08_INT_Bradley_Loca1","M02S08_INT_Bradley_Loca1",""
"M02S08_INT_Bradley_Loca102","M02S08_INT_Bradley_Loca102",""
"M02S08_INT_Bradley_Loca103","You didn't tell me that the warehouse I was looking for was right in front of us.","Ти ж не сказав, що той склад, який я шукаю, просто перед носом."
"M02S08_INT_Bradley_Loca104","Because its owner is dead.","Бо його власник мертвий."
"M02S08_INT_Bradley_Loca105","And I don't want to see you hanging around it.","І я не хочу, щоб ти там тинявся."
"M02S08_INT_Bradley_Loca106","Now, please leave us to our work.","А тепер дай нам попрацювати."
"M02S08_INT_Bradley_Loca5","M02S08_INT_Bradley_Loca5",""
"M02S08_INT_Bradley_Loca29","You can see that I'm busy, can't you!","Не бачиш, я зайнятий?!"
"M02S08_INT_Bradley_Loca4","M02S08_INT_Bradley_Loca4",""
"M02S08_INT_Bradley_Loca7","The same goes for you, sir. Move along!","Це й тебе стосується. Ану геть звідси!"
"M02S08_INT_Bradley_Loca57","M02S08_INT_Bradley_Loca57",""
"M02S08_INT_Bradley_Loca58","These sailors get upset over nothing.","Ці моряки все з мухи роблять слона."
"M02S08_INT_Bradley_Loca85","They seem to be very agitated about a dead animal.","Загинаються через дохлу тварину."
"M02S08_INT_Bradley_Loca116","You're telling me! These fools think that putting the whale back in the water will bring about the end of the world.","І не кажи! Банда бовдурів! Думають, якщо викинути кита назад у море — настане кінець світу."
"M02S08_INT_Bradley_Loca123","They're superstitious.","Вони забобонні."
"M02S08_INT_Bradley_Loca124","If only you knew! They only listen to Captain Fitzroy, and not always.","Ще й як. Слухають тільки капітана Фіцроя, і то не завжди."
"M02S08_INT_Bradley_Loca143","And you, what brings you to our island?","А тебе що привело на наш острів?"
"M02S08_INT_Bradley_Loca88","M02S08_INT_Bradley_Loca88",""
"M02S08_INT_Bradley_Loca59","[Ask about warehouse 36]","[Запитати про склад 36]"
"M02S08_INT_Bradley_Loca144","I'm looking for this address: Warehouse 36, Darkwater harbor.","Я шукаю адресу: склад 36, порт Дарквотер."
"M02S08_INT_Bradley_Loca149","M02S08_INT_Bradley_Loca149",""
"M02S08_INT_Bradley_Loca150","I like you, so I'll be frank with you.","Ти мені подобаєшся, тому скажу прямо."
"M02S08_INT_Bradley_Loca151","Don't go near the place. Don't try to get in.","Не підходь до цього місця. І не думай лізти всередину."
"M02S08_INT_Bradley_Loca152","Why?","Чому?"
"M02S08_INT_Bradley_Loca153","Because I told you so. Learn to accept some friendly advice.","Бо я так сказав. Прислухайся до дружньої поради."
"M02S08_INT_Bradley_Loca154","M02S08_INT_Bradley_Loca154",""
"M02S08_INT_Bradley_Loca155","M02S08_INT_Bradley_Loca155",""
"M02S08_INT_Bradley_Loca111","And so who are you?","А ти взагалі хто такий?"
"M02S08_INT_Bradley_Loca130","I didn't introduce myself.","Я ще не представився."
"M02S08_INT_Bradley_Loca146","Edward Pierce. Private detective.","Едвард Пірс. Приватний детектив."
"M02S08_INT_Bradley_Loca113","In any case, it's not very important.","У будь-якому разі, це й не так важливо."
"M02S08_INT_Bradley_Loca114","I can't answer that.","Не можу відповісти на це питання."
"M02S08_INT_Bradley_Loca132","You can't, or you don't want to?","Не можеш чи не хочеш?"
"M02S08_INT_Bradley_Loca139","No, no, I'm not getting into those games, me.","Ні-ні, я в такі ігри не граю."
"M02S08_INT_Bradley_Loca142","Now, please allow me to do my job.","А тепер дозволь мені повернутися до моєї роботи."
"M02S08_INT_Bradley_Loca60","You're totally out of your depth.","Ти взагалі не розумієш, у що вліз."
"M02S08_INT_Bradley_Loca136","Don't treat me like another one of these locals.","Не погрожуй мені, як ще одному з цих місцевих жителів."
"M02S08_INT_Bradley_Loca137","You're completely overwhelmed, and you could do with reinforcements.","Ти повністю перевантажений і тобі не завадили б підкріплення."
"M02S08_INT_Bradley_Loca134","What are you thinking? That you can call the National Guard to an island like Darkwater?","Що ти думаєш? Чи можеш викликати Національну гвардію на острів Дарквотер?"
"M02S08_INT_Bradley_Loca138","For a stranded fish?","Через викинуту на берег рибу?"
"M02S08_INT_Bradley_Loca135","Gosh darn, Mister ""not like another one of these locals""! Go give your valuable advice somewhere else.","Та щоб тебе, пане ""не такий, як інші місцеві""! Іди роздавай свої безцінні поради десь в іншому місці."
"M02S08_INT_Bradley_Loca90","M02S08_INT_Bradley_Loca90",""
"M02S08_INT_BradleyInWareHouse_Loca1","M02S08_INT_BradleyInWareHouse_Loca1",""
"M02S08_INT_BradleyInWareHouse_Loca11","M02S08_INT_BradleyInWareHouse_Loca11",""
"M02S08_INT_BradleyInWareHouse_Loca60","You again.","Знов ти."
"M02S08_INT_BradleyInWareHouse_Loca59","Detective Pierce.","Детективе Пірс."
"M02S08_INT_BradleyInWareHouse_Loca12","I told you to stay away from this warehouse.","Я казав тобі триматися подалі від цього складу."
"M02S08_INT_BradleyInWareHouse_Loca13","M02S08_INT_BradleyInWareHouse_Loca13",""
"M02S08_INT_BradleyInWareHouse_Loca10","The Hawkins case has been wound up. Let the dead rest in peace.","Справа Гокінсів закрита. Нехай мертві спочивають з миром."
"M02S08_INT_BradleyInWareHouse_Loca14","M02S08_INT_BradleyInWareHouse_Loca14",""
"M02S08_INT_BradleyInWareHouse_Loca15","The case is far from being ""wound up"".","Справа далека від ""закриття""."
"M02S08_INT_BradleyInWareHouse_Loca18","Wound up""? You mean ""messed up"".","""Закриття?"" Ти маєш на увазі ""провалу""."
"M02S08_INT_BradleyInWareHouse_Loca19","We don’t take no lessons from the like of you.","Ми не сприймаємо повчань від таких, як ти."
"M02S08_INT_BradleyInWareHouse_Loca20","We do our job carefully and fairly.","Ми робимо свою роботу ретельно і чесно."
"M02S08_INT_BradleyInWareHouse_Loca65","No stone was left unturned.","Жоден камінь не залишився неперевернутим."
"M02S08_INT_BradleyInWareHouse_Loca66","Really?","Справді?"
"M02S08_INT_BradleyInWareHouse_Loca33","M02S08_INT_BradleyInWareHouse_Loca33",""
"M02S08_INT_BradleyInWareHouse_Loca17","Someone else is interested in Hawkins.","Хтось інший цікавиться Гокінсами."
"M02S08_INT_BradleyInWareHouse_Loca16","Look around you: someone has settled in here.","Оглянься навколо: тут хтось оселився"
"M02S08_INT_BradleyInWareHouse_Loca5","Can you explain what this painting is doing here?","Чи можеш пояснити, що ця картина робить тут?"
"M02S08_INT_BradleyInWareHouse_Loca6","This strange portrait... Wait I know it!","Цей дивний портрет... Зачекай, я знаю його!"
"M02S08_INT_BradleyInWareHouse_Loca34","M02S08_INT_BradleyInWareHouse_Loca34",""
"M02S08_INT_BradleyInWareHouse_Loca35","Let me guess: it was in the Hawkins mansion.","Дай здогадатися: він був у маєтку Гокінсів."
"M02S08_INT_BradleyInWareHouse_Loca36","Precisely. You can still see the burn marks. There's no doubt about it.","Саме так. Ти досі можеш бачити сліди від вогню. Тут немає сумнівів."
"M02S08_INT_BradleyInWareHouse_Loca37","I must admit that you seem fairly competent. But I can't allow you to stay here.","Я мушу визнати, що ти здаєшся досить компетентним. Але я не можу дозволити тобі залишитися тут."
"M02S08_INT_BradleyInWareHouse_Loca40","I've seen enough. It's the Hawkins mansion that interests me now.","Я вже достатньо побачив. Тепер мене цікавить маєток Гокінсів."
"M02S08_INT_BradleyInWareHouse_Loca39","Of course. You want to go back along his trail.","Звісно. Ти хочеш повернутися по його сліду."
"M02S08_INT_BradleyInWareHouse_Loca41","I'd like to understand how this painting made it to here.","Я хотів би зрозуміти, як ця картина потрапила сюди."
"M02S08_INT_BradleyInWareHouse_Loca8","Come on. My car is parked down the way.","Іди сюди. Моя машина припаркована трохи далі."
"M02S08_INT_BradleyInWareHouse_Loca42","M02S08_INT_BradleyInWareHouse_Loca42",""
"M02S08_INT_BradleyInWareHouse_Loca43","It was in the Hawkins mansion when we came to investigate the fire.","Це було в маєтку Гокінсів, коли ми прийшли розслідувати пожежу."
"M02S08_INT_BradleyInWareHouse_Loca44","So you confirm that it was removed from the crime scene.  Interesting.","То ж, ти підтверджуєш, що її забрали з місця злочину.  Цікаво."
"M02S08_INT_BradleyInWareHouse_Loca74","I'd like to go and see the mansion now.","Я хотів би зараз піти і подивитися на маєток."
"M02S08_INT_BradleyInWareHouse_Loca45","M02S08_INT_BradleyInWareHouse_Loca45",""
"M02S08_INT_BradleyInWareHouse_Loca29","Let’s team up.","Давай об'єднаємо зусилля."
"M02S08_INT_BradleyInWareHouse_Loca30","M02S08_INT_BradleyInWareHouse_Loca30",""
"M02S08_INT_BradleyInWareHouse_Loca31","You seem like a competent officer. We should help each other.","Ти здаєшся компетентним офіцером. Ми повинні допомагати один одному."
"M02S08_INT_BradleyInWareHouse_Loca49","You're trying to manipulate me, Mr Pierce. I hate to be taken for a fool.","Ти намагаєшся маніпулювати мною, містере Пірс. Я ненавиджу, коли мене вважають дурнем."
"M02S08_INT_BradleyInWareHouse_Loca50","All right, Inspector Lestrade, let me take a more direct approach.","Добре, інспекторе Лестрейд, дозволь мені підійти до справи більш прямо."
"M02S08_INT_BradleyInWareHouse_Loca51","M02S08_INT_BradleyInWareHouse_Loca51",""
"M02S08_INT_BradleyInWareHouse_Loca48","M02S08_INT_BradleyInWareHouse_Loca48",""
"M02S08_INT_BradleyInWareHouse_Loca52","It's clear that you knew the victims. I'm sorry to dig up bad memories.","Цілком очевидно, що ти знав жертв. Мені шкода пригадувати погані спогади."
"M02S08_INT_BradleyInWareHouse_Loca53","I can still see the poor child lying burnt on the floor of their drawing room.","Я досі бачу бідну дитину, що лежить обгорілою на підлозі їхньої вітальні."
"M02S08_INT_BradleyInWareHouse_Loca56","We had to tear him off. The marks must still be there. They're in my mind, anyway.","Ми мусили його відірвати. Сліди, напевно, досі там. Вони в моїй пам'яті, принаймні."
"M02S08_INT_BradleyInWareHouse_Loca55","It's horrendous. I'm going to need your experience to bring him justice, Officer Bradley.","Це жахливо. Мені знадобиться твій досвід, щоб принести йому справедливість, офіцере Бредлі."
"M02S08_INT_BradleyInWareHouse_Loca57","M02S08_INT_BradleyInWareHouse_Loca57",""
"M02S08_INT_BradleyInWareHouse_Loca64","[Threaten the police officer]","[Погрожувати офіцеру]"
"M02S08_INT_BradleyInWareHouse_Loca67","You sent your men away? Bad idea.","Ти відправив своїх людей геть? Погана ідея."
"M02S08_INT_BradleyInWareHouse_Loca71","I see only one overweight police officer and one hardened veteran.","Я бачу лише одного огрядного поліцейського і одного загартованого ветерана."
"M02S08_INT_BradleyInWareHouse_Loca69","How dare you? I am a representative of the law.","Як ти смієш? Я представник закону."
"M02S08_INT_BradleyInWareHouse_Loca72","Relax. Look at what I found.","Розслабся. Подивись, що я знайшов."
"M02S08_INT_BradleyInWareHouse_Loca73","M02S08_INT_BradleyInWareHouse_Loca73",""
"M02S08_INT_Cat_AfterClash_Loca1","M02S08_INT_Cat_AfterClash_Loca1",""
"M02S08_INT_Cat_AfterClash_Loca18","M02S08_INT_Cat_AfterClash_Loca18",""
"M02S08_INT_Cat_AfterClash_Loca13","If you've broken my nose...","Якщо ти зламав мені ніс..."
"M02S08_INT_Cat_AfterClash_Loca29","I was careful. This time.","Я був обережний. Цього разу."
"M02S08_INT_Cat_AfterClash_Loca30","Do you want us to take care of him, Cat?","Тобі потрібно, щоб ми з ним розібралися, Кіт?"
"M02S08_INT_Cat_AfterClash_Loca31","No. Not yet.","Ні. Ще ні."
"M02S08_INT_Cat_AfterClash_Loca5","You don't lack nerve... And you've got a fairly good right. I'm always on a look-out for well-built guys to work for me.","У тебе не бракує відваги... І в тебе досить хороший удар. Я завжди шукаю добре складених хлопців, щоб працювати на мене."
"M02S08_INT_Cat_AfterClash_Loca24","I'll make a note of it.","Я занотую це."
"M02S08_INT_Cat_AfterClash_Loca36","Please do. I am Cat. I run the neighborhood.","Будь ласка, зроби це. Я - Кіт. Я керую тут по-сусідству."
"M02S08_INT_Cat_AfterClash_Loca34","M02S08_INT_Cat_AfterClash_Loca34",""
"M02S08_INT_Cat_AfterClash_Loca4","Everyone marches to my tune here.","Кожен тут танцює під мою дудку."
"M02S08_INT_Cat_AfterClash_Loca25","Even Captain Fitzroy?","Навіть капітан Фіцрой?"
"M02S08_INT_Cat_AfterClash_Loca26","Don't push me. You've pushed your luck far enough for one day.","Не тисни на мене. Ти вже достатньо ризикував на сьогодні."
"M02S08_INT_Cat_AfterClash_Loca40","M02S08_INT_Cat_AfterClash_Loca40",""
"M02S08_INT_Cat_AfterClash_Loca32","M02S08_INT_Cat_AfterClash_Loca32",""
"M02S08_INT_Cat_AfterClash_Loca37","I understand that.","Я це розумію."
"M02S08_INT_Cat_AfterClash_Loca39","And yet here you are. Obviously you're not that smart.","І все ж ти тут. Очевидно, ти вже не такий розумаха."
"M02S08_INT_Cat_AfterClash_Loca16","Rather than foolishly risking your skin, come and see me in the bar one of these days.","Замість того, щоб безглуздо ризикувати своєю шкірою, приходь до мене в бар на днях."
"M02S08_INT_Cat_AfterClash_Loca12","We can talk about what I can do for you... And what you can do for me.","Ми можемо поговорити про те, що я можу зробити для тебе... І що ти можеш зробити для мене."
"M02S08_INT_Cat_Bar_Loca1","M02S08_INT_Cat_Bar_Loca1",""
"M02S08_INT_Cat_Bar_Loca7","M02S08_INT_Cat_Bar_Loca7",""
"M02S08_INT_Cat_Bar_Loca9","Mitchell! A drink for our new friend.","Мітчелл! Напій для нашого нового друга."
"M02S08_INT_Cat_Bar_Loca151","M02S08_INT_Cat_Bar_Loca151",""
"M02S08_INT_Cat_Bar_Loca30","I owe you. You don't know how to fight, but at least you've got guts.","Я тобі завинила. Ти не вмієш битися, але принаймні в тебе є яйця."
"M02S08_INT_Cat_Bar_Loca153","Yes, aching guts.","Так, болять кишки."
"M02S08_INT_Cat_Bar_Loca154","I’ve got them too. But you don't hear me whining like a pooch who's lost its leash.","У мене теж болять. Але ти не чуєш, як я скиглю, як пес, який втратив повідок."
"M02S08_INT_Cat_Bar_Loca159","You didn't back down. It's something that I respect.","Ти не відступив. Це те, що я поважаю"
"M02S08_INT_Cat_Bar_Loca160","So understand by that, if I catch you again, you'll carry a more permanent reminder of our encounter.","Тож зрозумій, якщо я знову тебе спіймаю, ти отримаєш більш постійне нагадування про нашу зустріч."
"M02S08_INT_Cat_Bar_Loca165","M02S08_INT_Cat_Bar_Loca165",""
"M02S08_INT_Cat_Bar_Loca161","M02S08_INT_Cat_Bar_Loca161",""
"M02S08_INT_Cat_Bar_Loca31","I think it's time to talk business.","Я думаю, настав час поговорити про справи."
"M02S08_INT_Cat_Bar_Loca195","M02S08_INT_Cat_Bar_Loca195",""
"M02S08_INT_Cat_Bar_Loca162","No hard feelings?","Без образ?"
"M02S08_INT_Cat_Bar_Loca163","For a lucky little blow? You think I got to be boss of these lads without taking any hits?","За вдалий удар? Ти думаєш, я стала босом цих хлопців, не отримавши жодного удару?"
"M02S08_INT_Cat_Bar_Loca164","It will serve as a lesson: I was too soft with you. Next time, I'll hit first.","Це послужить уроком: я була занадто м'якою з тобою. Наступного разу я вдарю першою."
"M02S08_INT_Cat_Bar_Loca32","Tell me what brings you to Darkwater.","Розкажи мені, що привело тебе на Дарквотер."
"M02S08_INT_Cat_Bar_Loca33","M02S08_INT_Cat_Bar_Loca33",""
"M02S08_INT_Cat_Bar_Loca34","[Tell the truth]","[Сказати правду]"
"M02S08_INT_Cat_Bar_Loca36","I'm investigating the death of the Hawkins family.","Я розслідував смерть родини Гокінсів."
"M02S08_INT_Cat_Bar_Loca37","It's very nice of you to tell me the truth so openly.","Це дуже мило з твого боку так відкрито розповідати мені правду."
"M02S08_INT_Cat_Bar_Loca150","But it's also really stupid of you. You really don't seem to know the area.","Але це також дуже по-дурному з твого боку. Ти справді не знаєш цю місцевість."
"M02S08_INT_Cat_Bar_Loca39","Let me give you a little advice.","Дозволь мені дати тобі кілька порад"
"M02S08_INT_Cat_Bar_Loca46","M02S08_INT_Cat_Bar_Loca46",""
"M02S08_INT_Cat_Bar_Loca35","[Lie]","[Збрехати]"
"M02S08_INT_Cat_Bar_Loca40","I'm fascinated by the history of the whaling station.","Я захоплююся історією китобійної станції."
"M02S08_INT_Cat_Bar_Loca41","You certainly don't lack style. But enough of the jokes.","Ти, безумовно, не позбавлений стилю. Але досить жартів."
"M02S08_INT_Cat_Bar_Loca42","You reek of private eye. Who did you come for?","Ти смердиш приватним детективом. За ким ти прийшов?"
"M02S08_INT_Cat_Bar_Loca43","The Hawkins family.","Родина Гокінсів."
"M02S08_INT_Cat_Bar_Loca166","Now why doesn’t that surprise me. A little advice, though.","І чому це мене не дивує. Втім, маленька порада."
"M02S08_INT_Cat_Bar_Loca47","M02S08_INT_Cat_Bar_Loca47",""
"M02S08_INT_Cat_Bar_Loca45","If you want to survive more than a day in this rat hole, avoid talking about them to the first people you meet.","Якщо ти хочеш вижити більше ніж день в цій щурячій дірі, уникай розмов про них з першими ліпшими на шляху."
"M02S08_INT_Cat_Bar_Loca48","M02S08_INT_Cat_Bar_Loca48",""
"M02S08_INT_Cat_Bar_Loca49","I thought she was the biggest danger.","Я думав, що вона найбільша небезпека."
"M02S08_INT_Cat_Bar_Loca53","Is that more dangerous than having a drink with you?","Це більш небезпечно, ніж випити з тобою?"
"M02S08_INT_Cat_Bar_Loca56","I'm not kidding.","Я не жартую."
"M02S08_INT_Cat_Bar_Loca57","The old families were here long before us.","Старі родини були тут задовго до нас"
"M02S08_INT_Cat_Bar_Loca58","And they'll be here long after we're gone.","І вони будуть тут ще довго після того, як ми підемо."
"M02S08_INT_Cat_Bar_Loca59","The old families?","Старі родини?"
"M02S08_INT_Cat_Bar_Loca60","The descendants of the first whalers...","Потомки перших китобоїв..."
"M02S08_INT_Cat_Bar_Loca61","These people truly worship their ancestors.","Ці люди справді поклоняються своїм предкам."
"M02S08_INT_Cat_Bar_Loca68","M02S08_INT_Cat_Bar_Loca68",""
"M02S08_INT_Cat_Bar_Loca50","I need help to get into the warehouse.","Мені потрібна допомога, щоб потрапити на склад."
"M02S08_INT_Cat_Bar_Loca54","I need to get into the Hawkins warehouse.","Мені потрібно потрапити на склад Гокінсів."
"M02S08_INT_Cat_Bar_Loca89","You're out of luck. It’s on my turf.","Тобі не пощастило. Він на моїй території."
"M02S08_INT_Cat_Bar_Loca88","It's precisely for that reason that I've come to see you.","Саме з цієї причини я прийшов до тебе"
"M02S08_INT_Cat_Bar_Loca90","Are you pulling my leg?","Ти знущаєшся з мене?"
"M02S08_INT_Cat_Bar_Loca91","M02S08_INT_Cat_Bar_Loca91",""
"M02S08_INT_Cat_Bar_Loca92","Not at all!","Зовсім ні!"
"M02S08_INT_Cat_Bar_Loca110","I'm very serious.","Я дуже серйозно."
"M02S08_INT_Cat_Bar_Loca123","A whole family died in a fire.","Ціла родина згоріла заживо."
"M02S08_INT_Cat_Bar_Loca124","And I've got reason to believe that there's still more to be said on the subject.","І в мене є підстави вважати, що про це ще можна багато чого сказати."
"M02S08_INT_Cat_Bar_Loca122","M02S08_INT_Cat_Bar_Loca122",""
"M02S08_INT_Cat_Bar_Loca93","I’m losing my patience.","Я втрачаю моє терпіння."
"M02S08_INT_Cat_Bar_Loca111","Your small-time hoodlum number is starting to tire me.","Твоя дрібна бандитська вистава починає мене втомлювати."
"M02S08_INT_Cat_Bar_Loca126","My number?","Моя вистава?"
"M02S08_INT_Cat_Bar_Loca127","I thought I'd made myself clear, but we can go through it again if you didn't understand.","Я думав, що я ясно висловився, але ми можемо повторити це ще раз, якщо ти не зрозумів."
"M02S08_INT_Cat_Bar_Loca128","Is it better, your nose?","Тепер краще, твій ніс?"
"M02S08_INT_Cat_Bar_Loca130","You took me by surprise. It won't happen again.","Ти мене здивував. Це більше не повториться."
"M02S08_INT_Cat_Bar_Loca129","Don't be foolhardy. Just be glad that you're still alive after your lucky blow.","Не будь нерозумним. Просто радій, що ти досі живий після свого вдалого удару."
"M02S08_INT_Cat_Bar_Loca131","So amusing.","Так весело."
"M02S08_INT_Cat_Bar_Loca121","M02S08_INT_Cat_Bar_Loca121",""
"M02S08_INT_Cat_Bar_Loca94","Would I have taken that risk?","Чи ризикував би я цим?"
"M02S08_INT_Cat_Bar_Loca112","Think it over.","Подумай над цим."
"M02S08_INT_Cat_Bar_Loca114","I've seen what you're capable of.","Я бачив, на що ти здатний."
"M02S08_INT_Cat_Bar_Loca115","And you didn't miss me.","І ти не промахнувся."
"M02S08_INT_Cat_Bar_Loca116","You almost got me.","Ти майже мене дістав."
"M02S08_INT_Cat_Bar_Loca118","I accept the compliment.","Я приймаю комплімент."
"M02S08_INT_Cat_Bar_Loca120","M02S08_INT_Cat_Bar_Loca120",""
"M02S08_INT_Cat_Bar_Loca119","Well, I see you're serious.","Ну, бачу, ти серйозний."
"M02S08_INT_Cat_Bar_Loca74","To be honest, as long as it doesn't interfere with my business, I don't care.","Чесно кажучи, поки це не заважає моєму бізнесу, мені все одно."
"M02S08_INT_Cat_Bar_Loca75","But I'll go with you, to make sure you don't stick your nose into things that don't concern you.","Але я піду з тобою, щоб переконатися, що ти не сунеш свого носа в те, що тебе не стосується."
"M02S08_INT_Cat_Bar_Loca76","Sounds honest to me.","Звучить чесно для мене."
"M02S08_INT_Cat_Bar_Loca77","I'm not finished.","Я ще не закінчив."
"M02S08_INT_Cat_Bar_Loca78","If I do that for you. If I let you onto our turf to conduct your little affairs...","Якщо я зроблю це для тебе. Якщо я дозволю тобі зайти на нашу територію, щоб займатися своїми справами..."
"M02S08_INT_Cat_Bar_Loca79","You'll be indebted to me.","Ти будеш мені винен."
"M02S08_INT_Cat_Bar_Loca84","And I guarantee that I always collect on what I'm owed.","І я гарантую, що завжди стягую те, що мені винні."
"M02S08_INT_Cat_Bar_Loca83","Think about it. I help you, you’ll owe me a favor in return. Do you accept?","Подумай про це. Я допомагаю тобі, ти будеш мені винен послугу в обмін. Ти згоден?"
"M02S08_INT_Cat_Bar_Loca63","M02S08_INT_Cat_Bar_Loca63",""
"M02S08_INT_Cat_Bar_Loca51","You must know Darkwater well.","Ти, напевно, добре знаєш Дарквотер."
"M02S08_INT_Cat_Bar_Loca55","I've got a few questions about the island.","У мене є кілька запитань про острів"
"M02S08_INT_Cat_Bar_Loca64","I'm not here to give you information. Mitchell will tell you what he wants to tell you.","Я не задля того тут, щоб давати тобі інформацію. Мітчелл скаже тобі те, що захоче сказати тобі."
"M02S08_INT_Cat_Bar_Loca67","M02S08_INT_Cat_Bar_Loca67",""
"M02S08_INT_Cat_Bar_Loca52","[Leave]","[Піти]"
"M02S08_INT_Cat_Bar_Loca69","I won't bother you any longer.","Я більше не буду тебе турбувати."
"M02S08_INT_Cat_Bar_Loca70","I raise my glass to this excellent suggestion!","Я піднімаю свій келих за цю чудову пропозицію!"
"M02S08_INT_Cat_Bar_Loca10","M02S08_INT_Cat_Bar_Loca10",""
"M02S08_INT_Cat_Bar_Loca11","Yes.","Так."
"M02S08_INT_Cat_Bar_Loca12","Do I have a choice?","Чи є у мене вибір?"
"M02S08_INT_Cat_Bar_Loca86","We always have one, detective.","Ми завжди маємо вибір, детективе."
"M02S08_INT_Cat_Bar_Loca13","No.","Ні."
"M02S08_INT_Cat_Bar_Loca14","I don't think I'm ready to pay the price.","Я не думаю, що я готовий заплатити таку ціну."
"M02S08_INT_Cat_Bar_Loca15","As you wish, but I think you'll be back.","Як хочеш, але я думаю, що ти повернешся."
"M02S08_INT_Cat_Bar_Loca143","M02S08_INT_Cat_Bar_Loca143",""
"M02S08_INT_Cat_Bar_Loca144","I told you to beat it.","Я ж казав тобі, щоб ти йшов геть."
"M02S08_INT_Cat_Bar_Loca155","M02S08_INT_Cat_Bar_Loca155",""
"M02S08_INT_Cat_Bar_Loca156","Can't you see that we're in the middle of a conversation?","Не бачиш, що ми посеред розмови?"
"M02S08_INT_Cat_Bar_Loca168","M02S08_INT_Cat_Bar_Loca168",""
"M02S08_INT_Cat_Bar_Loca169","M02S08_INT_Cat_Bar_Loca169",""
"M02S08_INT_Cat_Bar_Loca95","M02S08_INT_Cat_Bar_Loca95",""
"M02S08_INT_Cat_Bar_Loca96","So you want to go to this warehouse, or not?","Тож ти хочеш піти на цей склад, чи ні?"
"M02S08_INT_Cat_Bar_Loca98","M02S08_INT_Cat_Bar_Loca98",""
"M02S08_INT_Cat_Bar_Loca99","Yes.","Так."
"M02S08_INT_Cat_Bar_Loca102","I'm with you.","Я з тобою."
"M02S08_INT_Cat_Bar_Loca103","Don't lose me this time.","Не втрачай мене цього разу."
"M02S08_INT_Cat_Bar_Loca101","Yes.","Так."
"M02S08_INT_Cat_Bar_Loca104","I have no other choice.","У мене немає іншого вибору."
"M02S08_INT_Cat_Bar_Loca106","You sure you won't regret it?","Ти впевнений, що не пошкодуєш про це?"
"M02S08_INT_Cat_Bar_Loca105","M02S08_INT_Cat_Bar_Loca105",""
"M02S08_INT_Cat_Bar_Loca100","Not yet.","Ні, ще ні."
"M02S08_INT_Cat_Bar_Loca107","I'm still looking for other options.","Я все ще шукаю інші варіанти."
"M02S08_INT_Cat_Bar_Loca108","*Ahahah!*","*Ахахах!*"
"M02S08_INT_Cat_Bar_Loca2","M02S08_INT_Cat_Bar_Loca2",""
"M02S08_INT_Cat_Bar_Loca6","What you looking at, stranger?","На що ти дивишся, чужинцю?"
"M02S08_INT_Cat_Bar_Loca16","M02S08_INT_Cat_Bar_Loca16",""
"M02S08_INT_Cat_Bar_Loca17","Nothing at all.","Нічого такого."
"M02S08_INT_Cat_Bar_Loca141","I'm just passing by, sorry.","Я просто проходжу повз, вибач."
"M02S08_INT_Cat_Bar_Loca142","*Peuh!*","*Пфу!*"
"M02S08_INT_Cat_Bar_Loca27","M02S08_INT_Cat_Bar_Loca27",""
"M02S08_INT_Cat_Bar_Loca18","She can certainly put them away...","Вона дійсно може їх випити..."
"M02S08_INT_Cat_Bar_Loca132","I've rarely seen a woman who can hold her liquor so confidently.","Я рідко бачив жінку, яка так впевнено тримає алкоголь."
"M02S08_INT_Cat_Bar_Loca25","What gives you the right to judge me?","Що дає тобі право судити мене?"
"M02S08_INT_Cat_Bar_Loca134","It was a compliment.","Це був комплімент."
"M02S08_INT_Cat_Bar_Loca135","So what?","І що з того?"
"M02S08_INT_Cat_Bar_Loca28","M02S08_INT_Cat_Bar_Loca28",""
"M02S08_INT_Cat_Bar_Loca19","What is a woman like you doing in a place like this?","Що робить жінка, як ти, в такому місці?"
"M02S08_INT_Cat_Bar_Loca136","The clientele is predominantly male.","Клієнтура переважно чоловіча."
"M02S08_INT_Cat_Bar_Loca26","Tell me something I don’t know.","Скажи мені щось, чого я не знаю."
"M02S08_INT_Cat_Bar_Loca137","I meant nothing by it.","Я нічого такого не мав на увазі."
"M02S08_INT_Cat_Bar_Loca138","I'm just wondering what a woman like you is doing in this dive.","Я просто дивуюсь, що жінка, як ти, робить в такій дірі."
"M02S08_INT_Cat_Bar_Loca139","And, I'm wondering what could be going through the head of the chump who goes to disturb her.","І я дивуюсь, що може бути в голові дурня, який йде її турбувати."
"M02S08_INT_Cat_Bar_Loca29","M02S08_INT_Cat_Bar_Loca29",""
"M02S08_INT_Cat_Bar_Loca173","Everyone knows about you.","Про тебе всі знають."
"M02S08_INT_Cat_Bar_Loca174","Your men are simply thugs.","Твої люди - просто головорізи."
"M02S08_INT_Cat_Bar_Loca176","Where did he come from?","Звідки він взявся?"
"M02S08_INT_Cat_Bar_Loca175","That's what I pay you for.","Ось за що я тобі плачу."
"M02S08_INT_Cat_Bar_Loca190","M02S08_INT_Cat_Bar_Loca190",""
"M02S08_INT_Cat_Bar_Loca177","Not too much, I hope. Two guys to knock around one poor drunk doesn't seem like a good investment.","Не дуже, я сподіваюсь. Двоє хлопців, щоб побити одного бідного п'яницю, не здаються хорошою інвестицією."
"M02S08_INT_Cat_Bar_Loca179","M02S08_INT_Cat_Bar_Loca179",""
"M02S08_INT_Cat_Bar_Loca183","If you want, I'll show you what I can do on my own.","Якщо хочеш, я покажу тобі, на що здатна сама."
"M02S08_INT_Cat_Bar_Loca184","I'm not drunk enough for you.","Я недостатньо п'яна, щоб ти впорався зі мною"
"M02S08_INT_Cat_Bar_Loca187","M02S08_INT_Cat_Bar_Loca187",""
"M02S08_INT_Cat_Bar_Loca181","M02S08_INT_Cat_Bar_Loca181",""
"M02S08_INT_Cat_Bar_Loca178","I'll give you good investment!","Я дам тобі хорошу інвестицію!"
"M02S08_INT_Cat_Bar_Loca182","No trouble in my bar!","Ніяких проблем у моєму барі!"
"M02S08_INT_Cat_Bar_Loca185","If you've got a serious offer to make me, we'll talk later.","Якщо у тебе є серйозна пропозиція, ми поговоримо пізніше."
"M02S08_INT_Cat_Bar_Loca186","Let's hope that you'll have as much nerve when you're sober.","Сподіваюсь, ти матимеш стільки ж хоробрості, коли будеш тверезим."
"M02S08_INT_Cat_Bar_Loca188","If your bravado is just liquor talking, you'd better get off my island.","Якщо твоя відвага - це просто п'яне базікання, тобі краще звалити з мого острова."
"M02S08_INT_Cat_Bar_Loca194","You need more than a loud mouth to get my attention.","Тобі потрібно більше, ніж голосний рот, щоб привернути мою увагу."
"M02S08_INT_Cat_Bar_Loca189","In the mean time, get out of here.","А поки що, вали звідси."
"M02S08_INT_Cat_Bar_Loca192","M02S08_INT_Cat_Bar_Loca192",""
"M02S08_INT_Cat_Bar_Loca193","M02S08_INT_Cat_Bar_Loca193",""
"M02S08_INT_Cat_Bar_Loca24","Let me drink, stranger.","Дай мені випити, чужак."
"M02S08_INT_Cat_Clash_Loca1","M02S08_INT_Cat_Clash_Loca1",""
"M02S08_INT_Cat_Clash_Loca2","Well, well… A little mouse has got lost on our turf.","Ну, ну... Маленька мишка заблукала на нашій території."
"M02S08_INT_Cat_Clash_Loca95","You're not only inquisitive. You’re also stupid.","Ти не тільки допитливий. Ти ще й дурний."
"M02S08_INT_Cat_Clash_Loca96","What gave you the crazy idea to come onto my turf?","Яка божевільна ідея змусила тебе прийти на мою територію?"
"M02S08_INT_Cat_Clash_Loca18","M02S08_INT_Cat_Clash_Loca18",""
"M02S08_INT_Cat_Clash_Loca20","I had no idea.","Я не мав уявлення."
"M02S08_INT_Cat_Clash_Loca23","Your turf? That's news to me.","Твоя територія? Це новина для мене."
"M02S08_INT_Cat_Clash_Loca27","For a guy who has no idea, you've been doing a fair bit of poking around.","Для хлопця, який не має уявлення, ти досить багато рився в чужих справах."
"M02S08_INT_Cat_Clash_Loca87","My men saw you staking out the Hawkins warehouse.","Мої люди бачили, як ти стежив за складом Гокінсів."
"M02S08_INT_Cat_Clash_Loca88","That's not against the law.","Це не протизаконно."
"M02S08_INT_Cat_Clash_Loca98","I’m no idiot, detective.","Я не ідіотка, детективе."
"M02S08_INT_Cat_Clash_Loca57","M02S08_INT_Cat_Clash_Loca57",""
"M02S08_INT_Cat_Clash_Loca21","Let me through!","Пропусти мене!"
"M02S08_INT_Cat_Clash_Loca24","This muddy alley is yours?","Ця брудна алея твоя?"
"M02S08_INT_Cat_Clash_Loca28","Good for you.","Добре для тебе."
"M02S08_INT_Cat_Clash_Loca29","Me, I've got work to do.","Для мене, я маю роботу."
"M02S08_INT_Cat_Clash_Loca30","I don't think that you've quite understood the situation.","Я не думаю, що ти зовсім зрозумів ситуацію."
"M02S08_INT_Cat_Clash_Loca55","M02S08_INT_Cat_Clash_Loca55",""
"M02S08_INT_Cat_Clash_Loca22","[Don't say anything]","[Не казати нічого]"
"M02S08_INT_Cat_Clash_Loca25","...","..."
"M02S08_INT_Cat_Clash_Loca62","Has the cat got you tongue?","Кіт тобі язик відкусила?"
"M02S08_INT_Cat_Clash_Loca63","You've come for a fight.","Ти прийшов на бійку."
"M02S08_INT_Cat_Clash_Loca64","What I've got to say won't change a thing.","Те, що я мав сказати, нічого не змінить."
"M02S08_INT_Cat_Clash_Loca65","You're a quick learner.","Ти швидко вчишся."
"M02S08_INT_Cat_Clash_Loca86","M02S08_INT_Cat_Clash_Loca86",""
"M02S08_INT_Cat_Clash_Loca32","I'll tell you how things work around here.","Я розповім тобі, як тут все працює."
"M02S08_INT_Cat_Clash_Loca19","I decide who comes in and who stays out.","Я вирішую, хто заходить і хто залишається."
"M02S08_INT_Cat_Clash_Loca61","And anyone who doesn't respect my rules, I punish them.","А будь-хто, хто не поважає мої правила, буде покараний."
"M02S08_INT_Cat_Clash_Loca33","M02S08_INT_Cat_Clash_Loca33",""
"M02S08_INT_Cat_Clash_Loca34","[Attack]","[Напасти]"
"M02S08_INT_Cat_Clash_Loca68","M02S08_INT_Cat_Clash_Loca68",""
"M02S08_INT_Cat_Clash_Loca91","As you wish.","Як побажаєщ."
"M02S08_INT_Cat_Clash_Loca67","M02S08_INT_Cat_Clash_Loca67",""
"M02S08_INT_Cat_Clash_Loca93","You asked for it!","Ти сам цього хотів!"
"M02S08_INT_Cat_Clash_Loca35","Must we fight?","Мусимо битися?"
"M02S08_INT_Cat_Clash_Loca39","You don't have to do this.","Тобі не потрібно це робити."
"M02S08_INT_Cat_Clash_Loca77","Of course I do, and I'll even take pleasure in doing it.","Звичайно, і я навіть отримаю задоволення від цього."
"M02S08_INT_Cat_Clash_Loca36","So you're Cat.","Отже, ти - Кіт."
"M02S08_INT_Cat_Clash_Loca40","Is your name Cat?","Твоє ім'я Кіт?"
"M02S08_INT_Cat_Clash_Loca79","What of it?","Що з того?"
"M02S08_INT_Cat_Clash_Loca81","Maybe we can come to an understanding?","Можливо, ми зможемо порозумітися?"
"M02S08_INT_Cat_Clash_Loca83","Maybe. Or maybe not.","Можливо. А можливо, і ні."
"M02S08_INT_CrossCatWhileLeaving_Loca1","M02S08_INT_CrossCatWhileLeaving_Loca1",""
"M02S08_INT_CrossCatWhileLeaving_Loca2","This case has nothing to do with you, Baker. Clear the passage or I'll shut you up for obstruction.","Ця справа не стосується тебе, Бейкер. Очисти прохід, або я закрию тобі рот за перешкоджання."
"M02S08_INT_CrossCatWhileLeaving_Loca3","Officer Bradley! You’ve finally grown a pair. Too bad you're too fat to see them down there.","Офіцере Бредлі! Ти нарешті подорослішав. Шкода, що ти занадто товстий, щоб бачити їх там унизу."
"M02S08_INT_CrossCatWhileLeaving_Loca11","You...","Ти..."
"M02S08_INT_CrossCatWhileLeaving_Loca7","Come on, keep the smile. You don't want to force me to widen it.","Давай, тримай усмішку. Ти ж не хочеш змусити мене її розширити."
"M02S08_INT_CrossCatWhileLeaving_Loca10","Looks like you've met your match, Baker. I'd like to see that more often.","Схоже, ти зустрів свого суперника, Бейкер. Я б хотів бачити це частіше."
"M02S08_INT_CrossCatWhileLeaving_Loca4","OK, I get it. Can we go to the mansion, now?","Добре, я зрозумів. Можемо йти до маєтку зараз?"
"M02S08_INT_CrossCatWhileLeaving_Loca5","Who the hell are you? What were you doing on my turf?","Хто ти, чорт забирай? Що ти робив на моїй території?"
"M02S08_INT_CrossCatWhileLeaving_Loca14","I've got my eye on you. We'll meet again.","Я стежу за тобою. Ми ще зустрінемося."
"M02S08_INT_CrossCatWhileLeaving_Loca8","Get this jackass out of here, before I stroke his other cheek.","Виведи цього ідіота звідси, перш ніж я вдарю його по іншій щоці."
"M02S08_INT_CrossCatWhileLeaving_Loca9","I thought I'd straightened you out, Mister. I'm disappointed.","Я думав, що я тебе виправив, містере. Я розчарований."
"M02S08_INT_CrossCatWhileLeaving_Loca12","But we'll meet again.","Але ми ще зустрінемося."
"M02S08_INT_DockersAfterSmugglers_Loca1","M02S08_INT_DockersAfterSmugglers_Loca1",""
"M02S08_INT_DockersAfterSmugglers_Loca2","Are you alright?","Ви в порядку?"
"M02S08_INT_DockersAfterSmugglers_Loca32","Don't worry about us, we've seen worse.","Не турбуйся про нас, ми бачили й гірше."
"M02S08_INT_DockersAfterSmugglers_Loca4","Not only do they show us no respect, now they're invading the docks. Our docks.","Не тільки вони не поважають нас, тепер вони ще й вторгаються в доки. Наші доки."
"M02S08_INT_DockersAfterSmugglers_Loca33","Leave it, only the Captain can do something about it.","Залиш це, тільки Капітан може щось з цим зробити."
"M02S08_INT_DockersAfterSmugglers_Loca34","And you, sir, would do well to take care.","А ви, сер, краще бережіться."
"M02S08_INT_DockersAfterSmugglers_Loca5","M02S08_INT_DockersAfterSmugglers_Loca5",""
"M02S08_INT_DockersAfterSmugglers_Loca6","What are bootleggers doing on this pebble?","Що роблять контрабандисти на цьому камені?"
"M02S08_INT_DockersAfterSmugglers_Loca14","I never imagined that Darkwater could be an important site for bootlegging.","Я ніколи не уявляв, що Дарквотер може бути важливою точкою для контрабанди."
"M02S08_INT_DockersAfterSmugglers_Loca17","Thats because nobody bothers them here.","Тому що тут ніхто їх не чіпає."
"M02S08_INT_DockersAfterSmugglers_Loca45","They distill their alcohol in a disused warehouse and ship it to the mainland.","Вони переганяють свій алкоголь на закинутому складі і відправляють його на материк."
"M02S08_INT_DockersAfterSmugglers_Loca18","And the police does nothing?","А поліція нічого не робить?"
"M02S08_INT_DockersAfterSmugglers_Loca19","That bunch of deadbeats?","Ця купка неробочих?"
"M02S08_INT_DockersAfterSmugglers_Loca46","No, they don't do a thing.","Ні, вони нічого не роблять."
"M02S08_INT_DockersAfterSmugglers_Loca20","M02S08_INT_DockersAfterSmugglers_Loca20",""
"M02S08_INT_DockersAfterSmugglers_Loca7","What can Fitzroy do about it?","Що може зробити Фіцрой з цим?"
"M02S08_INT_DockersAfterSmugglers_Loca15","When you say that only the Captain can resolve this dispute, you're referring to Fitzroy?","Коли ти кажеш, що тільки Капітан може вирішити цей спір, ти маєш на увазі Фіцроя?"
"M02S08_INT_DockersAfterSmugglers_Loca23","That’s right. Without him, they would already have taken control of the harbor.","Саме так. Без нього вони вже б захопили гавань."
"M02S08_INT_DockersAfterSmugglers_Loca36","They'll get what's coming to them; he'll show them, the Captain!","Вони отримають те, що їм належить; він їм покаже, Капітане!"
"M02S08_INT_DockersAfterSmugglers_Loca24","Even Cat would be forced to obey him.","Навіть Кіт доведеться його слухати."
"M02S08_INT_DockersAfterSmugglers_Loca25","But I thought Cat was shaking him down?","Я думав, це вона з нього данину трясе?"
"M02S08_INT_DockersAfterSmugglers_Loca37","What can he do against them?","А що він їм зробить?"
"M02S08_INT_DockersAfterSmugglers_Loca26","What do we know?","А що ми знаємо?"
"M02S08_INT_DockersAfterSmugglers_Loca38","He's our captain and he told us not to worry.","Він наш капітан. Сказав не перейматися."
"M02S08_INT_DockersAfterSmugglers_Loca21","M02S08_INT_DockersAfterSmugglers_Loca21",""
"M02S08_INT_DockersAfterSmugglers_Loca8","The harbor seems to be abandoned.","Порт виглядає покинутим."
"M02S08_INT_DockersAfterSmugglers_Loca16","What do you live on? Fishing?","За рахунок чого ви живете? Рибальством?"
"M02S08_INT_DockersAfterSmugglers_Loca27","Not anymore.","Вже ні."
"M02S08_INT_DockersAfterSmugglers_Loca40","Darkwater was specialized in whale hunting.","Дарквотер колись славився китобійним промислом."
"M02S08_INT_DockersAfterSmugglers_Loca41","But we haven't seen a whale in these waters for far too long.","Але ми вже давно не бачили тут жодного кита."
"M02S08_INT_DockersAfterSmugglers_Loca42","The last one docked on Darkwater was the one of the Miraculous Catch.","Останній, що прибув на Дарквотер — той самий «Дивовижний улов»."
"M02S08_INT_DockersAfterSmugglers_Loca43","That's the huge whale?","О, той здоровенний кит?"
"M02S08_INT_DockersAfterSmugglers_Loca44","The biggest whale ever seen!","Найбільший, якого тільки бачили!"
"M02S08_INT_DockersAfterSmugglers_Loca29","Saved our island.","Він врятував наш острів."
"M02S08_INT_DockersAfterSmugglers_Loca28","Alright.","Ясно."
"M02S08_INT_DockersAfterSmugglers_Loca22","M02S08_INT_DockersAfterSmugglers_Loca22",""
"M02S08_INT_DockersAfterSmugglers_Loca9","[Leave]","[Піти]"
"M02S08_INT_DockersAfterSmugglers_Loca13","Sorry, I've got business.","Вибач, у мене справи."
"M02S08_INT_Drunkards_Loca1","M02S08_INT_Drunkards_Loca1",""
"M02S08_INT_Drunkards_Loca331","M02S08_INT_Drunkards_Loca331",""
"M02S08_INT_Drunkards_Loca332","Oh no, not you again!","О, тільки не ти знову!"
"M02S08_INT_Drunkards_Loca334","You only bring us trouble.","З тобою одні неприємності."
"M02S08_INT_Drunkards_Loca335","Look what they did to me! It's your fault!","Подивися, що вони зі мною зробили! Це через тебе!"
"M02S08_INT_Drunkards_Loca297","M02S08_INT_Drunkards_Loca297",""
"M02S08_INT_Drunkards_Loca298","So, have you got what we asked you for?","Ну що, приніс те, що ми просили?"
"M02S08_INT_Drunkards_Loca299","M02S08_INT_Drunkards_Loca299",""
"M02S08_INT_Drunkards_Loca300","I've got your liquor.","Я приніс ваш алкоголь."
"M02S08_INT_Drunkards_Loca302","You'll like it: this bottle comes from their personal stock.","Це тобі сподобається: ця пляшка з їхнього особистого запасу."
"M02S08_INT_Drunkards_Loca303","Well done!","Приголомшливо!"
"M02S08_INT_Drunkards_Loca306","Here.","Ось."
"M02S08_INT_Drunkards_Loca308","Now sit back and enjoy our performance.","Тепер розслабся і насолоджуйся нашим виступом."
"M02S08_INT_Drunkards_Loca301","I don't have any on me.","У мене нічого немає при собі."
"M02S08_INT_Drunkards_Loca314","Liquor?","Алкоголю?"
"M02S08_INT_Drunkards_Loca315","Exactly.","Саме так."
"M02S08_INT_Drunkards_Loca316","I'll try to find some for you.","Я спробую знайти для вас трохи алкоголю."
"M02S08_INT_Drunkards_Loca310","I haven't found it yet.","Я ще не знайшов його."
"M02S08_INT_Drunkards_Loca317","I didn't find your liquor.","Я не знайшов ваш алкоголь."
"M02S08_INT_Drunkards_Loca318","Because you haven't really looked.","Бо ти насправді не шукав."
"M02S08_INT_Drunkards_Loca319","There's no shortage of whiskey on Darkwater!","На Дарквотері не бракує віскі!"
"M02S08_INT_Drunkards_Loca311","[Leave]","[Піти]"
"M02S08_INT_Drunkards_Loca312","I'll be back.","Я повернуся."
"M02S08_INT_Drunkards_Loca313","Take your time. We’re going nowhere.","Не поспішай. Ми нікуди не йдемо."
"M02S08_INT_Drunkards_Loca320","Exactly, I've got a bottle on me.","Саме так, у мене є пляшка при собі."
"M02S08_INT_Drunkards_Loca321","Look what I got.","Ось що я приніс."
"M02S08_INT_Drunkards_Loca322","You're a good guy, you.","Ти хороший хлопець."
"M02S08_INT_Drunkards_Loca9","M02S08_INT_Drunkards_Loca9",""
"M02S08_INT_Drunkards_Loca16","Well well, look who's back.","Ну-ну, дивись, хто повернувся."
"M02S08_INT_Drunkards_Loca19","Did you miss us?","Ти сумував за нами?"
"M02S08_INT_Drunkards_Loca222","*hahaha*","*ха-ха-ха*"
"M02S08_INT_Drunkards_Loca159","M02S08_INT_Drunkards_Loca159",""
"M02S08_INT_Drunkards_Loca20","M02S08_INT_Drunkards_Loca20",""
"M02S08_INT_Drunkards_Loca251","You live here?","Ти тут живеш?"
"M02S08_INT_Drunkards_Loca189","Why did you do that?","Чому ти це зробив?"
"M02S08_INT_Drunkards_Loca252","We saw what you did to Saint Brendan!","Ми бачили, що ти зробив зі святим Бренданом!"
"M02S08_INT_Drunkards_Loca253","We'll teach you to come onto our island and ridicule our protectors!","Ми навчимо тебе не приходити на наш острів і не знущатися з наших захисників!"
"M02S08_INT_Drunkards_Loca190","M02S08_INT_Drunkards_Loca190",""
"M02S08_INT_Drunkards_Loca191","I've just arrived, you fools!","Я тільки що прибув, ви ідіоти!"
"M02S08_INT_Drunkards_Loca255","How can I be the one who defaced your saint?","Як я можу бути тим, хто зіпсував вашого святого?"
"M02S08_INT_Drunkards_Loca254","I've just come ashore, you idiots.","Я тільки що висадився на берег, ви йолопи."
"M02S08_INT_Drunkards_Loca257","That's true. We’re as drunk as lords.","Це правда. Ми п'яні як лорди."
"M02S08_INT_Drunkards_Loca256","You bet. You could have gone by without us seeing you.","Точно. Ти міг би пройти повз, і ми б тебе не помітили."
"M02S08_INT_Drunkards_Loca258","Do not rile me. You can hardly stand up.","Не дратуй мене. Ти ледве стоїш на ногах."
"M02S08_INT_Drunkards_Loca204","He's right. We’re no match.","Його правда. Ми йому не рівня."
"M02S08_INT_Drunkards_Loca292","For the moment.","На цей момент."
"M02S08_INT_Drunkards_Loca205","M02S08_INT_Drunkards_Loca205",""
"M02S08_INT_Drunkards_Loca192","I'd never have done such a thing.","Я б ніколи не зробив би такої фігні."
"M02S08_INT_Drunkards_Loca208","I respect your beliefs.","Я поважаю ваші переконання."
"M02S08_INT_Drunkards_Loca211","Our"" beliefs? You mean you don't believe in God?","Наші"" переконання? Ти хочеш сказати, що ти не віриш у Бога?"
"M02S08_INT_Drunkards_Loca260","It’s irrelevant.","Це не має значення."
"M02S08_INT_Drunkards_Loca212","That's what you think!","Ось що ти думаєш!"
"M02S08_INT_Drunkards_Loca207","M02S08_INT_Drunkards_Loca207",""
"M02S08_INT_Drunkards_Loca193","Who is Saint Brendan?","Хто такий святий Брендан?"
"M02S08_INT_Drunkards_Loca259","I'd never heard of this saint. Is it a local belief?","Я ніколи не чув про цього святого. Це місцева віра?"
"M02S08_INT_Drunkards_Loca261","But everyone knows Saint Brendan, the Navigator!","Але ж усі знають святого Брендана, мореплавця!"
"M02S08_INT_Drunkards_Loca262","He's the patron saint of whales and whalers.","Він покровитель китів і китобоїв."
"M02S08_INT_Drunkards_Loca263","What happened to the statue?","Що сталося зі статуєю?"
"M02S08_INT_Drunkards_Loca264","Go see for yourself. It’s at the end of the jetty.","Іди подивися сам. Вона в кінці причалу."
"M02S08_INT_Drunkards_Loca330","M02S08_INT_Drunkards_Loca330",""
"M02S08_INT_Drunkards_Loca3","We're annoyed. It’s understandable.","Ми роздратовані. Це зрозуміло."
"M02S08_INT_Drunkards_Loca213","There's you, our beloved statue, and then those two bozzos behind us…","Ти, наша улюблена статуя, і ці двоє йолопів позаду нас…"
"M02S08_INT_Drunkards_Loca344","Wait, now I think about it, it's got to be them! There's one of them who's always going back and forth to the statue.","Почекай, тепер я згадую, це, напевно, вони! Один з них завжди ходить туди-сюди до статуї."
"M02S08_INT_Drunkards_Loca343","Quieter! That's all we need for them to hear us.","Тихіше! Нам тільки цього не вистачає, щоб вони нас почули."
"M02S08_INT_Drunkards_Loca221","What brings you to Darkwater?","Що тебе привело на Дарквотер?"
"M02S08_INT_Drunkards_Loca160","M02S08_INT_Drunkards_Loca160",""
"M02S08_INT_Drunkards_Loca158","M02S08_INT_Drunkards_Loca158",""
"M02S08_INT_Drunkards_Loca76","Who are these guys that are keeping guard?","Хто ці хлопці, які стоять на варті?"
"M02S08_INT_Drunkards_Loca77","The two guys, behind you. What are they guarding?","Двоє хлопців позаду тебе. Що вони охороняють?"
"M02S08_INT_Drunkards_Loca78","The bootleggers? Scum.","Контрабандисти? Скотство."
"M02S08_INT_Drunkards_Loca295","They're protecting their territory. From whom, I wonder?","Вони захищають свою територію. Від кого, цікаво?"
"M02S08_INT_Drunkards_Loca272","They really don't have a choice, anyway.","Вони все одно не мають вибору."
"M02S08_INT_Drunkards_Loca118","They're more scared of Cat than an attack by drunken sailors.","Вони більше бояться Кіт, ніж нападу п'яних моряків."
"M02S08_INT_Drunkards_Loca273","If only they would kill each other.","Якби вони тільки вбили один одного."
"M02S08_INT_Drunkards_Loca113","M02S08_INT_Drunkards_Loca113",""
"M02S08_INT_Drunkards_Loca265","[Find out about the island]","[Дізнатися про острів]"
"M02S08_INT_Drunkards_Loca266","M02S08_INT_Drunkards_Loca266",""
"M02S08_INT_Drunkards_Loca274","Who is ""Cat""?","Хто така ""Кіт""?"
"M02S08_INT_Drunkards_Loca275","This Cat you mention, is she their boss?","Ця Кіт, про яку ти згадуєш, вона їхній бос?"
"M02S08_INT_Drunkards_Loca285","Is it Cat who's shaking down Captain Fitzroy?","Це Кіт, яка трясе данину з капітана Фіцроя?"
"M02S08_INT_Drunkards_Loca276","Hold on! Hold on just a minute! We didn't tell you a thing.","Почекай! Почекай хвилинку! Ми тобі нічого не розповідали."
"M02S08_INT_Drunkards_Loca277","Nothing at all.","Взагалі нічого."
"M02S08_INT_Drunkards_Loca278","M02S08_INT_Drunkards_Loca278",""
"M02S08_INT_Drunkards_Loca111","[Get rid of the two guards]","[Позбутися двох охоронців]"
"M02S08_INT_Drunkards_Loca227","I have an offer that could interest you.","У мене є пропозиція, яка може вас зацікавити."
"M02S08_INT_Drunkards_Loca323","We're listening.","Ми слухаємо."
"M02S08_INT_Drunkards_Loca112","The two men who are guarding the warehouse, behind you.","Двоє чоловіків, які охороняють склад, позаду вас."
"M02S08_INT_Drunkards_Loca324","I need you to keep them busy for a while.","Мені потрібно, щоб ви їх трохи зайняли."
"M02S08_INT_Drunkards_Loca228","You send us to take the punishment while you go quietly about your business.","Ви посилаєте нас на покарання, поки самі тихенько займаєтеся своїми справами."
"M02S08_INT_Drunkards_Loca325","What's in it for us?","Що з цього буде нам?"
"M02S08_INT_Drunkards_Loca326","What would convince you to help me?","Що б могло переконати вас допомогти мені?"
"M02S08_INT_Drunkards_Loca327","There's only one thing that'll get us to move!","Є тільки одна річ, яка змусить нас рухатися!"
"M02S08_INT_Drunkards_Loca328","For sure! Bring us something to drink and we'll take care of the bootleggers.","Звичайно! Принеси нам щось випити, і ми розберемося з контрабандистами."
"M02S08_INT_Drunkards_Loca329","M02S08_INT_Drunkards_Loca329",""
"M02S08_INT_Drunkards_Loca223","[Leave]","[Піти]"
"M02S08_INT_Drunkards_Loca225","I’ve taken enough of your time.","Я забрав у вас достатньо часу."
"M02S08_INT_Drunkards_Loca294","We'll see you later!","Побачимося пізніше!"
"M02S08_INT_Drunkards_Loca267","M02S08_INT_Drunkards_Loca267",""
"M02S08_INT_Drunkards_Loca102","So you don't have any work?","Тобто у вас немає роботи?"
"M02S08_INT_Drunkards_Loca103","Isn't it a bit early for alcohol?","А хіба не зарано для алкоголю?"
"M02S08_INT_Drunkards_Loca104","We've got nothing better to do anyway. There's not much work around here.","У нас все одно немає нічого кращого, чим би можна було зайнятись. Тут не так багато роботи."
"M02S08_INT_Drunkards_Loca105","Fitzroy gives us a few chores every now and again, but since the whaling station shut down, ain’t a lot of jobs left around here.","Фіцрой іноді дає нам кілька завдань, але з тих пір, як закрилася китобійна станція, тут не залишилося багато роботи."
"M02S08_INT_Drunkards_Loca235","So we drink.","То ж, ми п'ємо."
"M02S08_INT_Drunkards_Loca174","M02S08_INT_Drunkards_Loca174",""
"M02S08_INT_Drunkards_Loca268","Is this where you live?","Це ваше житло?"
"M02S08_INT_Drunkards_Loca280","Peculiar house...","Дивний будинок..."
"M02S08_INT_Drunkards_Loca281","Yeah, that's where we live: our boat.","Так, це наш дім: наш човен."
"M02S08_INT_Drunkards_Loca282","It's not because it doesn't float anymore that we're going to abandon it.","Це не тому, що він більше не плаває, ми збираємося його покинути."
"M02S08_INT_Drunkards_Loca283","M02S08_INT_Drunkards_Loca283",""
"M02S08_INT_Drunkards_Loca279","About Saint Brendan...","Щодо святого Брендана..."
"M02S08_INT_Drunkards_Loca286","That statue represents your local saint.","Ця статуя представляє вашого місцевого святого."
"M02S08_INT_Drunkards_Loca339","What do you mean by ""local"", exactly?","Що ти САМЕ маєш на увазі під ""місцевим""?"
"M02S08_INT_Drunkards_Loca340","You wouldn't be looking down at us, like all townspeople do?","Ти не дивишся на нас зверхньо, як це роблять усі городяни?"
"M02S08_INT_Drunkards_Loca341","Saint Brendan, he protected whalers, and fishermen, like us.","Святий Брендан захищав китобоїв і рибалок, як ми."
"M02S08_INT_Drunkards_Loca342","Until those assholes defaced him.","Поки ці придурки не зіпсували його."
"M02S08_INT_Drunkards_Loca287","M02S08_INT_Drunkards_Loca287",""
"M02S08_INT_Drunkards_Loca270","[Return]","[Повернутися]"
"M02S08_INT_Drunkards_Loca337","M02S08_INT_Drunkards_Loca337",""
"M02S08_INT_Fitzroy_Loca1","M02S08_INT_Fitzroy_Loca1",""
"M02S08_INT_Fitzroy_Loca224","M02S08_INT_Fitzroy_Loca224",""
"M02S08_INT_Fitzroy_Loca225","You're back again.","Ти знову тут."
"M02S08_INT_Fitzroy_Loca226","What can I do for you?","Чим можу допомогти?"
"M02S08_INT_Fitzroy_Loca227","M02S08_INT_Fitzroy_Loca227",""
"M02S08_INT_Fitzroy_Loca5","M02S08_INT_Fitzroy_Loca5",""
"M02S08_INT_Fitzroy_Loca91","From here I see everything that goes on in the harbor.","Звідси я бачу все, що відбувається в гавані."
"M02S08_INT_Fitzroy_Loca93","The hardworking lives of my sailors, the fights at the Stranded Whale…","Працьовите життя моїх моряків, бійки в ""Киті, що сів на мілину""…"
"M02S08_INT_Fitzroy_Loca310","Even the antics of these wharf rats don't escape me.","Навіть витівки цих причальних щурів не вислизають від мене."
"M02S08_INT_Fitzroy_Loca241","It's you who lays down the law around here?","Це ти тут встановлюєш правила?"
"M02S08_INT_Fitzroy_Loca240","Oh, I wouldn't go that far. I'm just the last serving captain on Darkwater.","О, я б не став так далеко заходити. Я просто останній чинний капітан на Дарквотері."
"M02S08_INT_Fitzroy_Loca102","Tell me what I can do to help you.","Скажи мені, чим я можу тобі допомогти."
"M02S08_INT_Fitzroy_Loca95","M02S08_INT_Fitzroy_Loca95",""
"M02S08_INT_Fitzroy_Loca13","M02S08_INT_Fitzroy_Loca13",""
"M02S08_INT_Fitzroy_Loca14","[Ask him about warehouse 36]","[Запитати його про склад 36]"
"M02S08_INT_Fitzroy_Loca18","I'm looking for warehouse 36. Do you know where it is?","Я шукаю склад 36. Ти знаєш, де він знаходиться?"
"M02S08_INT_Fitzroy_Loca24","Look, it's right there. The warehouse is opposite the jetty; you can't miss it.","Дивись, він прямо там. Склад навпроти причалу; ти його не пропустиш."
"M02S08_INT_Fitzroy_Loca26","Understood.","Зрозумів."
"M02S08_INT_Fitzroy_Loca27","You know who the building belongs to, don't you?","Ти ж знаєш, кому належить ця будівля, так?"
"M02S08_INT_Fitzroy_Loca109","M02S08_INT_Fitzroy_Loca109",""
"M02S08_INT_Fitzroy_Loca110","I've got no idea.","Не маю гадки."
"M02S08_INT_Fitzroy_Loca113","You tell me.","Ти мені скажи."
"M02S08_INT_Fitzroy_Loca114","I thought you would have worked it out.","Я думав, ти б це зрозумів."
"M02S08_INT_Fitzroy_Loca115","It belonged to Charles Hawkins.","Він належав Чарльзу Гокінсу."
"M02S08_INT_Fitzroy_Loca116","Ship-owners from father to son.","Власники кораблів з покоління в покоління."
"M02S08_INT_Fitzroy_Loca117","I see. That explains those loading manifests.","Розумію. Це пояснює ці вантажні манифести."
"M02S08_INT_Fitzroy_Loca324","Too bad I can't get much out from them.","На жаль, я не можу багато від них дізнатися."
"M02S08_INT_Fitzroy_Loca127","M02S08_INT_Fitzroy_Loca127",""
"M02S08_INT_Fitzroy_Loca111","Is this a game for you?","Це для тебе гра?"
"M02S08_INT_Fitzroy_Loca129","I don't have time to play guessing games.","У мене немає часу на ігри в здогадки."
"M02S08_INT_Fitzroy_Loca128","I'm investigating the death of a whole family.","Я розслідуваю смерть цілої родини."
"M02S08_INT_Fitzroy_Loca130","You're right.","Ти правий."
"M02S08_INT_Fitzroy_Loca131","M02S08_INT_Fitzroy_Loca131",""
"M02S08_INT_Fitzroy_Loca112","You underestimate me.","Ти мене недооцінюєш."
"M02S08_INT_Fitzroy_Loca132","It belonged to the Hawkins family.","Він належав родині Гокінс."
"M02S08_INT_Fitzroy_Loca133","Precisely.","Саме так."
"M02S08_INT_Fitzroy_Loca135","Ship-owners from father to son.","Власники кораблів з покоління в покоління."
"M02S08_INT_Fitzroy_Loca136","M02S08_INT_Fitzroy_Loca136",""
"M02S08_INT_Fitzroy_Loca312","It belonged to the Hawkins family.","Він належав родині Гокінс."
"M02S08_INT_Fitzroy_Loca313","M02S08_INT_Fitzroy_Loca313",""
"M02S08_INT_Fitzroy_Loca325","[Lie] I have no idea.","[Збрехати] Я не маю уявлення."
"M02S08_INT_Fitzroy_Loca326","M02S08_INT_Fitzroy_Loca326",""
"M02S08_INT_Fitzroy_Loca137","I think that somebody here wanted me to search this warehouse.","Я думаю, що хтось тут хотів, щоб я обшукав цей склад."
"M02S08_INT_Fitzroy_Loca138","It's on a kind of, how should I say, ""private property"".","Це на своєрідній, як би це сказати, ""приватній території""."
"M02S08_INT_Fitzroy_Loca139","I don't think that you can get into it very easily.","Не думаю, що ти зможеш туди легко потрапити."
"M02S08_INT_Fitzroy_Loca45","M02S08_INT_Fitzroy_Loca45",""
"M02S08_INT_Fitzroy_Loca230","Where is this warehouse, again?","Де цей склад, знову ж таки?"
"M02S08_INT_Fitzroy_Loca231","Can you tell me where the warehouse is again?","Можеш ще раз сказати, де знаходиться склад?"
"M02S08_INT_Fitzroy_Loca232","Look, I've already shown it to you. It's the one with the cop on guard duty in front.","Дивись, я вже показав тобі. Це той, що з поліцейським на варті перед ним."
"M02S08_INT_Fitzroy_Loca309","You can't miss it.","Ти його не пропустиш."
"M02S08_INT_Fitzroy_Loca311","Understood.","Зрозумів."
"M02S08_INT_Fitzroy_Loca237","M02S08_INT_Fitzroy_Loca237",""
"M02S08_INT_Fitzroy_Loca16","[Talk about Darkwater]","[Поговорити про Дарквотер]"
"M02S08_INT_Fitzroy_Loca42","M02S08_INT_Fitzroy_Loca42",""
"M02S08_INT_Fitzroy_Loca17","[Leave]","[Піти]"
"M02S08_INT_Fitzroy_Loca21","I should be on my way.","Мені слід йти."
"M02S08_INT_Fitzroy_Loca150","So come back and see me when you've got something new.","То ж, повертайся до мене, коли матимеш щось нове."
"M02S08_INT_Fitzroy_Loca229","I'll be on dry land for a while.","Я буду на суші деякий час."
"M02S08_INT_Fitzroy_Loca242","Your documents are unreadable.","Твої документи нечитабельні."
"M02S08_INT_Fitzroy_Loca243","Your manifests have been blacked out: they're totally unreadable.","Твої вантажні манифести були затерті: вони абсолютно нечитабельні."
"M02S08_INT_Fitzroy_Loca263","Yeah, I saw that. I've got no idea who did it, or why.","Так, я це бачив. Не маю уявлення, хто це зробив і чому."
"M02S08_INT_Fitzroy_Loca314","I don't remember having countersigned anything special enough for someone to hide it.","Не пам'ятаю, щоб я підписував щось настільки особливе, щоб хтось хотів це приховати."
"M02S08_INT_Fitzroy_Loca273","And why obliterate the dates as well as the goods stored in the warehouse.","І навіщо стирати дати, а також товари, що зберігаються на складі."
"M02S08_INT_Fitzroy_Loca274","You mean that the dates have some meaning?","Ти маєш на увазі, що дати мають якесь значення?"
"M02S08_INT_Fitzroy_Loca278","M02S08_INT_Fitzroy_Loca278",""
"M02S08_INT_Fitzroy_Loca281","I thought that fishing stopped in 1847.","Я думав, що рибальство припинилося в 1847-му році."
"M02S08_INT_Fitzroy_Loca300","I'm surprised that Charles Hawkins had goods to store, knowing that whaling stopped in 1847.","Мене дивує, що Чарльз Гокінс мав товари для зберігання, знаючи, що китобійство припинилося в 1847-му році."
"M02S08_INT_Fitzroy_Loca301","I see that you're interested in the history of our island.","Бачу, що тебе цікавить історія нашого острова."
"M02S08_INT_Fitzroy_Loca302","Indeed, maritime activities ceased altogether at the end of the last century.","Дійсно, морська діяльність припинилася зовсім наприкінці минулого сторіччя."
"M02S08_INT_Fitzroy_Loca303","I imagine that the Hawkins family had other types of contracts.","Я уявляю, що родина Гокінс мала інші види контрактів."
"M02S08_INT_Fitzroy_Loca304","But you don't know with whom?","Але ти не знаєш, з ким?"
"M02S08_INT_Fitzroy_Loca305","No. It was none of my business.","Ні. Це не стосувалося мене."
"M02S08_INT_Fitzroy_Loca306","M02S08_INT_Fitzroy_Loca306",""
"M02S08_INT_Fitzroy_Loca279","What did Charles Hawkins really do for a living?","Що насправді робив Чарльз Гокінс по життю?"
"M02S08_INT_Fitzroy_Loca282","We know that Charles Hawkins was descended from a family of ship-owners.","Ми знаємо, що Чарльз Гокінс походив з родини власників кораблів."
"M02S08_INT_Fitzroy_Loca284","And the island's fishing industry was hit badly.","А рибна промисловість острова зазнала серйозних збитків."
"M02S08_INT_Fitzroy_Loca285","Indeed, we specialized in whaling, but no whalers went out to sea after the Miraculous Catch of 1847.","Дійсно, ми спеціалізувалися на китобійстві, але після Чудесного улову 1847-го року жоден китобій не виходив у море."
"M02S08_INT_Fitzroy_Loca286","So, where did the Hawkins family get its money?","Отже, звідки родина Гокінс мала гроші?"
"M02S08_INT_Fitzroy_Loca287","Well, from what Charles inherited, I presume.","Ну, з того, що успадкував Чарльз, я припускаю."
"M02S08_INT_Fitzroy_Loca288","Although these dates, on the manifests, could indicate that he had contracts of another kind.","Хоча ці дати на вантажних маніфестах можуть вказувати на те, що він мав контракти іншого роду."
"M02S08_INT_Fitzroy_Loca289","With whom, I wonder.","З ким, цікаво."
"M02S08_INT_Fitzroy_Loca257","M02S08_INT_Fitzroy_Loca257",""
"M02S08_INT_Fitzroy_Loca280","You tell me.","Ти мені скажи."
"M02S08_INT_Fitzroy_Loca283","I don't know.","Не знаю."
"M02S08_INT_Fitzroy_Loca294","It's not my signature next to that of Charles Hawkins.","Це не мій підпис поруч з підписом Чарльза Гокінса."
"M02S08_INT_Fitzroy_Loca291","I'm at sea for more than half the year!","Я в морі більше пів року!"
"M02S08_INT_Fitzroy_Loca292","Anyone could have done it during my absence.","Будь-хто міг це зробити під час моєї відсутності."
"M02S08_INT_Fitzroy_Loca299","What seems really important to me is that the dates on these manifests indicate that Charles probably had other contracts.","Що мені здається справді важливим, так це те, що дати на цих вантажних маніфестах вказують на те, що Чарльз, ймовірно, мав інші контракти."
"M02S08_INT_Fitzroy_Loca293","But not with you, though.","Але не з тобою чомусь."
"M02S08_INT_Fitzroy_Loca298","M02S08_INT_Fitzroy_Loca298",""
"M02S08_INT_Fitzroy_Loca315","The bootleggers have blocked access to the warehouses.","Контрабандисти заблокували доступ до складів."
"M02S08_INT_Fitzroy_Loca330","M02S08_INT_Fitzroy_Loca330",""
"M02S08_INT_Fitzroy_Loca329","Apparently, the bootleggers don't want anyone hanging round the warehouses.","Схоже, що контрабандисти не хочуть, щоб хтось тинявся біля складів."
"M02S08_INT_Fitzroy_Loca334","M02S08_INT_Fitzroy_Loca334",""
"M02S08_INT_Fitzroy_Loca332","M02S08_INT_Fitzroy_Loca332",""
"M02S08_INT_Fitzroy_Loca316","These bootleggers seem unwilling to let anyone approach the warehouses.","Ці контрабандисти, здається, не бажають, щоб хтось підходив до складів."
"M02S08_INT_Fitzroy_Loca335","M02S08_INT_Fitzroy_Loca335",""
"M02S08_INT_Fitzroy_Loca318","They're part of the ""private property"" I mentioned earlier.","Вони частина ""приватної власності"", про яку я згадував раніше."
"M02S08_INT_Fitzroy_Loca319","And yet the place looks abandoned. Why guard the entrance?","Але місце виглядає покинутим. Чому охороняти вхід?"
"M02S08_INT_Fitzroy_Loca320","As a precaution, I suppose. All the warehouses are more or less interconnected by old sewers.","На всякий випадок, я припускаю. Всі склади більш-менш пов'язані між собою старими каналізаційними системами."
"M02S08_INT_Fitzroy_Loca322","You mean that there's a way to go from one to the other by tunnel?","Ти маєш на увазі, що можна пройти з одного в інший через тунель?"
"M02S08_INT_Fitzroy_Loca321","I couldn't tell you if it's still the case today for all the warehouses on the island.","Не можу сказати, чи це досі так для всіх складів на острові."
"M02S08_INT_Fitzroy_Loca323","But I think I can imagine what you've got in mind. You can always visit them if you're not the claustrophobic type.","Але я думаю, що можу уявити, що ти маєш на увазі. Ти завжди можеш відвідати їх, якщо ти не страждаєш на клаустрофобію."
"M02S08_INT_Fitzroy_Loca103","M02S08_INT_Fitzroy_Loca103",""
"M02S08_INT_Fitzroy_Loca104","This photograph looks strangely like you.","Ця фотографія дивно схожа на тебе."
"M02S08_INT_Fitzroy_Loca151","I was looking at your photograph, the one of the man in front of the boat.","Я дивився на твою фотографію, ту, де чоловік стоїть перед човном."
"M02S08_INT_Fitzroy_Loca153","Yes, I can see the one you're talking about.","Так, я бачу ту, про яку ти говориш."
"M02S08_INT_Fitzroy_Loca154","Interesting resemblance...","Цікава схожість..."
"M02S08_INT_Fitzroy_Loca155","I thought it was you, but with a wooden leg.","Я думав, що це ти, але з дерев'яною ногою."
"M02S08_INT_Fitzroy_Loca156","And for good reason: that's my father in the photograph.","А насправді це мій батько на фотографії."
"M02S08_INT_Fitzroy_Loca157","Your father?","Твій батько?"
"M02S08_INT_Fitzroy_Loca158","John Fitzroy. Captain of the Scylla.","Джон Фіцрой. Капітан ""Сцилли""."
"M02S08_INT_Fitzroy_Loca159","His wooden leg is here. You can go and see it, if you're interested.","Його дерев'яна нога тут. Можеш піти і подивитися, якщо тобі цікаво."
"M02S08_INT_Fitzroy_Loca161","M02S08_INT_Fitzroy_Loca161",""
"M02S08_INT_Fitzroy_Loca105","I saw the killer whale on the wharf.","Я бачив вбивцю-кита на причалі."
"M02S08_INT_Fitzroy_Loca162","I'm just back from the wharves.","Я щойно повернувся з причалів."
"M02S08_INT_Fitzroy_Loca163","The dead killer whale is unsettling the sailors.","Мертвий вбивця-кит лякає моряків."
"M02S08_INT_Fitzroy_Loca164","Yes.","Так."
"M02S08_INT_Fitzroy_Loca165","Us men of the sea are superstitious folk.","Ми, люди моря, забобонні люди."
"M02S08_INT_Fitzroy_Loca166","M02S08_INT_Fitzroy_Loca166",""
"M02S08_INT_Fitzroy_Loca168","The wounds are unnatural.","Рани ненатуральні."
"M02S08_INT_Fitzroy_Loca172","I examined its wounds. I know of no creature able to cause them.","Я оглянув його рани. Я не знаю жодної істоти, здатної їх завдати."
"M02S08_INT_Fitzroy_Loca173","And I took you for a detective.","А я думав, ти детектив."
"M02S08_INT_Fitzroy_Loca175","Believe me when I say that these wounds are significant.","Повір мені, коли я кажу, що ці рани мають значення."
"M02S08_INT_Fitzroy_Loca176","Come, come!","Давай, давай!"
"M02S08_INT_Fitzroy_Loca177","You've only just arrived on Darkwater.","Ти тільки-но прибув на Дарквотер."
"M02S08_INT_Fitzroy_Loca178","And already, you think like a sailor!","І вже ти думаєш, як моряк!"
"M02S08_INT_Fitzroy_Loca180","M02S08_INT_Fitzroy_Loca180",""
"M02S08_INT_Fitzroy_Loca169","To the point of defacing a statue?","До того, щоб спотворити статую?"
"M02S08_INT_Fitzroy_Loca181","Your superstitions are expressed in a rather disturbing fashion.","Твої забобони виражаються досить тривожним чином."
"M02S08_INT_Fitzroy_Loca182","What do you mean?","Що ти маєш на увазі?"
"M02S08_INT_Fitzroy_Loca183","The statue, at the entrance of the harbor. Saint Brendan.","Статуя, на вході в гавань. Святий Брендан."
"M02S08_INT_Fitzroy_Loca187","M02S08_INT_Fitzroy_Loca187",""
"M02S08_INT_Fitzroy_Loca185","The words that are painted there. They belong to no known group of languages.","Слова, які там написані. Вони не належать до жодної відомої групи мов."
"M02S08_INT_Fitzroy_Loca190","What do you mean by that?","Що ти маєш на увазі?"
"M02S08_INT_Fitzroy_Loca191","It vaguely resembles Phoenician, or some runic script.","Воно трохи нагадує фінікійську або якусь рунічну писемність."
"M02S08_INT_Fitzroy_Loca192","I'm impressed by your learning.","Я вражений твоїми знаннями."
"M02S08_INT_Fitzroy_Loca193","But I'm afraid that I am unable to tell you any more on the subject.","Але боюся, що не можу розповісти тобі більше на цю тему."
"M02S08_INT_Fitzroy_Loca200","M02S08_INT_Fitzroy_Loca200",""
"M02S08_INT_Fitzroy_Loca184","Somebody disfigured it. Mercilessly.","Хтось спотворив її. Безжально."
"M02S08_INT_Fitzroy_Loca195","I condemn these actions. Saint Brendan is the protector of the whalers.","Я засуджую ці дії. Святий Брендан є захисником китобоїв."
"M02S08_INT_Fitzroy_Loca196","And this statue, a witness to our history.","А ця статуя, свідок нашої історії."
"M02S08_INT_Fitzroy_Loca197","You don't know who could have done it?","Ти не знаєш, хто міг це зробити?"
"M02S08_INT_Fitzroy_Loca199","I wonder as much as you do. I hope they'll be punished.","Я здивувався так само, як і ти. Сподіваюся, їх покарають."
"M02S08_INT_Fitzroy_Loca216","M02S08_INT_Fitzroy_Loca216",""
"M02S08_INT_Fitzroy_Loca170","What would have killed it?","Що могло б його вбити?"
"M02S08_INT_Fitzroy_Loca201","Killer whales don't have many known predators.","Вбивці-кити не мають багатьох відомих хижаків."
"M02S08_INT_Fitzroy_Loca203","That's true and, normally, they are not found around here.","Це правда, і зазвичай їх тут не зустрічають."
"M02S08_INT_Fitzroy_Loca204","But... You're going to take me for a fool.","Але... Ти вважаєш мене дурнем."
"M02S08_INT_Fitzroy_Loca205","Give it a try.","Спробуй це зробити."
"M02S08_INT_Fitzroy_Loca206","Have you heard about the depths?","Чи чув ти про глибини?"
"M02S08_INT_Fitzroy_Loca207","Trenches that plunge into the earth and that shelter creatures unlike any other.","Траншеї, що занурюються в землю і які приховують істот, подібних до жодної іншої."
"M02S08_INT_Fitzroy_Loca208","You're talking about mythology.","Ти говориш про мітологію."
"M02S08_INT_Fitzroy_Loca209","Indeed, you're right.","Дійсно, ти правий."
"M02S08_INT_Fitzroy_Loca217","M02S08_INT_Fitzroy_Loca217",""
"M02S08_INT_Fitzroy_Loca171","Why are they putting it back into the sea?","Чому вони повертають його назад у море?"
"M02S08_INT_Fitzroy_Loca210","The police took the decision to put the killer whale back into the sea.","Поліція вирішила повернути вбивцю-кита назад у море."
"M02S08_INT_Fitzroy_Loca211","You've got to understand them. They didn't know what to do with it.","Ти маєш їх зрозуміти. Вони не знали, що з ним робити."
"M02S08_INT_Fitzroy_Loca212","I think that was a mistake.","Я думаю, що це була помилка."
"M02S08_INT_Fitzroy_Loca213","Who says that whatever caused those wounds is no longer in these waters?","Хто каже, що те, що спричинило ці рани, більше не перебуває в цих водах?"
"M02S08_INT_Fitzroy_Loca214","You think we should have kept it?","Ти думаєш, що ми мали б його залишити?"
"M02S08_INT_Fitzroy_Loca215","To look into the real causes of its death, at least.","Щоб розібратися в реальних причинах його смерті, принаймні."
"M02S08_INT_Fitzroy_Loca218","M02S08_INT_Fitzroy_Loca218",""
"M02S08_INT_Fitzroy_Loca336","[Return]","[Повернутися]"
"M02S08_INT_Fitzroy_Loca337","M02S08_INT_Fitzroy_Loca337",""
"M02S08_INT_Fitzroy_Loca106","What is this ""Miraculous Catch""?","Що за «Дивовижний улов»?"
"M02S08_INT_Fitzroy_Loca219","Miraculous Catch"", it's a local legend?","«Дивовижний улов», це місцева легенда?"
"M02S08_INT_Fitzroy_Loca258","Not at all!","Аж ніяк!"
"M02S08_INT_Fitzroy_Loca259","It's an episode from our glorious past.","Це епізод із нашого славного минулого."
"M02S08_INT_Fitzroy_Loca260","Go read the story of the sailors' return to Darkwater harbor.","Прочитай історію про повернення моряків до Дарквотерського порту."
"M02S08_INT_Fitzroy_Loca261","It's displayed on a wall of the Stranded Whale.","Воно висить на стіні в барі «Кита, що сів на мілину»."
"M02S08_INT_Fitzroy_Loca220","M02S08_INT_Fitzroy_Loca220",""
"M02S08_INT_Fitzroy_Loca107","[Return]","[Повернутися]"
"M02S08_INT_Fitzroy_Loca222","M02S08_INT_Fitzroy_Loca222",""
"M02S08_INT_Fitzroy_Loca244","Who is ""Cat""?","Хто така «Кіт»?"
"M02S08_INT_Fitzroy_Loca245","I found a threatening letter, signed by a certain Cat.","Я знайшов лист із погрозами, підписаний якоюсь Кіт."
"M02S08_INT_Fitzroy_Loca327","What? I don't mind you visiting my harbormaster's office, but I'd prefer if you didn't go through my affairs.","Що? Мені не шкода, що ти відвідуєш мій офіс начальника порту, але я б віддав перевагу, щоб ти не ліз у мої справи."
"M02S08_INT_Fitzroy_Loca246","Are you being blackmailed?","Тебе шантажують?"
"M02S08_INT_Fitzroy_Loca247","Not exactly, no. That shyster wants to make us pay protection money.","Не зовсім, ні. Цей шахрай хоче змусити нас платити гроші за захист."
"M02S08_INT_Fitzroy_Loca249","With any success?","З яким успіхом?"
"M02S08_INT_Fitzroy_Loca250","I wouldn't say that.","Не можу сказати поки що."
"M02S08_INT_Fitzroy_Loca252","But she terrifies my men, as much as her own.","Але вона лякає моїх людей, так само як і своїх власних."
"M02S08_INT_Fitzroy_Loca254","You can't do anything to stop her?","Ти не можеш нічого зробити, щоб зупинити її?"
"M02S08_INT_Fitzroy_Loca255","Don't you worry about that.","Не турбуйся про це."
"M02S08_INT_Fitzroy_Loca256","M02S08_INT_Fitzroy_Loca256",""
"M02S08_INT_FitzroyIntro_Loca1","M02S08_INT_FitzroyIntro_Loca1",""
"M02S08_INT_FitzroyIntro_Loca5","You know what? Go have a drink at the Stranded Whale. What you need is a good pick-me-up.","Знаєш що? Іди випий щось у барі ""Кит, що сів на мілину"". Тобі потрібен хороший підбадьорювач."
"M02S08_INT_FitzroyIntro_Loca16","Mitchell may not be very welcoming, but his bar holds a surprise for you.","Мітчелл може бути не дуже привітним, але його бар приховує для тебе сюрприз."
"M02S08_INT_FitzroyIntro_Loca7","As for me, you'll find me at the harbormaster's office.","Що стосується мене, то ти знайдеш мене в офісі начальника порту."
"M02S08_INT_FitzroyIntro_Loca8","If it's the Hawkins family that brings you here, I have a pile of documents that should interest you.","Якщо це родина Гокінс привела тебе сюди, у мене є купа документів, які повинні тебе зацікавити."
"M02S08_INT_FitzroyIntro_Loca17","Understood.  I'm going for a look around the docks.","Зрозумів. Я збираюся прогулятися по доках."
"M02S08_INT_FitzroyPapiers_Loca1","M02S08_INT_FitzroyPapiers_Loca1",""
"M02S08_INT_FitzroyPapiers_Loca5","I've brought out the Charles Hawkins cargo manifests. They're on the table next to you.","Я вийняв вантажні маніфести Чарльза Гокінса. Вони на столі поруч з тобою."
"M02S08_INT_FitzroyPapiers_Loca4","But, in truth, you're likely to be disappointed...","Але, по правді кажучи, ти, ймовірно, будеш розчарований..."
"M02S08_INT_FitzroyPapiers_Loca6","When you're done, come join me on the deck.","Коли закінчиш, приєднуйся до мене на палубі."
"M02S08_INT_MecTunnel_Loca1","M02S08_INT_MecTunnel_Loca1",""
"M02S08_INT_MecTunnel_Loca55","M02S08_INT_MecTunnel_Loca55",""
"M02S08_INT_MecTunnel_Loca56","Leave me alone, please. I don't want trouble.","Залиш мене в спокої, будь ласка. Я не хочу неприємностей."
"M02S08_INT_MecTunnel_Loca28","M02S08_INT_MecTunnel_Loca28",""
"M02S08_INT_MecTunnel_Loca31","I bet you don't see one like her every day, do you?","Ставлю, ти не бачиш таких, як вона, кожного дня, так?"
"M02S08_INT_MecTunnel_Loca33","Yes. Cat is an extraordinary woman.","Так. Кіт - це незвичайна жінка."
"M02S08_INT_MecTunnel_Loca34","Damn right. There’s nobody more intimidating than her on the docks...","Чорт забирай, так. Немає нікого більш лякаючого, ніж вона на доках..."
"M02S08_INT_MecTunnel_Loca36","Except the Captain, of course.","Звичайно, окрім капітана."
"M02S08_INT_MecTunnel_Loca50","But you're lucky that she left you alive. She must think that you can be of use to her.","Але тобі пощастило, що вона залишила тебе живим. Вона, мабуть, думає, що ти можеш бути їй корисним."
"M02S08_INT_MecTunnel_Loca49","With that, please do excuse me because I'd prefer not to be seen talking with you for too long.","З цим, будь ласка, вибач мене, бо я б віддав перевагу, щоб мене не бачили розмовляючого з тобою занадто довго."
"M02S08_INT_MecTunnel_Loca27","M02S08_INT_MecTunnel_Loca27",""
"M02S08_INT_MecTunnel_Loca32","Nice right hook!","Гарний правий гук!"
"M02S08_INT_MecTunnel_Loca37","You could have helped me.","Ти міг би мені допомогти."
"M02S08_INT_MecTunnel_Loca38","And risk upsetting Cat? No thank you.","І ризикувати розсердити Кіт? Ні, дякую."
"M02S08_INT_MecTunnel_Loca51","You're lucky to still be alive. I guess she likes you.","Тобі пощастило, що ти ще живий. Гадаю, вона тебе любить."
"M02S08_INT_MecTunnel_Loca57","M02S08_INT_MecTunnel_Loca57",""
"M02S08_INT_MecTunnel_Loca2","You saw what happened to those sailors.","Ти бачив, що сталося з тими моряками."
"M02S08_INT_MecTunnel_Loca39","Don't hang around here, unless you want trouble with the bootleggers.","Не затримуйся тут, якщо не хочеш мати справу з контрабандистами."
"M02S08_INT_MecTunnel_Loca52","M02S08_INT_MecTunnel_Loca52",""
"M02S08_INT_MecTunnel_Loca54","It's a bit late. I've met Cat.","Трохи пізно. Я зустрівся з Кіт."
"M02S08_INT_MecTunnel_Loca53","At least you're still here to talk about it! She must like you.","Принаймні, ти ще тут, щоб поговорити про це! Вона, мабуть, запала на тебе."
"M02S08_INT_MecTunnel_Loca58","We'll say that.","Скажемо так."
"M02S08_INT_MecTunnel_Loca59","M02S08_INT_MecTunnel_Loca59",""
"M02S08_INT_MecTunnel_Loca60","M02S08_INT_MecTunnel_Loca60",""
"M02S08_INT_MecTunnel_Loca3","M02S08_INT_MecTunnel_Loca3",""
"M02S08_INT_MecTunnel_Loca16","What are bootleggers doing round here?","Що роблять контрабандисти тут?"
"M02S08_INT_MecTunnel_Loca18","This warehouse looks abandoned. Why does it interest them so much?","Цей склад виглядає покинутим. Чому він їх так цікавить?"
"M02S08_INT_MecTunnel_Loca19","No doubt a question of territory... but I ain’t asking.","Без сумніву, питання території... але я не питаю."
"M02S08_INT_MecTunnel_Loca20","You wanna know more? Go ask the Captain.","Ти хочеш дізнатися більше? Іди запитай капітана."
"M02S08_INT_MecTunnel_Loca21","Good. Thank you.","Добре. Дякую."
"M02S08_INT_MecTunnel_Loca22","M02S08_INT_MecTunnel_Loca22",""
"M02S08_INT_MecTunnel_Loca5","You're not scared of their boss?","Ти не боїшся їхнього боса?"
"M02S08_INT_MecTunnel_Loca24","I've seen the kind of message that their boss sends.","Я бачив, якого роду повідомлення надсилає їхній бос."
"M02S08_INT_MecTunnel_Loca40","You're not scared of her?","Ти не боїшся її?"
"M02S08_INT_MecTunnel_Loca41","Of course I am, everyone's scared of that woman.","Звісно, я боюся, всі бояться цієї жінки."
"M02S08_INT_MecTunnel_Loca25","But she's not interested in small fry like me.","Але вона не цікавиться такими, як я, дрібними рибками."
"M02S08_INT_MecTunnel_Loca26","You, on the other hand... nose around too much, you'll have dealings with her.","Ти ж, з іншого боку... зазираєш занадто далеко, матимеш справу з нею."
"M02S08_INT_MecTunnel_Loca48","M02S08_INT_MecTunnel_Loca48",""
"M02S08_INT_MecTunnel_Loca6","[Leave]","[Піти]"
"M02S08_INT_MecTunnel_Loca8","I should take my leave.","Я повинен піти."
"M02S08_INT_Policeman_Loca1","M02S08_INT_Policeman_Loca1",""
"M02S08_INT_Policeman_Loca40","M02S08_INT_Policeman_Loca40",""
"M02S08_INT_Policeman_Loca106","You again? I told you to beat it.","Ти знову? Я сказав тобі, щоб ти йшов геть."
"M02S08_INT_Policeman_Loca107","No need to get worked up.","Не треба так нервуватися."
"M02S08_INT_Policeman_Loca7","Where do you think you're going?","Куди ти думаєш ти прямуєш?"
"M02S08_INT_Policeman_Loca4","M02S08_INT_Policeman_Loca4",""
"M02S08_INT_Policeman_Loca8","M02S08_INT_Policeman_Loca8",""
"M02S08_INT_Policeman_Loca10","I'm not here to upset things.","Я не тут, щоб порушувати порядок."
"M02S08_INT_Policeman_Loca21","Look buddy, I'm not here to hinder your work.","Дивись, друже, я не тут, щоб заважати твоїй роботі."
"M02S08_INT_Policeman_Loca22","Sorry, we're all a little on edge today.","Вибач, ми всі сьогодні трохи на межі."
"M02S08_INT_Policeman_Loca23","What are you doing here?","Що ти тут робиш?"
"M02S08_INT_Policeman_Loca24","I'm getting to know the island.","Я знайомлюся з островом."
"M02S08_INT_Policeman_Loca25","Oh yeah? Right.","О, так? Зрозуміло."
"M02S08_INT_Policeman_Loca26","Is it possible to know what you're guarding?","Можна дізнатися, що ти охороняєш?"
"M02S08_INT_Policeman_Loca27","No.","Ні."
"M02S08_INT_Policeman_Loca11","It's none of your business.","Це не твоє діло."
"M02S08_INT_Policeman_Loca17","I seem to remember that we won the war. I have a right to freedom of movement.","Я здається пам'ятаю, що ми виграли війну. Я маю право на свободу пересування."
"M02S08_INT_Policeman_Loca28","In case you haven't noticed, I'm a cop. I decide who moves freely.","Якщо ти не помітив, я поліцейський. Я вирішую, хто може вільно пересуватися."
"M02S08_INT_Policeman_Loca29","So you with your town dweller ways, you can go back to the mainland.","Отже, ти зі своїми міськими звичками можеш повернутися на материк."
"M02S08_INT_Policeman_Loca30","Don't play the heavy with me","Не грай начальника при мені."
"M02S08_INT_Policeman_Loca32","You neither. It really isn't the day for it.","Ти теж. Справді не найкращий день для цього."
"M02S08_INT_Policeman_Loca33","Nice to see that we can at least agree on something.","Приємно бачити, що ми принаймні можемо з чимось погодитися."
"M02S08_INT_Policeman_Loca34","M02S08_INT_Policeman_Loca34",""
"M02S08_INT_Policeman_Loca12","What are the police doing here?","Що поліція робить тут?"
"M02S08_INT_Policeman_Loca18","Nowhere, I was just wondering why you were guarding this warehouse.","Ніде, я просто цікавився, чому ти охороняєш цей склад."
"M02S08_INT_Policeman_Loca35","Hey, it's not for you to ask the questions.","Агов, це не тобі ставити запитання."
"M02S08_INT_Policeman_Loca36","Move along.","Іди далі."
"M02S08_INT_Policeman_Loca37","There's no law to stop me from standing here.","Немає жодного закону, який би забороняв мені стояти тут."
"M02S08_INT_Policeman_Loca38","Don't play that game. Not with me. Not today.","Не грай в цю гру. Не зі мною. Не сьогодні."
"M02S08_INT_Policeman_Loca3","M02S08_INT_Policeman_Loca3",""
"M02S08_INT_Policeman_Loca9","M02S08_INT_Policeman_Loca9",""
"M02S08_INT_Policeman_Loca41","I must get into this warehouse.","Я повинен потрапити в цей склад."
"M02S08_INT_Policeman_Loca45","I'm not here to hinder your work, officer.","Я не тут, щоб заважати вашій роботі, офіцере."
"M02S08_INT_Policeman_Loca46","Edward Pierce, private detective.","Едвард Пірс, приватний детектив."
"M02S08_INT_Policeman_Loca47","Sorry, we're all a little on edge today.","Вибачте, ми всі сьогодні трохи на межі."
"M02S08_INT_Policeman_Loca48","What are you doing here?","Що ти тут робиш?"
"M02S08_INT_Policeman_Loca49","I'm investigating the death of the Hawkins family.","Я розслідуваю смерть родини Гокінс."
"M02S08_INT_Policeman_Loca51","Darn it, why do you want to drag up all that stuff again?","Чорт забирай, чому ти хочеш знову витягнути все це на поверхню?"
"M02S08_INT_Policeman_Loca52","My investigation has led me to this warehouse.","Моє розслідування привело мене до цього складу."
"M02S08_INT_Policeman_Loca53","That case was closed months ago.","Ця справа була закрита кількома місяцями тому."
"M02S08_INT_Policeman_Loca55","M02S08_INT_Policeman_Loca55",""
"M02S08_INT_Policeman_Loca43","What are the police doing here?","Що поліція робить тут?"
"M02S08_INT_Policeman_Loca67","I thought that the Hawkins case had been closed.","Я думав, що справа Гокінс була закрита."
"M02S08_INT_Policeman_Loca68","That's true.","Це правда."
"M02S08_INT_Policeman_Loca69","So what are you doing on guard duty in front of this warehouse?","Отже, що ти робиш на чергуванні перед цим складом?"
"M02S08_INT_Policeman_Loca70","Who's asking the questions here? The cop or the tourist?","Хто тут ставить запитання? Поліцейський чи турист?"
"M02S08_INT_Policeman_Loca71","M02S08_INT_Policeman_Loca71",""
"M02S08_INT_Policeman_Loca44","Others are interested in the warehouse?","Інші зацікавлені в цьому складі?"
"M02S08_INT_Policeman_Loca78","Who are these ""others"" who are interested in the warehouse?","Хто ці ""інші"", що зацікавлені у складі?"
"M02S08_INT_Policeman_Loca139","M02S08_INT_Policeman_Loca139",""
"M02S08_INT_Policeman_Loca138","Don't aggravate me, sir.","Не дратуй мене, сер."
"M02S08_INT_Policeman_Loca141","M02S08_INT_Policeman_Loca141",""
"M02S08_INT_Policeman_Loca146","M02S08_INT_Policeman_Loca146",""
"M02S08_INT_Policeman_Loca149","M02S08_INT_Policeman_Loca149",""
"M02S08_INT_Policeman_Loca81","Why would I tell you?","Чому я маю тобі розповідати?"
"M02S08_INT_Policeman_Loca82","M02S08_INT_Policeman_Loca82",""
"M02S08_INT_Policeman_Loca90","We're on the same team.","Ми в одному човні."
"M02S08_INT_Policeman_Loca143","M02S08_INT_Policeman_Loca143",""
"M02S08_INT_Policeman_Loca151","What's the difference between a police officer and a private detective?","Яка різниця між поліцейським і приватним детективом?"
"M02S08_INT_Policeman_Loca155","The badge.","Значок."
"M02S08_INT_Policeman_Loca156","Exactly.","Саме так."
"M02S08_INT_Policeman_Loca157","Apart from that piece of metal, there's nothing that sets us apart.","Окрім цього шматка металу, нічого не відрізняє нас один від одного."
"M02S08_INT_Policeman_Loca158","You think so?","Ти так думаєш?"
"M02S08_INT_Policeman_Loca161","We're looking for the same thing, you and I.","Ми шукаємо одне й те саме, ти і я."
"M02S08_INT_Policeman_Loca160","OK, OK. Spare me the next verse, I'll tell you what I know.","Гаразд, гаразд. Збережи мені наступний куплет, я розповім тобі, що знаю."
"M02S08_INT_Policeman_Loca159","M02S08_INT_Policeman_Loca159",""
"M02S08_INT_Policeman_Loca142","M02S08_INT_Policeman_Loca142",""
"M02S08_INT_Policeman_Loca152","You and I are on the same side of the law.","Ти і я на одній стороні закону."
"M02S08_INT_Policeman_Loca153","Oh yeah?","О, так?"
"M02S08_INT_Policeman_Loca154","You don't want to know the truth behind this case?","Ти не хочеш знати правду про цю справу?"
"M02S08_INT_Policeman_Loca162","Are you saying our work was not up to snuff?","Ти кажеш, що наша робота була не на висоті?"
"M02S08_INT_Policeman_Loca163","Forget it!","Забудь це!"
"M02S08_INT_Policeman_Loca164","M02S08_INT_Policeman_Loca164",""
"M02S08_INT_Policeman_Loca91","You have no one else to talk to.","У тебе немає з ким більше поговорити."
"M02S08_INT_Policeman_Loca128","How long have you been hanging around here?","Скільки ти вже тут зависаєш?"
"M02S08_INT_Policeman_Loca129","Too long.","Занадто довго."
"M02S08_INT_Policeman_Loca130","You must have five minutes for a little chat?","Ти ж повинен мати п’ять хвилин для маленької розмови?"
"M02S08_INT_Policeman_Loca131","Sure. Guess, it will kill some time.","Звичайно. Гадаю, це вб'є трохи часу."
"M02S08_INT_Policeman_Loca132","M02S08_INT_Policeman_Loca132",""
"M02S08_INT_Policeman_Loca92","It may be related to my case.","Це може бути пов'язано з моєю справою."
"M02S08_INT_Policeman_Loca133","I’d like to know more about the Hawkins case.","Я б хотів дізнатися більше про справу Гокінс."
"M02S08_INT_Policeman_Loca134","I don't think so.","Я так не думаю."
"M02S08_INT_Policeman_Loca135","M02S08_INT_Policeman_Loca135",""
"M02S08_INT_Policeman_Loca83","There are sailors who think that there's a beast prowling around the docks.","Є моряки, які думають, що біля доків бродить звір."
"M02S08_INT_Policeman_Loca84","Then again, these guys panic at the thought of bringing a rabbit onto a boat, so...","З іншого боку, ці хлопці панікують при думці про те, щоб принести кролика на човен, то ж..."
"M02S08_INT_Policeman_Loca85","I see.","Я зрозумів."
"M02S08_INT_Policeman_Loca87","And there are others who would like to use the warehouses for their goods.","А є й інші, хто хотів би використовувати склади для своїх товарів."
"M02S08_INT_Policeman_Loca88","M02S08_INT_Policeman_Loca88",""
"M02S08_INT_Policeman_Loca89","Who are they?","Хто вони?"
"M02S08_INT_Policeman_Loca93","Sorry, I really can't talk about them.","Вибач, я справді не можу про них говорити."
"M02S08_INT_Policeman_Loca94","That's what I understand.","Це те, що я зрозумів."
"M02S08_INT_Policeman_Loca76","What do you know about the Hawkins case?","Що ти знаєш про справу Гокінс?"
"M02S08_INT_Policeman_Loca79","What more can you say about the death of the Hawkins family?","Що ще ти можеш сказати про смерть родини Гокінс?"
"M02S08_INT_Policeman_Loca95","Not much more than what everyone knows. I wasn't on the case.","Не набагато більше, ніж те, що знає кожен. Я не займався цією справою."
"M02S08_INT_Policeman_Loca96","They were all burnt to death, right? Up at their place.","Вони всі згоріли живцем, так? У себе вдома."
"M02S08_INT_Policeman_Loca97","The whole mansion went up in flames?","Увесь маєток згорів до тла?"
"M02S08_INT_Policeman_Loca104","Don't get it into your head to go wandering around up there. It’s dangerous.","Не думай, що ти можеш бродити там. Це небезпечно."
"M02S08_INT_Policeman_Loca100","What do you mean by that?","Що ти маєш на увазі під цим?"
"M02S08_INT_Policeman_Loca101","The only one left there is old Silas. And the accident has affected him badly.","Єдиний, хто залишився там, це старий Сайлас. І ця аварія сильно вплинула на нього."
"M02S08_INT_Policeman_Loca105","He can be unpredictable. Especially if a stranger starts poking around the property.","Він може бути непередбачуваним. Особливо, якщо чужинець почне нишпорити по території."
"M02S08_INT_Policeman_Loca166","Is he a danger to the public?","Він небезпечний для громадськості?"
"M02S08_INT_Policeman_Loca103","No, he's in his own home. Do yourself a favor; leave him well alone.","Ні, він у своєму домі. Зроби собі послугу; залиш його в спокої."
"M02S08_INT_Policeman_Loca77","[Leave]","[Піти]"
"M02S08_INT_Policeman_Loca80","Thank you for your valuable help.","Дякую за твою цінну допомогу."
"M02S08_INT_Policeman_Loca126","Okay, sir.","Гаразд, сер."
"M02S08_INT_Singer_Loca1","M02S08_INT_Singer_Loca1",""
"M02S08_INT_Singer_Loca3","Do you like our song?","Тобі подобається наша пісня?"
"M02S08_INT_Singer_Loca4","We're true sirens.","Ми справжні сирени."
"M02S08_INT_Singer_Loca5","We may not be pros, but we give it all we've got.","Ми, можливо, не професіонали, але ми віддаємо все, що маємо."
"M02S08_INT_Singer_Loca11","That's true! It's a reminder of the time when we were still fishing for whales off Darkwater Island.","Так і є! Це нагадування про час, коли ми ще ловили китів біля острова Дарквотер."
"M02S08_INT_Singer_Loca6","M02S08_INT_Singer_Loca6",""
"M02S08_INT_Singer_Loca8","What is this song?","Що це за пісня?"
"M02S08_INT_Singer_Loca14","I've never heard this song before.","Я ніколи не чув цю пісню раніше."
"M02S08_INT_Singer_Loca27","Only people from here know it. It tells the story of the Miraculous Catch.","Тільки люди звідси її знають. Вона розповідає історію про Чудесний улов."
"M02S08_INT_Singer_Loca28","I saw the newspaper clipping. You don't believe it, do you?","Я бачив газетну вирізку. Ти ж не віриш у це, правда?"
"M02S08_INT_Singer_Loca30","It's a local legend?","Це місцева легенда?"
"M02S08_INT_Singer_Loca31","Watch what you say, young man.","Дивись, що ти кажеш, молодий чоловіче."
"M02S08_INT_Singer_Loca32","That catch saved our island!","Цей улов врятував наш острів!"
"M02S08_INT_Singer_Loca33","Where's the proof?","Де докази?"
"M02S08_INT_Singer_Loca34","We're the proof!","Ми є доказом!"
"M02S08_INT_Singer_Loca35","Without it, the whole of Darkwater would have died of hunger in 1847.","Без нього весь Дарквотер помер би з голоду в 1847-му році."
"M02S08_INT_Singer_Loca36","It's true, everything happened just as it says in the newspaper report.","Це правда, все сталося так, як сказано в газетному звіті."
"M02S08_INT_Singer_Loca37","What report?","Що за звіт?"
"M02S08_INT_Singer_Loca38","The one that's framed right behind you.","Той, що висить прямо за тобою."
"M02S08_INT_Singer_Loca39","Our grandparents tasted its flesh.","Наші бабусі та дідусі куштували його м'ясо."
"M02S08_INT_Singer_Loca40","And it was delicious!","І це було смачно!"
"M02S08_INT_Singer_Loca17","M02S08_INT_Singer_Loca17",""
"M02S08_INT_Singer_Loca10","The end of whaling.","Кінець китобійного промислу."
"M02S08_INT_Singer_Loca15","What brought whaling to an end?","Що призвело до закінчення китобійного промислу?"
"M02S08_INT_Singer_Loca41","The whales, of course.","Кити, звісно."
"M02S08_INT_Singer_Loca42","They all disappeared.","Вони всі зникли."
"M02S08_INT_Singer_Loca43","You exhausted the stocks?","Ви вичерпали запаси?"
"M02S08_INT_Singer_Loca44","You could say that, yes. There were fewer and fewer of them.","Так, можна так сказати. Їх ставало все менше і менше."
"M02S08_INT_Singer_Loca46","Until the last, the biggest.","До останнього, найбільшого."
"M02S08_INT_Singer_Loca60","The one of the Miraculous Catch.","Той, що стався під час Чудесного улову."
"M02S08_INT_Singer_Loca59","Exactly!","Саме так!"
"M02S08_INT_Singer_Loca18","M02S08_INT_Singer_Loca18",""
"M02S08_INT_Singer_Loca12","History of the Hawkins family","Історія родини Гокінс"
"M02S08_INT_Singer_Loca49","I heard that the Hawkins family owned a warehouse on the docks.","Я чув, що родина Гокінс володіла складом на доках."
"M02S08_INT_Singer_Loca50","An old family of ship-owners.","Стара родина судновласників."
"M02S08_INT_Singer_Loca51","Tell me something I don't already know.","Розкажи мені щось, чого я ще не знаю."
"M02S08_INT_Singer_Loca52","They were made much richer by the Miraculous Catch.","Вони стали набагато багатшими завдяки Чудесному улову."
"M02S08_INT_Singer_Loca53","You shouldn't talk about the dead like that.","Не слід так говорити про померлих."
"M02S08_INT_Singer_Loca54","We are not speaking ill, just saying that Daniel Hawkins made a fortune without taking any risk.","Ми не говоримо погано, просто кажемо, що Даніель Гокінс заробив статок без ризику."
"M02S08_INT_Singer_Loca55","There! You're speaking ill, you see!","Ось! Ти говориш погано, бачиш!"
"M02S08_INT_Singer_Loca56","It's your proof that the Miraculous Catch really did happen.","Це ваше доказ того, що Чудесний улов справді відбувся."
"M02S08_INT_Singer_Loca19","M02S08_INT_Singer_Loca19",""
"M02S08_INT_Singer_Loca13","[Leave]","[Піти]"
"M02S08_INT_Singer_Loca23","I bid you farewell, gentlemen.","Я прощаюся з вами, джентльмени."
"M02S08_INT_Singer_Loca24","M02S08_INT_Singer_Loca24",""
"M02S08_INT_Singer_Loca20","Good night, stranger!","Добраніч, незнайомцю!"
"M02S08_INT_Singer_Loca21","So long!","До зустрічі!"
"M02S08_INT_Smugglers_Loca1","M02S08_INT_Smugglers_Loca1",""
"M02S08_INT_Smugglers_Loca2","What's with you wandering around here like a hungry dog?","Що ти тут бродиш довкола, як голодний пес?"
"M02S08_INT_Smugglers_Loca31","We saw you talking to the two soaks.","Ми бачили, як ти розмовляв з тими двома п'яницями."
"M02S08_INT_Smugglers_Loca57","Go die of thirst the lot of you. You'll stink less.","Помріть від спраги, всі ви. Так ви менше смердітимете."
"M02S08_INT_Smugglers_Loca67","M02S08_INT_Smugglers_Loca67",""
"M02S08_INT_Smugglers_Loca68","This passage leads to the Hawkins warehouse.","Цей прохід веде до складу Гокінсів."
"M02S08_INT_Smugglers_Loca126","I've got to enter the Hawkins warehouse, I guess it's going to be complicated.","Мені потрібно потрапити на склад Гокінсів, гадаю, це буде складно."
"M02S08_INT_Smugglers_Loca127","No, it's very simple, in fact. Fuck off!","Ні, насправді це дуже просто. Відчепись!"
"M02S08_INT_Smugglers_Loca130","I don't give a damn about your racket. I just want to get into this warehouse.","Мені байдуже до ваших махінацій. Я просто хочу потрапити на цей склад."
"M02S08_INT_Smugglers_Loca129","And we don't give a damn about you. Whatever your reason for wanting inside, there's nothing we can do for you.","А нам байдуже до тебе. Якою б не була твоя причина, ми нічим не можемо тобі допомогти."
"M02S08_INT_Smugglers_Loca133","M02S08_INT_Smugglers_Loca133",""
"M02S08_INT_Smugglers_Loca69","[Lie] Cat sent me.","[Збрехати] Кіт прислала мене."
"M02S08_INT_Smugglers_Loca118","M02S08_INT_Smugglers_Loca118",""
"M02S08_INT_Smugglers_Loca119","I've got to get inside. It’s your boss who sent me.","Мені потрібно потрапити всередину. Це твій бос прислав мене."
"M02S08_INT_Smugglers_Loca138","Oh yeah? And why didn't she say anything to us?","О, так? А чому вона нічого не сказала нам?"
"M02S08_INT_Smugglers_Loca139","She sent me to see who's filching her stock.","Вона послала мене, щоб дізнатися, хто краде її товар."
"M02S08_INT_Smugglers_Loca140","I don't know what you're talking about.","Я не знаю, про що ви говорите."
"M02S08_INT_Smugglers_Loca143","You've got no proof to back up your claims. And I'd advise you against snitching.","У тебе немає доказів, щоб підтвердити свої твердження. І я б порадив тобі не здавати нас."
"M02S08_INT_Smugglers_Loca117","M02S08_INT_Smugglers_Loca117",""
"M02S08_INT_Smugglers_Loca120","Gentlemen, you have a problem.","Джентльмени, у вас проблема."
"M02S08_INT_Smugglers_Loca144","What? Who do you take yourself for, stranger?","Що? За кого ти себе маєш, незнайомцю?"
"M02S08_INT_Smugglers_Loca145","Your boss is very unhappy with your work.","Твій бос дуже незадоволений вашою роботою."
"M02S08_INT_Smugglers_Loca146","You're bluffing.","Ти блефуєш."
"M02S08_INT_Smugglers_Loca147","She said « Those knuckleheads are incapable of staying at their posts. »","Вона сказала « Ті тупиці не здатні залишатися на своїх постах. »"
"M02S08_INT_Smugglers_Loca148","Darn it!","Чорт забирай!"
"M02S08_INT_Smugglers_Loca149","You think he's telling the truth?","Ти думаєш, він говорить правду?"
"M02S08_INT_Smugglers_Loca150","We'll find out. Prove that you really know Cat.","Ми дізнаємося. Доведи, що ти справді знаєш Кіт."
"M02S08_INT_Smugglers_Loca121","M02S08_INT_Smugglers_Loca121",""
"M02S08_INT_Smugglers_Loca122","She can certainly put them away.","Вона дійсно може випити багато."
"M02S08_INT_Smugglers_Loca124","I've rarely seen anyone who can hold their liquor as well as her.","Я рідко бачив когось, хто так добре тримає алкоголь, як вона."
"M02S08_INT_Smugglers_Loca151","Everyone knows that!","Усі це знають!"
"M02S08_INT_Smugglers_Loca152","That just proves that you've seen her in the bar, not that you know her.","Це лише доводить, що ти бачив її в барі, а не те, що ти її знаєш."
"M02S08_INT_Smugglers_Loca153","Go on, beat it. We've seen enough of you.","Йди геть. Ми вже досить тебе бачили."
"M02S08_INT_Smugglers_Loca123","She uses a stiletto.","Вона використовує стилето."
"M02S08_INT_Smugglers_Loca159","It's risky to question my word.","Це ризиковано сумніватися в моєму слові."
"M02S08_INT_Smugglers_Loca160","I wouldn't like you to get cut... with a certain italian knife.","Я б не хотів, щоб тебе порізали... звичайнісіньким італійським ножем."
"M02S08_INT_Smugglers_Loca125","Okay, Okay. You've convinced us.","Гаразд, гаразд. Ти нас переконав."
"M02S08_INT_Smugglers_Loca162","And it's she who sent you? What do you want from us?","І це вона тебе послала? Що ти від нас хочеш?"
"M02S08_INT_Smugglers_Loca190","M02S08_INT_Smugglers_Loca190",""
"M02S08_INT_Smugglers_Loca191","I thought I had been clear.","Я думав, що я був зрозумілий."
"M02S08_INT_Smugglers_Loca192","M02S08_INT_Smugglers_Loca192",""
"M02S08_INT_Smugglers_Loca163","I've to take a look inside the Hawkins warehouse.Leave me alone and I'll put in a good word for you with Cat.","Мені потрібно заглянути всередину складу Гокінсів. Залиште мене в спокої, і я скажу про вас добре слово Кіт."
"M02S08_INT_Smugglers_Loca164","Okay, it’s a deal.","Окей, домовились."
"M02S08_INT_Smugglers_Loca154","Her and me, it goes back a long way.","Вона і я, це вже давно триває."
"M02S08_INT_Smugglers_Loca155","We were working together before you were born.","Ми працювали разом ще до твого народження."
"M02S08_INT_Smugglers_Loca156","You think she's a fossil like you?","Ти думаєш, вона така ж стара, як ти?"
"M02S08_INT_Smugglers_Loca189","I'm older than her, you idiot.","Я старший за неї, ідіоте."
"M02S08_INT_Smugglers_Loca157","What an amateur!","Що за аматорство!"
"M02S08_INT_Smugglers_Loca158","M02S08_INT_Smugglers_Loca158",""
"M02S08_INT_Smugglers_Loca96","[Leave]","[Піти]"
"M02S08_INT_Smugglers_Loca97","I bid you, gentlemen, farewell.","Я прощаюсь з вами, джентльмени."
"M02S08_INT_Smugglers_Loca131","[Investigate their activities]","[Дослідити їхню діяльність]"
"M02S08_INT_Smugglers_Loca165","M02S08_INT_Smugglers_Loca165",""
"M02S08_INT_Smugglers_Loca167","I've got proof that you're stealing from your boss.","У мене є докази того, що ти крадеш у свого боса."
"M02S08_INT_Smugglers_Loca168","What will Cat say when she finds out that it's you who are filching stock?","Що скаже Кіт, коли дізнається, що це ви крадете товар?"
"M02S08_INT_Smugglers_Loca169","You've got no proof.","У тебе немає доказів."
"M02S08_INT_Smugglers_Loca170","Yeah, that's true... Apart from this little note from your friend, here.","Так, це правда... Хіба що ця маленька записка від твого друга тут."
"M02S08_INT_Smugglers_Loca171","You didn't throw it away?","Ти її не викинув?"
"M02S08_INT_Smugglers_Loca172","I couldn't know that someone was going to force the lock.","Я не міг знати, що хтось зламає замок."
"M02S08_INT_Smugglers_Loca173","What a… So, what is it you want?","Що за... То що ти хочеш?"
"M02S08_INT_Smugglers_Loca174","To get into the Hawkins warehouse.","Щоб потрапити на склад Гокінсів."
"M02S08_INT_Smugglers_Loca175","That's all? Go on then, and we never want to see your rat snout again!","І це все? Тоді йди, і ми більше ніколи не хочемо бачити твою щурячу морду!"
"M02S08_INT_Smugglers_Loca9","M02S08_INT_Smugglers_Loca9",""
"M02S08_INT_Smugglers_Loca11","Who does this belong to?","Кому це належить?"
"M02S08_INT_Smugglers_Loca27","So who are you?","Так хто ж ви?"
"M02S08_INT_Smugglers_Loca38","Are you stupid or are you doing it on purpose?","Ти дурний чи робиш це навмисно?"
"M02S08_INT_Smugglers_Loca39","Everybody knows us on Darkwater.","Всі на Дарквотері нас знають."
"M02S08_INT_Smugglers_Loca48","I've just arrived.","Я тільки що приїхав."
"M02S08_INT_Smugglers_Loca49","Let's just say that we're standing guard for the owner of the site.","Можна сказати, що ми стоїмо на варті власника цього місця."
"M02S08_INT_Smugglers_Loca50","And we let no one enter her property.","І ми не дозволяємо нікому входити на її територію."
"M02S08_INT_Smugglers_Loca40","M02S08_INT_Smugglers_Loca40",""
"M02S08_INT_Smugglers_Loca88","Remind me what you are doing here.","Нагадайте мені, що ви тут робите."
"M02S08_INT_Smugglers_Loca89","What are you guarding, exactly?","Що саме ви охороняєте?"
"M02S08_INT_Smugglers_Loca90","Listen, boneheaded. We already told you that we're guarding our boss' turf.","Слухай, тупоголовий. Ми вже казали тобі, що охороняємо територію нашого боса."
"M02S08_INT_Smugglers_Loca91","M02S08_INT_Smugglers_Loca91",""
"M02S08_INT_Smugglers_Loca12","You work for Cat?","Ви працюєте на Кіт?"
"M02S08_INT_Smugglers_Loca28","Cat, she's your boss?","Кіт, це твій бос?"
"M02S08_INT_Smugglers_Loca51","What? You listen through keyholes?","Що? Ти підслуховуєш крізь замкові щілини?"
"M02S08_INT_Smugglers_Loca41","She's the boss, yes. She says who goes in or not.","Вона бос, так. Вона вирішує, хто може входити, а хто ні."
"M02S08_INT_Smugglers_Loca42","Shut up, you dummy! You want her to know that you also talk too much?","Заціпся, дурню! Ти хочеш, щоб вона знала, що ти теж багато говориш?"
"M02S08_INT_Smugglers_Loca53","She must be quite intimidating if she can make two men like you tremble.","Вона, напевно, досить жахаюча, якщо може змусити двох таких чоловіків, як ви, тремтіти."
"M02S08_INT_Smugglers_Loca43","She redid the smile of the last one who wanted to get in.","Вона переробила посмішку останнього, хто хотів увійти."
"M02S08_INT_Smugglers_Loca135","I hope he had a good dentist.","Я сподіваюся, у нього був хороший стоматолог."
"M02S08_INT_Smugglers_Loca136","No, no, you don't understand. She really cut him a new smile.","Ні-ні, ти не розумієш. Вона справді зробила йому нову посмішку."
"M02S08_INT_Smugglers_Loca137","But he only smiles with the left cheek.","Але він посміхається тільки лівою щокою."
"M02S08_INT_Smugglers_Loca44","M02S08_INT_Smugglers_Loca44",""
"M02S08_INT_Smugglers_Loca92","You really are scared of this Cat.","Ви справді боїтеся цю Кіт."
"M02S08_INT_Smugglers_Loca93","She sounds frightening, your boss.","Вона звучить страхітливо, твоя начальниця."
"M02S08_INT_Smugglers_Loca94","And she doesn't like to be talked about behind her back.","Вона не любить, коли про неї говорять за її спиною."
"M02S08_INT_Smugglers_Loca95","M02S08_INT_Smugglers_Loca95",""
"M02S08_INT_Smugglers_Loca54","Is it you who defaced the statue?","Чи це ви зіпсували статую?"
"M02S08_INT_Smugglers_Loca55","I went to see the statue of Saint Brendan.","Я пішов подивитися на статую Святого Брендана."
"M02S08_INT_Smugglers_Loca61","It's really bad, what happened to the statue of Saint Brendan.","Те, що сталося зі статуєю святого Брендана, дуже погано."
"M02S08_INT_Smugglers_Loca58","What makes you think we did it?","Що змушує тебе думати, що це ми зробили?"
"M02S08_INT_Smugglers_Loca59","We're bootleggers, not savages.","Ми контрабандисти, а не дикі люди."
"M02S08_INT_Smugglers_Loca63","Who do you think defaced the statue?","Хто, на твою думку, зіпсував статую?"
"M02S08_INT_Smugglers_Loca62","What do I know? They could have done it by themselves.","Звідки мені знати? Вони могли б зробити це самі."
"M02S08_INT_Smugglers_Loca64","The sailors?","Моряки?"
"M02S08_INT_Smugglers_Loca65","Who else, in your opinion? And who's interested?","Хто ще, на твою думку? І кому це цікаво?"
"M02S08_INT_Smugglers_Loca185","M02S08_INT_Smugglers_Loca185",""
"M02S08_INT_Smugglers_Loca166","[Return]","[Повернутися]"
"M02S08_INT_Smugglers_Loca187","M02S08_INT_Smugglers_Loca187",""
"M02S08_INT_SpyingSmugglers_Loca1","M02S08_INT_SpyingSmugglers_Loca1",""
"M02S08_INT_SpyingSmugglers_Loca2","How could you be dumb enough to leave the entrance to the warehouses unguarded?","Як ти міг бути настільки бовдуром, щоб залишити вхід до складів без охорони?"
"M02S08_INT_SpyingSmugglers_Loca3","Keep your voice down. Why not go and shout it to Cat while you're at it.","Тихіше, чуєш. Чому б тобі не піти і не закричати це Кіт, поки ти вже тут."
"M02S08_INT_SpyingSmugglers_Loca4","I don't want to end up with her little knife under my throat.","Я не хочу опинитися з її маленьким ножем під горлом."
"M02S08_INT_SpyingSmugglers_Loca5","It's a stiletto, you idiot!","Це стилето, ідіоте!"
"M02S08_INT_SpyingSmugglers_Loca6","With that smell on your breath, I don't give you much chance anyway.","З таким запахом з твого подиху я не даю тобі багато шансів все одно."
"M02S08_INT_UseCrank_Loca1","M02S08_INT_UseCrank_Loca1",""
"M02S08_INT_UseCrank_Loca3","M02S08_INT_UseCrank_Loca3",""
"M02S08_INT_UseCrank_Loca4","[Mount the handle]","[Встановити ручку]"
"M02S08_INT_UseCrank_Loca41","M02S08_INT_UseCrank_Loca41",""
"M02S08_INT_UseCrank_Loca6","[Mount the cogwheel]","[Встановити зубчасте колесо]"
"M02S08_INT_UseCrank_Loca40","M02S08_INT_UseCrank_Loca40",""
"M02S08_INT_UseCrank_Loca8","[Mount the ratchet device]","[Встановити храповий механізм]"
"M02S08_INT_UseCrank_Loca28","M02S08_INT_UseCrank_Loca28",""
"M02S08_INT_UseCrank_Loca13","[Leave]","[Піти]"
"M02S08_INT_UseCrank_Loca43","[Turn the handle]","[Повернути ручку]"
"M02S08_INT_UseCrank_Loca35","Looks like that everything is in place.","Здається, все на місці."
"M02S08_INT_UseCrank_Loca37","M02S08_INT_UseCrank_Loca37",""
"M02S08_INT_UseCrank_Loca38","All I have to do is to turn this handle.","Все, що мені потрібно зробити, це повернути цю ручку."
"M02S08_INT_UseCrank_Loca33","M02S08_INT_UseCrank_Loca33",""
"M02S08_INT_UseCrank_Loca39","All that's left is to try to turn this handle...","Все, що залишилося, це спробувати повернути цю ручку..."
"M02S08_MON_BargainingChip_Loca1","M02S08_MON_BargainingChip_Loca1",""
"M02S08_MON_BargainingChip_Loca2","Now I've got proof that the fool is stealing from his boss.","Тепер у мене є докази того, що цей дурень краде у свого боса."
"M02S08_MON_BargainingChip_Loca3","It will give me leverage to negotiate with him.","Це дасть мені важелі впливу для переговорів з ним."
"M02S08_MON_BrokenRingBell_Loca1","M02S08_MON_BrokenRingBell_Loca1",""
"M02S08_MON_BrokenRingBell_Loca2","Broken. This place seems half abandoned.","Зламано. Це місце здається напівпокинутим."
"M02S08_MON_BurntPainting_Loca1","M02S08_MON_BurntPainting_Loca1",""
"M02S08_MON_BurntPainting_Loca5","M02S08_MON_BurntPainting_Loca5",""
"M02S08_MON_BurntPainting_Loca6","Whoever hid it here seems to worship Sarah Hawkins.","Хто б не сховав це тут, здається, поклоняється Сарі Гокінс."
"M02S08_MON_BurntPainting_Loca8","What just happened?  Did I imagine…","Що тільки що сталося? Чи це мені здалося…"
"M02S08_MON_BurntPainting_Loca4","M02S08_MON_BurntPainting_Loca4",""
"M02S08_MON_BurntPainting_Loca7","Is this one of Sarah Hawkins' paintings?","Це одна з картин Сари Гокінс?"
"M02S08_MON_CatsLetter_Loca1","M02S08_MON_CatsLetter_Loca1",""
"M02S08_MON_CatsLetter_Loca3","I wonder what Captain Fitzroy has got to say about this woman Cat?","Яка цікава жінка Кіт, про яку говорить капітан Фіцрой?"
"M02S08_MON_Cauchemar_Loca1","M02S08_MON_Cauchemar_Loca1",""
"M02S08_MON_Cauchemar_Loca3","*Panting breath*","*Задихане дихання*"
"M02S08_MON_Corde_Loca1","M02S08_MON_Corde_Loca1",""
"M02S08_MON_Corde_Loca2","It should be strong enough to lift the grating.","Це має бути досить міцним, щоб підняти ґрати."
"M02S08_MON_Corde_Loca3","This rope seems to be in good condition.","Цей канат, здається, в хорошому стані."
"M02S08_MON_CrankCog_Loca1","M02S08_MON_CrankCog_Loca1",""
"M02S08_MON_CrankCog_Loca3","M02S08_MON_CrankCog_Loca3",""
"M02S08_MON_CrankCog_Loca5","It should be possible to mount this cogwheel on the winch.","Це зубчасте колесо можна встановити на лебідку."
"M02S08_MON_CrankCog_Loca6","An old cogwheel. Rusty, but in working order.","Старе зубчасте колесо. Іржаве, але в робочому стані."
"M02S08_MON_CrankIncomplete_Loca1","M02S08_MON_CrankIncomplete_Loca1",""
"M02S08_MON_CrankIncomplete_Loca3","M02S08_MON_CrankIncomplete_Loca3",""
"M02S08_MON_CrankIncomplete_Loca2","This winch is missing several parts.","На цій лебідці не вистачає кількох деталей."
"M02S08_MON_CrankIncomplete_Loca5","M02S08_MON_CrankIncomplete_Loca5",""
"M02S08_MON_CrankIncomplete_Loca6","I must put the rope in place.","Я маю встановити мотузку на місце."
"M02S08_MON_CrankIncomplete_Loca7","M02S08_MON_CrankIncomplete_Loca7",""
"M02S08_MON_CrankIncomplete_Loca8","I need a handle.","Мені потрібна ручка."
"M02S08_MON_CrankIncomplete_Loca9","M02S08_MON_CrankIncomplete_Loca9",""
"M02S08_MON_CrankIncomplete_Loca10","There's a cogwheel missing.","На лебідці не вистачає зубчастого колеса."
"M02S08_MON_CrankIncomplete_Loca11","M02S08_MON_CrankIncomplete_Loca11",""
"M02S08_MON_CrankIncomplete_Loca12","I've got to fit a ratchet device.","Мені потрібно встановити храповий механізм."
"M02S08_MON_CrankLever_Loca1","M02S08_MON_CrankLever_Loca1",""
"M02S08_MON_CrankLever_Loca6","M02S08_MON_CrankLever_Loca6",""
"M02S08_MON_CrankLever_Loca7","This handle will be perfect for the winch.","Ця ручка підійде для лебідки."
"M02S08_MON_CrankLever_Loca8","A handle... It must come from these old winches.","Ця ручка... Напевно, вона походить з цих старих лебідок."
"M02S08_MON_CrankReturn_Loca1","M02S08_MON_CrankReturn_Loca1",""
"M02S08_MON_CrankReturn_Loca2","M02S08_MON_CrankReturn_Loca2",""
"M02S08_MON_CrankReturn_Loca3","A ratchet device. Exactly what I need...","Цей храповий механізм. Саме те, що мені потрібно..."
"M02S08_MON_CrankReturn_Loca4","This ratchet device seems to be usable.","Цей пристрій з храповиком здається придатним для використання."
"M02S08_MON_Crates_Loca1","M02S08_MON_Crates_Loca1",""
"M02S08_MON_Crates_Loca2","Would they notice it if I took a bottle?","Чи помітять вони, якщо я візьму пляшку?"
"M02S08_MON_CrochetageCabin_Begin_Loca1","M02S08_MON_CrochetageCabin_Begin_Loca1",""
"M02S08_MON_CrochetageCabin_Begin_Loca3","Hmm...","Хмм…"
"M02S08_MON_CrochetageCabin_Fail_Loca1","M02S08_MON_CrochetageCabin_Fail_Loca1",""
"M02S08_MON_CrochetageCabin_Fail_Loca3","Damnation, I broke it.","Прокляття, я зламав його."
"M02S08_MON_CrochetageCabin_Success_Loca1","M02S08_MON_CrochetageCabin_Success_Loca1",""
"M02S08_MON_CrochetageCabin_Success_Loca2","There!","Там!"
"M02S08_MON_CrochetageHawkins_Begin_Loca1","M02S08_MON_CrochetageHawkins_Begin_Loca1",""
"M02S08_MON_CrochetageHawkins_Begin_Loca8","Let's see...","Подивимося..."
"M02S08_MON_CrochetageHawkins_Fail_Loca1","M02S08_MON_CrochetageHawkins_Fail_Loca1",""
"M02S08_MON_CrochetageHawkins_Fail_Loca3","Shoot…","Чорт забирай..."
"M02S08_MON_CrochetageHawkins_Fail_Loca4","I'll have to find another way to get in...","Мені доведеться знайти інший спосіб потрапити всередину..."
"M02S08_MON_CrochetageHawkins_Result_Loca1","M02S08_MON_CrochetageHawkins_Result_Loca1",""
"M02S08_MON_CrochetageHawkins_Result_Loca3","M02S08_MON_CrochetageHawkins_Result_Loca3",""
"M02S08_MON_CrochetageHawkins_Result_Loca7","There we are!","Ось і все!"
"M02S08_MON_CrochetageHawkins_Result_Loca2","M02S08_MON_CrochetageHawkins_Result_Loca2",""
"M02S08_MON_CrochetageHawkins_Result_Loca5","Darn!","Чорт забирай!"
"M02S08_MON_CrochetageHawkins_Result_Loca6","I'll have to find another way in.","Мені доведеться знайти інший спосіб потрапити всередину."
"M02S08_MON_CrochetageHawkins_Success_Loca1","M02S08_MON_CrochetageHawkins_Success_Loca1",""
"M02S08_MON_CrochetageHawkins_Success_Loca3","Perfect...","Чудово..."
"M02S08_MON_Echec_Loca1","M02S08_MON_Echec_Loca1",""
"M02S08_MON_Echec_Loca2","Damn it!","Чорт забирай!"
"M02S08_MON_EnterHawkinsWarehouse_Loca1","M02S08_MON_EnterHawkinsWarehouse_Loca1",""
"M02S08_MON_EnterHawkinsWarehouse_Loca2","This place stinks!","Це місце смердить!"
"M02S08_MON_FitzroyPhotograph_Loca1","M02S08_MON_FitzroyPhotograph_Loca1",""
"M02S08_MON_FitzroyPhotograph_Loca2","This man and Fitzroy could be twins.","Цей чоловік і Фіцрой могли б бути близнюками."
"M02S08_MON_FitzroysBag_Loca1","M02S08_MON_FitzroysBag_Loca1",""
"M02S08_MON_FitzroysBag_Loca2","Fishing equipment. It could do with some rust remover.","Рибальське приладдя. Йому б не завадив засіб для видалення іржі."
"M02S08_MON_Greensmoke_Loca1","M02S08_MON_Greensmoke_Loca1",""
"M02S08_MON_Greensmoke_Loca12","Smoke... It's coming from this oil.","Дим... Він йде від цієї олії."
"M02S08_MON_Greensmoke_Loca5","M02S08_MON_Greensmoke_Loca5",""
"M02S08_MON_Greensmoke_Loca10","It smells harmless... but should I beware of psychotropic effects?","Він пахне безпечно... але чи варто мені остерігатися психотропних ефектів?"
"M02S08_MON_Greensmoke_Loca4","M02S08_MON_Greensmoke_Loca4",""
"M02S08_MON_Greensmoke_Loca6","I hope it's not toxic","Сподіваюся, це не токсично"
"M02S08_MON_HawkinsDebts_Loca1","M02S08_MON_HawkinsDebts_Loca1",""
"M02S08_MON_HawkinsDebts_Loca2","Charles Hawkins was a heavy drinker... and a debter? Interesting!","Чарльз Гокінс був запеклим п'яницею... і боржником? Цікаво!"
"M02S08_MON_Headache_Loca1","M02S08_MON_Headache_Loca1",""
"M02S08_MON_Headache_Loca2","I'm getting careless... I didn't see that coming.","Я стаю неуважним... Я не очікував цього."
"M02S08_MON_Headache_Loca3","If I want to get into this warehouse, I'm going to have to deal with her.","Якщо я хочу потрапити в цей склад, мені доведеться домовитися з нею."
"M02S08_MON_InspectTunnelGrid_Loca1","M02S08_MON_InspectTunnelGrid_Loca1",""
"M02S08_MON_InspectTunnelGrid_Loca2","This tunnel goes under the warehouses.","Цей тунель проходить під складами."
"M02S08_MON_InspectTunnelGrid_Loca6","It looks like there's a way in under this grate.","Під цією решіткою, здається, є вхід."
"M02S08_MON_Manifestes_Loca1","M02S08_MON_Manifestes_Loca1",""
"M02S08_MON_Manifestes_Loca15","These manifests are signed by Charles Hawkins, but that’s all I’ll get from them.","Ці маніфести підписані Чарльзом Гокінсом, але це все, що я зможу отримати з них."
"M02S08_MON_MaritimeBank_Loca1","M02S08_MON_MaritimeBank_Loca1",""
"M02S08_MON_MaritimeBank_Loca2","This blackboard hasn't been used in a long while.","Ця дошка не використовувалася вже давно."
"M02S08_MON_MaritimeBank_Loca3","A souvenir from a more prosperous era...","Сувенір з більш процвітаючої епохи..."
"M02S08_MON_MaritimeBank_Loca4","I guess this blackboard hasn't been wiped for more than seventy years.","Я думаю, що цю дошку не витирали більше, ніж сімдесят років."
"M02S08_MON_MaritimeMap_Loca1","M02S08_MON_MaritimeMap_Loca1",""
"M02S08_MON_MaritimeMap_Loca4","Like everythings here, this map hasn’t been used for years.","Як і все тут, ця карта не використовувалася вже багато років."
"M02S08_MON_Mirror_Loca1","M02S08_MON_Mirror_Loca1",""
"M02S08_MON_Mirror_Loca2","What the hell happened here?","Що, в біса, тут сталося?"
"M02S08_MON_NausetPainting_Loca1","M02S08_MON_NausetPainting_Loca1",""
"M02S08_MON_NausetPainting_Loca2","This is primitive…","Це примітивно…"
"M02S08_MON_NeedOil_Loca1","M02S08_MON_NeedOil_Loca1",""
"M02S08_MON_NeedOil_Loca2","Completely rusted... Not much use to me in this state.","Повністю іржавий... У такому стані він мені мало чим допоможе."
"M02S08_MON_Orca_Loca1","M02S08_MON_Orca_Loca1",""
"M02S08_MON_Orca_Loca3","M02S08_MON_Orca_Loca3",""
"M02S08_MON_Orca_Loca4","These wounds… I know of no animal that could have inflicted them.","Ці рани... Я не знаю жодної тварини, яка могла б їх завдати."
"M02S08_MON_Orca_Loca5","What could have done so much damage?","Що могло завдати такої шкоди?"
"M02S08_MON_Orca_Loca6","M02S08_MON_Orca_Loca6",""
"M02S08_MON_Orca_Loca2","The blood is just beginning to coagulate. It died a short time ago.","Кров тільки починає згортатися. Воно померло нещодавно."
"M02S08_MON_Orca_Loca8","M02S08_MON_Orca_Loca8",""
"M02S08_MON_Orca_Loca9","Killer whales have few predators, and there are no shark in these waters.","Косатки мають декількох хижаків, і в цих водах немає акул."
"M02S08_MON_Orca_Loca12","What creature could possibly have done this?","Яка істота могла б це зробити?"
"M02S08_MON_Orca_Loca10","M02S08_MON_Orca_Loca10",""
"M02S08_MON_Orca_Loca11","Only a specialist would know what killed it.","Тільки спеціаліст міг би знати, що його вбило."
"M02S08_MON_Painkillers_Loca1","M02S08_MON_Painkillers_Loca1",""
"M02S08_MON_Painkillers_Loca2","Painkillers. Who could have left them here?","Знеболювальні. Хто міг залишити їх тут?"
"M02S08_MON_PecheMiraculeuse_Loca1","M02S08_MON_PecheMiraculeuse_Loca1",""
"M02S08_MON_PecheMiraculeuse_Loca2","The ""Miraculous Catch""... Apparently, the most significant event of the last eighty years.","""Чудесний улов""... Очевидно, найзначніша подія останніх вісімдесяти років."
"M02S08_MON_PegLeg_Loca1","M02S08_MON_PegLeg_Loca1",""
"M02S08_MON_PegLeg_Loca2","What a macabre souvenir.","Який кривавий сувенір."
"M02S08_MON_Prohibition_Loca1","M02S08_MON_Prohibition_Loca1",""
"M02S08_MON_Prohibition_Loca3","Prohibition is just a joke around here. That suits me fine.","Заборона - це просто жарт тут. Мені це підходить."
"M02S08_MON_Reconstitution_AntiDouleur_Loca1","M02S08_MON_Reconstitution_AntiDouleur_Loca1",""
"M02S08_MON_Reconstitution_AntiDouleur_Loca3","M02S08_MON_Reconstitution_AntiDouleur_Loca3",""
"M02S08_MON_Reconstitution_AntiDouleur_Loca4","These painkillers were prescribed three months ago.","Ці знеболювальні були призначені три місяці тому."
"M02S08_MON_Reconstitution_AntiDouleur_Loca11","Someone has been taking them since the time of the Hawkins's death.","Хтось приймав їх з часу смерті Гокінсів."
"M02S08_MON_Reconstitution_AntiDouleur_Loca7","M02S08_MON_Reconstitution_AntiDouleur_Loca7",""
"M02S08_MON_Reconstitution_AntiDouleur_Loca8","Who has enough money to buy painkillers but stays in a place like this?","Хто має достатньо грошей, щоб купити знеболювальні, але живе в такому місці?"
"M02S08_MON_Reconstitution_DeadFish_Loca1","M02S08_MON_Reconstitution_DeadFish_Loca1",""
"M02S08_MON_Reconstitution_DeadFish_Loca2","It smells as bad as it looks.","Воно смердить так само погано, як і виглядає."
"M02S08_MON_Reconstitution_Miroir_Loca1","M02S08_MON_Reconstitution_Miroir_Loca1",""
"M02S08_MON_Reconstitution_Miroir_Loca4","M02S08_MON_Reconstitution_Miroir_Loca4",""
"M02S08_MON_Reconstitution_Miroir_Loca5","The glass is shattered, like someone smashed it.  Was it before or after the removal of these bandages?","Скло розбите, ніби хтось його розтрощив.  Було це до чи після зняття цих пов'язок?"
"M02S08_MON_Reconstitution_Miroir_Loca6","M02S08_MON_Reconstitution_Miroir_Loca6",""
"M02S08_MON_Reconstitution_Miroir_Loca9","What happened here?","Що тут трапилось?"
"M02S08_MON_Reconstitution_Newspaper_Loca1","M02S08_MON_Reconstitution_Newspaper_Loca1",""
"M02S08_MON_Reconstitution_Newspaper_Loca3","Le petit Parisien","Маленький Париж (французькою)"
"M02S08_MON_Reconstitution_Newspaper_Loca2","Who might keep a news clipping about Sarah Hawkins?","Хто може зберігати вирізку з новин про Сару Гокінс?"
"M02S08_MON_Reconstitution_Start_Loca1","M02S08_MON_Reconstitution_Start_Loca1",""
"M02S08_MON_Reconstitution_Start_Loca2","What is the connection between this place and the Sarah Hawkins case?","Який зв'язок між цим місцем і справою Сари Гокінс?"
"M02S08_MON_SarahXCharlesPhoto_Loca1","M02S08_MON_SarahXCharlesPhoto_Loca1",""
"M02S08_MON_SarahXCharlesPhoto_Loca4","M02S08_MON_SarahXCharlesPhoto_Loca4",""
"M02S08_MON_SarahXCharlesPhoto_Loca2","Someone treasures this crumpled picture to the point of sleeping with it.","Хтось цінує цю зім'яту фотографію настільки, що спить з нею."
"M02S08_MON_SarahXCharlesPhoto_Loca3","M02S08_MON_SarahXCharlesPhoto_Loca3",""
"M02S08_MON_SarahXCharlesPhoto_Loca6","What is this picture of Charles and Sarah Hawkins doing here ?","Що ця фотографія Чарльза і Сари Гокінс робить тут?"
"M02S08_MON_Scylla_Loca1","M02S08_MON_Scylla_Loca1",""
"M02S08_MON_Scylla_Loca2","The Scylla... It finished up beached at the entrance to the harbor.","""Сцилла""... Вона закінчила на мілині біля входу в гавань."
"M02S08_MON_ScyllaChart_Loca1","M02S08_MON_ScyllaChart_Loca1",""
"M02S08_MON_ScyllaChart_Loca2","The sea routes taken by the Scylla when it was hunting whales.","Морські маршрути, якими слідувала ""Сцилла"", коли полювала на китів."
"M02S08_MON_ScyllaChart_Loca3","Some coordinates have been circled.","Деякі координати обведені."
"M02S08_MON_SkillAthleticismCriticalFail_Loca1","M02S08_MON_SkillAthleticismCriticalFail_Loca1",""
"M02S08_MON_SkillAthleticismCriticalFail_Loca2","Damn, I broke it.","Бляха, я зламав його."
"M02S08_MON_SkillAthleticismFail_Loca1","M02S08_MON_SkillAthleticismFail_Loca1",""
"M02S08_MON_SkillAthleticismFail_Loca4","There's nothing I can do","Я нічого не можу зробити"
"M02S08_MON_SkillAthleticismFail_Loca2","Needs some oil to lubricate the mechanism.","Потрібно трохи олії, щоб змастити механізм."
"M02S08_MON_SleepingPills_Loca1","M02S08_MON_SleepingPills_Loca1",""
"M02S08_MON_SleepingPills_Loca2","Can't sleep ? I know how that feels.","Не можу заснути? Я знаю, як це відчувається."
"M02S08_MON_SmugglersAuthorization_Loca1","M02S08_MON_SmugglersAuthorization_Loca1",""
"M02S08_MON_SmugglersAuthorization_Loca7","If I can't get rid of those two, I'll have to look for another way.","Якщо я не можу позбутися від цих двох, мені доведеться шукати інший шлях."
"M02S08_MON_SmugglersNote_Loca1","M02S08_MON_SmugglersNote_Loca1",""
"M02S08_MON_SmugglersNote_Loca3","I've now got proof that goon is stealing from his boss.","Тепер у мене є докази того, що гангстер краде у свого боса."
"M02S08_MON_SmugglersNote_Loca4","Somebody's stealing from the bootleggers' stock of liquor.","Хтось краде алкоголь з запасів контрабандистів."
"M02S08_MON_Squat_Loca1","M02S08_MON_Squat_Loca1",""
"M02S08_MON_Squat_Loca2","Who could be sleeping in this pigpen?","Хто міг би спати в цьому свинарнику?"
"M02S08_MON_Statue_Loca1","M02S08_MON_Statue_Loca1",""
"M02S08_MON_Statue_Loca14","M02S08_MON_Statue_Loca14",""
"M02S08_MON_Statue_Loca16","This language is a whole lot older than this statue.","Ця мова набагато старіша за цю статую."
"M02S08_MON_Statue_Loca15","I've got no idea what it could mean.","Я не маю уявлення, що це може означати."
"M02S08_MON_Statue_Loca8","M02S08_MON_Statue_Loca8",""
"M02S08_MON_Statue_Loca18","Saint Brendan, patron saint of sailors and travelers.","Святий Брендан, покровитель моряків і мандрівників."
"M02S08_MON_Statue_Loca19","Desecrated.","Осквернено."
"M02S08_MON_Statue_Loca10","M02S08_MON_Statue_Loca10",""
"M02S08_MON_Statue_Loca2","It looks like Phoenician, or a very primitive runic script.","Виглядає як фінікійська, або дуже примітивна руницька писемність."
"M02S08_MON_Statue_Loca20","I've never seen anything like it.","Я ніколи не бачив нічого подібного."
"M02S08_MON_Statue_Loca9","M02S08_MON_Statue_Loca9",""
"M02S08_MON_Statue_Loca5","I can't even say in which language it is written.","Я навіть не можу сказати, якою мовою це написано."
"M02S08_MON_StolenBooze_Loca1","M02S08_MON_StolenBooze_Loca1",""
"M02S08_MON_StolenBooze_Loca3","One bottle more or less...","Однію пляшкою більше чи менше..."
"M02S08_MON_StolenBooze_Loca4","Hello old friend.","Привіт, старий друже."
"M02S08_MON_Treuil_Loca1","M02S08_MON_Treuil_Loca1",""
"M02S08_MON_Treuil_Loca2","I could use this old winch to lift the grating.","Я міг би використати цю стару лебідку, щоб підняти решітку."
"M02S08_MON_Treuil_Loca4","But it's been completely taken to bits.","Але вона була повністю розібрана."
"M02S08_MON_Treuil_Loca5","There must be some spare parts amid all this clutter.","Серед усього цього безладу повинні бути запасні частини."
"M02S08_MON_TreuilFailSystem_TooSmall_Loca1","M02S08_MON_TreuilFailSystem_TooSmall_Loca1",""
"M02S08_MON_TreuilFailSystem_TooSmall_Loca2","The parts are too small... The gears won't function.","Деталі занадто малі... Шестерні не працюватимуть."
"M02S08_MON_Tunnel_Loca1","M02S08_MON_Tunnel_Loca1",""
"M02S08_MON_Tunnel_Loca2","*Ugh*!","*Ух*!"
"M02S08_MON_TunnelTrapDoor_Loca1","M02S08_MON_TunnelTrapDoor_Loca1",""
"M02S08_MON_TunnelTrapDoor_Loca10","M02S08_MON_TunnelTrapDoor_Loca10",""
"M02S08_MON_TunnelTrapDoor_Loca3","Old fishing nets.","Старі рибальські сітки."
"M02S08_MON_TunnelTrapDoor_Loca5","M02S08_MON_TunnelTrapDoor_Loca5",""
"M02S08_MON_TunnelTrapDoor_Loca6","These nets were put there to hide something...","Ці сітки були покладені туди, щоб щось приховати..."
"M02S08_MON_TunnelTrapDoor_Loca4","M02S08_MON_TunnelTrapDoor_Loca4",""
"M02S08_MON_TunnelTrapDoor_Loca7","Nothing of any use.","Нічого корисного."
"M02S08_MON_TunnelTrapDoor_Loca9","M02S08_MON_TunnelTrapDoor_Loca9",""
"M02S08_MON_TunnelTrapDoor_Loca14","M02S08_MON_TunnelTrapDoor_Loca14",""
"M02S08_MON_WhaleBone_Loca1","M02S08_MON_WhaleBone_Loca1",""
"M02S08_MON_WhaleBone_Loca2","A whale vertebra.","Хребець кита."
"M02S08_MON_WhaleBone_Loca3","This place is full of junk.","Це місце повне сміття."
"M02S08_MON_WhaleBone_Loca4","If the newspaper clipping in the bar is true, this bone is a real fossil.","Якщо газетна вирізка в барі правдива, то ця кістка - справжня скам'янілість."
"M03S01_AMB_AfterBradleyIntro_Loca1","M03S01_AMB_AfterBradleyIntro_Loca1",""
"M03S01_AMB_AfterBradleyIntro_Loca2","Right. Let's go.","Добре. Пішли."
"M03S01_AMB_AfterBradleyIntro_Loca3","OK. But don't get the impression that I'll leave you alone inside the mansion.","Гаразд. Але не думай, що я залишу тебе одного в маєтку."
"M03S01_AMB_AfterSilasCine_Loca1","M03S01_AMB_AfterSilasCine_Loca1",""
"M03S01_AMB_AfterSilasCine_Loca2","You're Mr Winchester?","Ви містер Вінчестер?"
"M03S01_AMB_AfterSilasCine_Loca7","Lower that axe and let's talk calmly.","Опусти сокиру і поговоримо спокійно."
"M03S01_AMB_Bradley_AtDoor_Loca1","M03S01_AMB_Bradley_AtDoor_Loca1",""
"M03S01_AMB_Bradley_AtDoor_Loca2","Pierce. Shall we enter ?","Пірс. Входимо?"
"M03S01_AMB_Silas_LeaveMeAlone_Loca1","M03S01_AMB_Silas_LeaveMeAlone_Loca1",""
"M03S01_AMB_Silas_LeaveMeAlone_Loca2","Go away, now.","Іди геть, зараз же."
"M03S01_AMB_Silas_StopBotheringMe_Loca1","M03S01_AMB_Silas_StopBotheringMe_Loca1",""
"M03S01_AMB_Silas_StopBotheringMe_Loca3","Stop bothering me!","Залиш мене в спокої!"
"M03S01_AMB_Silas_WhatDoYouWant_Loca1","M03S01_AMB_Silas_WhatDoYouWant_Loca1",""
"M03S01_AMB_Silas_WhatDoYouWant_Loca2","What now?","Що тепер?"
"M03S01_CIN_SUB_IntroManor_Loca1","M03S01_CIN_SUB_IntroManor_Loca1",""
"M03S01_CIN_SUB_IntroManor_Loca2","Well, here we are. Hawkins mansion.","Ну, ось ми і тут. Маєток Гокінсів."
"M03S01_CIN_SUB_Silas_Loca1","M03S01_CIN_SUB_Silas_Loca1",""
"M03S01_CIN_SUB_Silas_Loca4","You were trying to force the door, you nosy prick!","Ти намагався зламати двері, ти допитливий придурку!"
"M03S01_CIN_SUB_Silas_Loca5","Easy, sir, alright? Put down the axe.","Легше, сер, гаразд? Опустіть сокиру."
"M03S01_CIN_SUB_Silas_Loca6","You know what we do with rabble like you? We gut them, dump them in the ocean.","Знаєш, що ми робимо з такими як ти? Ми випотрошуємо їх і скидаємо в океан."
"M03S01_CIN_SUB_Silas_Loca7","Calm down, please. I'm no housebreaker. Just let me explain.","Заспокійся, будь ласка. Я не злочинець. Просто дай мені пояснити."
"M03S01_INT_Bradley_AboutTombs_Loca1","M03S01_INT_Bradley_AboutTombs_Loca1",""
"M03S01_INT_Bradley_AboutTombs_Loca2","I told you. Silas Winchester is still watching over the Hawkins family.","Я ж казав тобі. Сайлас Вінчестер досі стежить за родиною Гокінсів."
"M03S01_INT_Bradley_AboutTombs_Loca27","I must say, it's pretty gloomy.","Мушу сказати, тут досить похмуро."
"M03S01_INT_Bradley_AboutTombs_Loca4","So, detective, does this place inspire any thoughts?","Отже, детективе, це місце надихає на якісь думки?"
"M03S01_INT_Bradley_AboutTombs_Loca15","M03S01_INT_Bradley_AboutTombs_Loca15",""
"M03S01_INT_Bradley_AboutTombs_Loca16","Someone desecrated one of the graves.","Хтось осквернив одну з могил."
"M03S01_INT_Bradley_AboutTombs_Loca19","Do you know if Charles Hawkins had any enemies?","Вам відомо, чи були у Чарльза Гокінса вороги?"
"M03S01_INT_Bradley_AboutTombs_Loca20","Not to our knowledge. He was a well respected personality on the island.","Нам не відомо. Він був добре відомою особистістю на острові."
"M03S01_INT_Bradley_AboutTombs_Loca10","I don't understand. Silas would never have let such a thing happen.","Я не розумію. Сайлас ніколи б не дозволив такому статися."
"M03S01_INT_Bradley_AboutTombs_Loca28","M03S01_INT_Bradley_AboutTombs_Loca28",""
"M03S01_INT_Bradley_AboutTombs_Loca17","I've seen enough.","Я побачив достатньо."
"M03S01_INT_Bradley_AboutTombs_Loca18","Let's go to the mansion.","Підемо до маєтку."
"M03S01_INT_Bradley_AboutTombs_Loca21","Such a strange final resting place.","Таке дивне місце для останнього спочинку."
"M03S01_INT_Bradley_AboutTombs_Loca22","Why were they buried here?","Чому їх поховали тут?"
"M03S01_INT_Bradley_AboutTombs_Loca23","I was given to believe that it was Charles Hawkins's wish.","Мені сказали, що це було бажанням Чарльза Гокінса."
"M03S01_INT_Bradley_AboutTombs_Loca24","Strange idea. I imagine Webster wasn't too pleased.","Дивна ідея. Уявляю, що Вебстер був не дуже задоволений."
"M03S01_INT_Bradley_AboutTombs_Loca25","Mrs Hawkins's father? It's said that he's devastated.","Батько місіс Гокінс? Кажуть, що він спустошений."
"M03S01_INT_Bradley_AboutTombs_Loca30","M03S01_INT_Bradley_AboutTombs_Loca30",""
"M03S01_INT_Bradley_AboutTombs_Loca26","We are not alone here.","Ми тут не одні."
"M03S01_INT_Bradley_AboutTombs_Loca31","Is the caretaker still around? Evidence here suggests he is.","Доглядач досі тут? Докази свідчать про те, що так."
"M03S01_INT_Bradley_AboutTombs_Loca33","It's surprising, indeed. Let's try to keep our eyes open.","Це справді дивно. Давайте спробуємо бути уважнішими."
"M03S01_INT_Bradley_AboutTombs_Loca32","M03S01_INT_Bradley_AboutTombs_Loca32",""
"M03S01_INT_Bradley_EnterMansion_Loca1","M03S01_INT_Bradley_EnterMansion_Loca1",""
"M03S01_INT_Bradley_EnterMansion_Loca5","Let's take a look inside.","Давайте заглянемо всередину."
"M03S01_INT_Bradley_EnterMansion_Loca3","I'm with you.","Я з тобою."
"M03S01_INT_Bradley_EnterMansion_Loca4","I'm coming with you. There's no way I'll leave you alone in there without a watchful eye.","Я йду з тобою. Ніяк не залишу тебе одного там без нагляду."
"M03S01_INT_Bradley_FailedSilas_Loca1","M03S01_INT_Bradley_FailedSilas_Loca1",""
"M03S01_INT_Bradley_FailedSilas_Loca3","Silas! Pierce! In God's name, what are you doing?","Сайласе! Пірсе! Іменем Бога, що ви робите?"
"M03S01_INT_Bradley_FailedSilas_Loca4","Officer Bradley! This hood was trying to break into the mansion!","Офіцере Бредлі! Цей покидьок намагався зламати двері в маєток!"
"M03S01_INT_Bradley_FailedSilas_Loca6","Do something, Bradley, or this story will have a nasty ending.","Зроби щось, Бредлі, або ця історія закінчиться погано."
"M03S01_INT_Bradley_FailedSilas_Loca8","I vouch for him, Silas. He's working with us.","Я ручаюсь за нього, Сайласе. Він працює з нами."
"M03S01_INT_Bradley_FailedSilas_Loca9","We have reason to believe that someone entered the mansion and stole some paintings.","Ми маємо підстави вважати, що хтось увійшов до маєтку і вкрав кілька картин."
"M03S01_INT_Bradley_FailedSilas_Loca10","Impossible! I would have seen it.","Неможливо! Я б це помітив."
"M03S01_INT_Bradley_FailedSilas_Loca11","Better safe than sorry. Now let us in: I promise to keep an eye on this one.","Краще перестрахуватися, ніж потім шкодувати. Тепер впусти нас: я обіцяю стежити за ним."
"M03S01_INT_Bradley_FailedSilas_Loca5","Okay, then. I'll leave the key with you. You could have told me that earlier, sonny.","Гаразд, тоді. Я залишу тобі ключ. Міг би сказати мені про це раніше, синку."
"M03S01_INT_Bradley_InFrontService_Door_Loca1","M03S01_INT_Bradley_InFrontService_Door_Loca1",""
"M03S01_INT_Bradley_InFrontService_Door_Loca11","M03S01_INT_Bradley_InFrontService_Door_Loca11",""
"M03S01_INT_Bradley_InFrontService_Door_Loca8","Now that you've finished your fun and games with Silas we can, perhaps, inspect the mansion.","Тепер, коли ти закінчив свої веселі ігри з Сайласом, ми можемо, певно що, оглянути маєток."
"M03S01_INT_Bradley_InFrontService_Door_Loca13","You’re right. Let’s go.","Ти правий. Пішли."
"M03S01_INT_Bradley_InFrontService_Door_Loca14","M03S01_INT_Bradley_InFrontService_Door_Loca14",""
"M03S01_INT_Bradley_InFrontService_Door_Loca9","Old Silas didn't give you the key. I suppose we'll have to find it ourselves.","Старигань Сайлас не дав тобі ключ. Певно, нам доведеться знайти їх самостійно."
"M03S01_INT_Bradley_InFrontService_Door_Loca16","I'm working on it.","Я працюю над цим."
"M03S01_INT_Bradley_Intro_Loca1","M03S01_INT_Bradley_Intro_Loca1",""
"M03S01_INT_Bradley_Intro_Loca2","The place has been abandoned since the fire. There's only old Winchester, in his hut.","Місце було покинуте з моменту пожежі. Тут лише старий Вінчестер, у своїй хатині."
"M03S01_INT_Bradley_Intro_Loca16","M03S01_INT_Bradley_Intro_Loca16",""
"M03S01_INT_Bradley_Intro_Loca17","You’re not the first to talk about Winchester.","Ти не перший, хто говорить про Вінчестера."
"M03S01_INT_Bradley_Intro_Loca20","Your partner, Andrews, warned me against him.","Твій партнер, Ендрюс, попереджав мене про нього."
"M03S01_INT_Bradley_Intro_Loca22","You managed to get something out of that bum? I'll end up asking you for advice.","Тобі вдалося щось витягти з цього бомжа? Я закінчу тим, що буду просити тебе поради."
"M03S01_INT_Bradley_Intro_Loca21","He talks too much. He inferred that ""old Silas"" was slightly unhinged.","Він занадто багато говорить. Він натякнув, що ""старигань Сайлас"" трохи не при собі."
"M03S01_INT_Bradley_Intro_Loca25","That's not far off the mark, I suppose. But kinda unfair at the same time.","Це недалеко від позначки, я гадаю. Але водночас це дещо несправедливо."
"M03S01_INT_Bradley_Intro_Loca28","M03S01_INT_Bradley_Intro_Loca28",""
"M03S01_INT_Bradley_Intro_Loca23","Why is the caretaker still here?","Чому доглядач досі тут?"
"M03S01_INT_Bradley_Intro_Loca26","He's clearly not doing any gardening.","Він явно не займається садівництвом."
"M03S01_INT_Bradley_Intro_Loca27","You know, Silas Winchester has been working for the Hawkins family for as back as I can remember.","Ви знаєте, Сайлас Вінчестер працював на родину Гокінсів наскільки я можу пригадати."
"M03S01_INT_Bradley_Intro_Loca29","Charles was like a son, to him. The day of the fire, he lost his whole family.","Чарльз був для нього як син. В день пожежі він втратив всю свою родину."
"M03S01_INT_Bradley_Intro_Loca30","So he's got nowhere to go. And, as you'll see, in a way he's still watching over them.","Тож йому нема куди йти. І, як ти побачиш, в певному сенсі він досі стежить за ними."
"M03S01_INT_Bradley_Intro_Loca78","Is there anything else you want to ask me, or do you want to go up there?","Є ще щось, про що ти хочеш мене запитати, чи ми підемо туди?"
"M03S01_INT_Bradley_Intro_Loca31","M03S01_INT_Bradley_Intro_Loca31",""
"M03S01_INT_Bradley_Intro_Loca18","I thought the mansion burnt in a fire.","Я думав, що маєток згорів у вогні."
"M03S01_INT_Bradley_Intro_Loca32","I see no scorched trees or fire damage on the building.","Я не бачу обгорілих дерев чи слідів пожежі на будівлі."
"M03S01_INT_Bradley_Intro_Loca34","You're pretty damn observant, aren't you!","Ти досить, блять, спостережливий, чи не так?!"
"M03S01_INT_Bradley_Intro_Loca35","The fire was quickly contained. Old Silas acted as soon as he could.","Пожежу швидко локалізували. Старий Сайлас діяв швидко, як тільки міг."
"M03S01_INT_Bradley_Intro_Loca36","Not soon enough to save the Hawkins.","Не досить швидко, щоб врятувати Гокінсів."
"M03S01_INT_Bradley_Intro_Loca38","They were trapped in the drawing room. And don't go troubling Silas anymore. His guilt torments him enough as it is.","Вони були в пастці у вітальні. І не турбуй більше Сайласа. Його провина і так його мучить досить."
"M03S01_INT_Bradley_Intro_Loca81","Are we going to take a closer look at this mansion or do you have other questions?","Ми збираємося ближче розглянути цей маєток, чи у тебе є інші запитання?"
"M03S01_INT_Bradley_Intro_Loca68","M03S01_INT_Bradley_Intro_Loca68",""
"M03S01_INT_Bradley_Intro_Loca19","This place is falling into ruin.","Це місце перетворюється на руїни."
"M03S01_INT_Bradley_Intro_Loca3","I don't believe that the fire is the only reason this house is in such a state.","Я не вірю, що пожежа - єдина причина, чому цей будинок у такому стані."
"M03S01_INT_Bradley_Intro_Loca82","You won't get me to believe that it looked any better three months ago.","Ти не переконаєш мене, що три місяці тому він виглядав краще."
"M03S01_INT_Bradley_Intro_Loca33","It's a very old building, you know. Its foundations would probably date from the arrival of the first settlers.","Це дуже стара будівля, знаєш. Її основи, мабуть, датуються часом прибуття перших поселенців."
"M03S01_INT_Bradley_Intro_Loca98","M03S01_INT_Bradley_Intro_Loca98",""
"M03S01_INT_Bradley_Intro_Loca61","It’s really that old?","Він насправді настільки старий?"
"M03S01_INT_Bradley_Intro_Loca101","Come on, let's leave the stories of the dead alone. They've nothing to do with your case, anyhow.","Давай залишимо історії про загиблих. Вони не мають нічого спільного з твоєю справою, у будь-якому випадку."
"M03S01_INT_Bradley_Intro_Loca107","Let's go up there. Unless you still have questions.","Підемо туди. Поки у тебе ще є запитання."
"M03S01_INT_Bradley_Intro_Loca103","M03S01_INT_Bradley_Intro_Loca103",""
"M03S01_INT_Bradley_Intro_Loca97","M03S01_INT_Bradley_Intro_Loca97",""
"M03S01_INT_Bradley_Intro_Loca99","It's got nothing to do with Charles Hawkins's debts?","Це не має нічого спільного з боргами Чарльза Гокінса?"
"M03S01_INT_Bradley_Intro_Loca104","You've already begun to nose around, it would seem.","Ти вже почав нишпорити, як видно."
"M03S01_INT_Bradley_Intro_Loca105","So since you already know it. The Hawkins family couldn't afford the upkeep of this house.","Тож, оскільки ти вже знаєш це. Родина Гокінсів не могла дозволити собі утримання цього будинку."
"M03S01_INT_Bradley_Intro_Loca106","It remains to be seen what they did with all their money. I wager it was Charles Hawkins's travels.","Залишається з'ясувати, що вони робили з усіма своїми грошима. Я б поставив на те, що це були подорожі Чарльза Гокінса."
"M03S01_INT_Bradley_Intro_Loca119","M03S01_INT_Bradley_Intro_Loca119",""
"M03S01_INT_Bradley_Intro_Loca74","Let’s not waste any time.","Не будемо витрачати час даремно."
"M03S01_INT_Bradley_Intro_Loca75","Night falls quickly here, and I want to be able to see when we arrive.","Ніч швидко настає тут, і я хочу мати можливість бачити, коли ми прибудемо."
"M03S01_INT_Bradley_Intro_Loca77","M03S01_INT_Bradley_Intro_Loca77",""
"M03S01_INT_Bradley_Intro_Loca79","Anything I should be wary of?","Чи є щось, чого мені слід остерігатися?"
"M03S01_INT_Bradley_Intro_Loca80","I prefer to be prepared if there’s going to be trouble.","Я віддаю перевагу бути готовим, якщо там буде якась проблема."
"M03S01_INT_Bradley_Intro_Loca83","Wise attitude. But apart from old Silas and some rotten floorboards, there's nothing to worry about.","Мудра позиція. Але окрім старого Сайласа і кількох гнилих дошок, тут немає чого боятися."
"M03S01_INT_Bradley_Intro_Loca87","M03S01_INT_Bradley_Intro_Loca87",""
"M03S01_INT_Bradley_Intro_Loca88","You are talking about Silas Winchester.","Ти говориш про Сайласа Вінчестера."
"M03S01_INT_Bradley_Intro_Loca95","That's right. The Hawkins's old caretaker.","Це правда. Старий доглядач Гокінсів."
"M03S01_INT_Bradley_Intro_Loca89","M03S01_INT_Bradley_Intro_Loca89",""
"M03S01_INT_Bradley_Intro_Loca84","Could he be a problem?","Може він бути проблемою?"
"M03S01_INT_Bradley_Intro_Loca85","Strictly speaking, he's not dangerous, but since the tragedy he's been a little touched.","Технічно кажучи, він не небезпечний, але з моменту трагедії він трохи збожеволів."
"M03S01_INT_Bradley_Intro_Loca90","Though he's a remarkably sturdy man, given his age. A true force of nature.","Хоча він дивовижно витривалий чоловік, враховуючи його вік. Справжня сила природи."
"M03S01_INT_Bradley_Intro_Loca92","A sad old man doesn't worry me.","Сумний старий чоловік мене не хвилює."
"M03S01_INT_Bradley_Intro_Loca94","If you don't want to listen to my advice, we might as well go, right?","Якщо ти не хочеш слухати мої поради, ми можемо йти, так?"
"M03S01_INT_Bradley_Intro_Loca93","M03S01_INT_Bradley_Intro_Loca93",""
"M03S01_INT_Bradley_Intro_Loca109","You know the place very well.","Ти дуже добре знаєш це місце."
"M03S01_INT_Bradley_Intro_Loca110","You're the one who looked after the Hawkins case.","Ти саме той, хто займався справою Гокінсів."
"M03S01_INT_Bradley_Intro_Loca112","Don't think I was trying to hide it. It's just that this discovery shakes my convictions.","Не думай, що я намагався це приховати. Просто це відкриття похитнуло мої переконання."
"M03S01_INT_Bradley_Intro_Loca111","That's why you're so keen to find out who removed the painting from the mansion.","Ось чому ти так прагнеш дізнатися, хто прибрав картину з маєтку."
"M03S01_INT_Bradley_Intro_Loca113","Yes. If something escaped us, or if there's been a law enforcement error, then it's up to the police to make good its mistake.","Так. Якщо щось вислизнуло повз нас, або якщо сталася помилка правоохоронних органів, то тоді поліція повинна виправити свою помилку."
"M03S01_INT_Bradley_Intro_Loca114","Anything else?","Ще щось?"
"M03S01_INT_Bradley_Intro_Loca115","M03S01_INT_Bradley_Intro_Loca115",""
"M03S01_INT_Bradley_Intro_Loca40","I'll go with you, if only to reassure Silas.","Я піду з тобою, але тільки щоб заспокоїти Сайласа."
"M03S01_INT_Bradley_Intro_Loca9","M03S01_INT_Bradley_Intro_Loca9",""
"M03S01_INT_Bradley_Intro_Loca11","[Accept]","[Прийняти]"
"M03S01_INT_Bradley_Intro_Loca14","Why not? You could help.","Чому б і ні? Ти міг би допомогти."
"M03S01_INT_Bradley_Intro_Loca12","[Refuse]","[Відмовити]"
"M03S01_INT_Bradley_Intro_Loca70","You stay here and keep an eye on things.","Ти залишайся тут і стеж за всім."
"M03S01_INT_Silas_Intro_Loca1","M03S01_INT_Silas_Intro_Loca1",""
"M03S01_INT_Silas_Intro_Loca177","I'll show you how we have it out on Darkwater!","Я покажу тобі, як ми розбираємося з цим на Дарквотері!"
"M03S01_INT_Silas_Intro_Loca178","M03S01_INT_Silas_Intro_Loca178",""
"M03S01_INT_Silas_Intro_Loca179","[Grab his axe]","[Вихопити його сокиру]"
"M03S01_INT_Silas_Intro_Loca329","M03S01_INT_Silas_Intro_Loca329",""
"M03S01_INT_Silas_Intro_Loca244","Give me that.","Дай мені це."
"M03S01_INT_Silas_Intro_Loca245","Control yourself, old man!","Контролюй себе, старпере!"
"M03S01_INT_Silas_Intro_Loca246","You've got guts, you little bastard.","У тебе є яйця, ти малий шмаркачу."
"M03S01_INT_Silas_Intro_Loca248","You and I, we've got some talking to do.","Ти і я, нам потрібно трохи поговорити."
"M03S01_INT_Silas_Intro_Loca254","M03S01_INT_Silas_Intro_Loca254",""
"M03S01_INT_Silas_Intro_Loca328","M03S01_INT_Silas_Intro_Loca328",""
"M03S01_INT_Silas_Intro_Loca333","What do you think you're doing?","На твою думку, що ти робиш?"
"M03S01_INT_Silas_Intro_Loca370","M03S01_INT_Silas_Intro_Loca370",""
"M03S01_INT_Silas_Intro_Loca180","I work for Stephen Webster.","Я працюю на Стівена Вебстера."
"M03S01_INT_Silas_Intro_Loca270","Sarah Hawkins's father sent me here to investigate the death of his daughter.","Сара Гокінс послала мене сюди, щоб розслідувати смерть її дочки."
"M03S01_INT_Silas_Intro_Loca215","Webster? I understand how he feels.","Вебстер? Я розумію, як він почувається."
"M03S01_INT_Silas_Intro_Loca216","But me, I want the dead to rest in peace. And that means kicking the ass of gumshoes like you.","Проте я хочу вмерти спокійною смертю. А це означає вибивати лайно з таких цинічних гандонів, як ти."
"M03S01_INT_Silas_Intro_Loca271","Why would you not want me to help understand what happened here?","Чому ти не хочеш мені допомогти зрозуміти, що трапилось тут?"
"M03S01_INT_Silas_Intro_Loca291","I've got nothing to hide! Tell me what you're doing here.","Я не маю, що приховувати! Скажи мені що ти робиш тут."
"M03S01_INT_Silas_Intro_Loca218","M03S01_INT_Silas_Intro_Loca218",""
"M03S01_INT_Silas_Intro_Loca181","You are hindering the work of the police.","Ти перешкоджаєш роботі поліції."
"M03S01_INT_Silas_Intro_Loca221","M03S01_INT_Silas_Intro_Loca221",""
"M03S01_INT_Silas_Intro_Loca219","Put down the axe and I'll forget that you threatened a cop.","Опусти сокиру, і я забуду, що ти погрожував поліцейському."
"M03S01_INT_Silas_Intro_Loca220","Show your badge, cop, and then we can talk.","Покажи свій значок, полісмен, і тоді поговоримо."
"M03S01_INT_Silas_Intro_Loca280","You don’t need to see my badge.","Тобі не потрібно бачити мій значок."
"M03S01_INT_Silas_Intro_Loca281","You're a bad liar, city boy. For the last time, tell me why you're here.","Ти погане брехло, городський. В останнє, скажи мені чому ти тут."
"M03S01_INT_Silas_Intro_Loca223","M03S01_INT_Silas_Intro_Loca223",""
"M03S01_INT_Silas_Intro_Loca274","M03S01_INT_Silas_Intro_Loca274",""
"M03S01_INT_Silas_Intro_Loca275","You can ask Officer Bradley if it's true. He’s right behind me.","Ти можеш запитати офіцера Бредлі, чи це правда. Він прямо за мною."
"M03S01_INT_Silas_Intro_Loca348","Paying his respects at the Hawkins family graves.","Віддає шану могилам родини Гокінсів."
"M03S01_INT_Silas_Intro_Loca276","Bradley? A good guy. Not as dumb as you think.","Бредлі? Хороший хлопець. Не такий придурок, як ти думаєш."
"M03S01_INT_Silas_Intro_Loca277","That's right. He'll tell you that we're working together.","Саме так. Він скаже тобі, що ми працюємо разом."
"M03S01_INT_Silas_Intro_Loca278","M03S01_INT_Silas_Intro_Loca278",""
"M03S01_INT_Silas_Intro_Loca325","Do not defile this place.","Не оскверняй це місце."
"M03S01_INT_Silas_Intro_Loca340","You haven't forgiven yourself. You stay here to honor the memory of the deceased.","Ти не пробачив собі. Ти залишаєшся тут, щоб вшанувати пам'ять померлих."
"M03S01_INT_Silas_Intro_Loca341","That's true. I want no more violence, no more tragedy.","Це правда. Я не хочу більше насильства, ніяких більше трагедій."
"M03S01_INT_Silas_Intro_Loca342","It's painful to be the last one left.","Це боляче бути останнім, хто залишився."
"M03S01_INT_Silas_Intro_Loca343","You don't know how right you are.","Ти не знаєш, наскільки ти правий."
"M03S01_INT_Silas_Intro_Loca344","M03S01_INT_Silas_Intro_Loca344",""
"M03S01_INT_Silas_Intro_Loca295","...","..."
"M03S01_INT_Silas_Intro_Loca299","So, little fish, swallowed that tongue, have we?","Отже, маленька рибко, проковтнула язик, чи не так?"
"M03S01_INT_Silas_Intro_Loca297","You won't kill me.","Ти мене не вб'єш."
"M03S01_INT_Silas_Intro_Loca345","Maybe not, but I'll redo your face before I throw you out.","Може й ні, зате обличчя тобі підправлю, перед тим як викину тебе."
"M03S01_INT_Silas_Intro_Loca349","So talk!","Тож говори!"
"M03S01_INT_Silas_Intro_Loca300","M03S01_INT_Silas_Intro_Loca300",""
"M03S01_INT_Silas_Intro_Loca255","M03S01_INT_Silas_Intro_Loca255",""
"M03S01_INT_Silas_Intro_Loca260","And no baloney!","І без дурниць!"
"M03S01_INT_Silas_Intro_Loca263","M03S01_INT_Silas_Intro_Loca263",""
"M03S01_INT_Silas_Intro_Loca256","M03S01_INT_Silas_Intro_Loca256",""
"M03S01_INT_Silas_Intro_Loca204","Understood. I'm listening...","Зрозумів. Я слухаю..."
"M03S01_INT_Silas_Intro_Loca262","M03S01_INT_Silas_Intro_Loca262",""
"M03S01_INT_Silas_Intro_Loca213","The police report describes a domestic accident. But Stephen Webster has several reasons to believe that this may not be the case.","Поліцейський звіт описує побутову аварію. Але Стівен Вебстер має кілька причин вважати, що це може бути не так."
"M03S01_INT_Silas_Intro_Loca206","Webster is as stubborn as an old mule. And I did tell him that we should let the dead rest in peace.","Вебстер впертий як старий віслюк. І я ж казав йому, що ми повинні залишити загиблих у спокої."
"M03S01_INT_Silas_Intro_Loca350","He wants to restore the reputation of his daughter. I just need to see where the fire started.","Він хоче відновити репутацію своєї дочки. Мені просто потрібно побачити де розпочалася пожежа."
"M03S01_INT_Silas_Intro_Loca233","No. I can't let you in. The mansion isn't safe.","Ні. Я не можу тебе впустити. У маєтку небезпечно."
"M03S01_INT_Silas_Intro_Loca286","The mansion isn't safe. You would break your neck as sure as you're trying my patience, right now!","У маєтку небезпечно. Шию там скрутиш так само гарантовано, як зараз дістаєш мене!"
"M03S01_INT_Silas_Intro_Loca235","That's why you barricaded the entrance?","Ось чому ти забарикадував вхід?"
"M03S01_INT_Silas_Intro_Loca236","That’s right!","Саме так!"
"M03S01_INT_Silas_Intro_Loca234","And this door?","А ці двері?"
"M03S01_INT_Silas_Intro_Loca237","It's locked and I make sure it stays that way!","Вони замкнені, і я стежу, щоб так було й надалі!"
"M03S01_INT_Silas_Intro_Loca33","M03S01_INT_Silas_Intro_Loca33",""
"M03S01_INT_Silas_Intro_Loca34","You still want to fight?","Ти все ще хочеш побитися?"
"M03S01_INT_Silas_Intro_Loca369","You are no match for me, Winchester. Stop!","Ти мені не рівня, Вінчестере. Стій!"
"M03S01_INT_Silas_Intro_Loca41","You win, you crook. Take this damn key before I change my mind.","Ти виграв, шахрай. Бери цей блядський ключ, перш ніж я передумаю."
"M03S01_INT_Silas_Intro_Loca91","M03S01_INT_Silas_Intro_Loca91",""
"M03S01_INT_Silas_Intro_Loca35","Sarah Hawkins was important to you.","Сара Гокінс була важливою для тебе."
"M03S01_INT_Silas_Intro_Loca238","You still put flowers on her grave. You cherish her memory.","Ти досі кладеш квіти на її могилу. Ти цінуєш її пам'ять."
"M03S01_INT_Silas_Intro_Loca368","Mrs Hawkins was an exceptional person. She cared for everyone around her.","Місіс Гокінс була винятковою людиною. Вона піклувалася про всіх навколо себе."
"M03S01_INT_Silas_Intro_Loca126","Let me shed a light on what happened to her. Give me that key.","Дай мені пролити світло на те, що з нею трапилось. Дай мені цей ключ."
"M03S01_INT_Silas_Intro_Loca44","I'm probably making a big mistake, but it won't be the first.","Я, мабуть, роблю велику помилку, але це не буде вперше."
"M03S01_INT_Silas_Intro_Loca46","Here. Take the key and do what you have to do.","Ось. Візьми ключ і роби, що маєш зробити."
"M03S01_INT_Silas_Intro_Loca92","M03S01_INT_Silas_Intro_Loca92",""
"M03S01_INT_Silas_Intro_Loca36","You want to get rid of me?","Ти хочеш позбутися мене?"
"M03S01_INT_Silas_Intro_Loca127","The sooner I carry out my investigation, the sooner I wrap up the case and return to Boston.","Чим швидше я проведу своє розслідування, тим швидше я закінчу справу і повернуся до Бостона."
"M03S01_INT_Silas_Intro_Loca317","After which you'll never hear of me again.","Після чого ти більше ніколи не почуєш про мене."
"M03S01_INT_Silas_Intro_Loca364","I like the sound of that.","Мені подобається цей звук."
"M03S01_INT_Silas_Intro_Loca366","But I have a better idea. You leave right now. And you never come back.","Але в мене є краща ідея. Ти йдеш прямо зараз. І більше ніколи не повертаєшся."
"M03S01_INT_Silas_Intro_Loca352","You shouldn't really need this key.","Тобі, насправді, не потрібен цей ключ."
"M03S01_INT_Silas_Intro_Loca353","No one lives in the mansion, and you don't take care of it any more.","Ніхто не живе в маєтку, і ти більше не доглядаєш за ним."
"M03S01_INT_Silas_Intro_Loca354","If you have a good reason to be here, I'm listening.","Якщо у тебе є вагома причина бути тут, я слухаю."
"M03S01_INT_Silas_Intro_Loca355","There's vermin. I keep an eye out.","Тут є гризуни. Я стежу за ними."
"M03S01_INT_Silas_Intro_Loca356","Vermin.","Гризуни."
"M03S01_INT_Silas_Intro_Loca358","Yeah, that's it, vermin.","Так, саме так, гризуни."
"M03S01_INT_Silas_Intro_Loca359","Right. This is what we're going to do. I go inside, and I promise that I'll hunt vermin. OK with you?","Добре. Ось що ми зробимо. Я йду всередину, і обіцяю, що буду полювати на гризунів. Тобі підходить?"
"M03S01_INT_Silas_Intro_Loca360","I'm not sure.","Не впевнений."
"M03S01_INT_Silas_Intro_Loca361","If there's nothing else to fear, you can give me that key.","Якщо більше нічого боятися, ти можеш дати мені цей ключ."
"M03S01_INT_Silas_Intro_Loca362","Right. Take the key and do what you have to do.","Добре. Бери ключ і роби, що тобі повинен."
"M03S01_INT_Silas_Intro_Loca363","M03S01_INT_Silas_Intro_Loca363",""
"M03S01_INT_Silas_Intro_Loca50","Go on then. Just to get rid of you!","Ну, йди вже. Лиш би ти забрався звідси!"
"M03S01_INT_Silas_Questions_Loca1","M03S01_INT_Silas_Questions_Loca1",""
"M03S01_INT_Silas_Questions_Loca14","M03S01_INT_Silas_Questions_Loca14",""
"M03S01_INT_Silas_Questions_Loca16","Stop bothering me. If I never see you again it'll be too soon.","Облиш мене. Якщо я більше тебе не побачу — це буде тільки краще."
"M03S01_INT_Silas_Questions_Loca2","Do you have a moment?","Можна тебе на хвилину?"
"M03S01_INT_Silas_Questions_Loca3","What now?","Що цього разу?"
"M03S01_INT_Silas_Questions_Loca5","M03S01_INT_Silas_Questions_Loca5",""
"M03S01_INT_Silas_Questions_Loca8","I found this. Do you know where it came from?","Ось що я знайшов. Не знаєш звідки це взялося?"
"M03S01_INT_Silas_Questions_Loca9","It's a toy I had carved for Charles when he was still a child.","Це іграшка, яку я вирізьбив для Чарльза, коли він ще був дитиною."
"M03S01_INT_Silas_Questions_Loca13","He's grown a lot since then. Thank you for bringing it to me. I didn't think I'd see it again.","Він з того часу дуже виріс. Дякую, що приніс мені це. Я не думав, що побачу її знову."
"M03S01_INT_Silas_Questions_Loca10","M03S01_INT_Silas_Questions_Loca10",""
"M03S01_INT_Silas_Questions_Loca11","Nothing, sorry.","Нічого, вибач."
"M03S01_INT_Silas_Questions_Loca12","Stop wasting my time.","Не марнуй мій час."
"M03S01_MON_AboutBottles_Loca1","M03S01_MON_AboutBottles_Loca1",""
"M03S01_MON_AboutBottles_Loca2","I know a thing or two about solitude myself.","Я й сам знаю дещо, що таке самостійність."
"M03S01_MON_AboutBottles2_Loca1","M03S01_MON_AboutBottles2_Loca1",""
"M03S01_MON_AboutBottles2_Loca2","I know a thing or two about solitude myself.","Я теж знаю, що таке самостійність."
"M03S01_MON_AboutLamp_Loca1","M03S01_MON_AboutLamp_Loca1",""
"M03S01_MON_AboutLamp_Loca2","The old caretaker has been here.","Старий доглядач був тут."
"M03S01_MON_AboutLastBottle_Loca1","M03S01_MON_AboutLastBottle_Loca1",""
"M03S01_MON_AboutLastBottle_Loca2","Bourbon. Empty, of course.","Бурбон. Порожньо, авжеж."
"M03S01_MON_ApproachSilasHut_Loca1","M03S01_MON_ApproachSilasHut_Loca1",""
"M03S01_MON_ApproachSilasHut_Loca2","Silas's hut. It might be worth taking a look.","Хатина Сайласа. Може варто заглянути всередину."
"M03S01_MON_CharlesTomb_Loca1","M03S01_MON_CharlesTomb_Loca1",""
"M03S01_MON_CharlesTomb_Loca8","M03S01_MON_CharlesTomb_Loca8",""
"M03S01_MON_CharlesTomb_Loca7","Someone must really hate Charles Hawkins.","Хтось справді ненавидить Чарльза Гокінса."
"M03S01_MON_CharlesTomb_Loca9","M03S01_MON_CharlesTomb_Loca9",""
"M03S01_MON_CharlesTomb_Loca4","Charles Hawkins' grave. Who could have done this?","Могила Чарльза Гокінса. Хто міг це зробити?"
"M03S01_MON_FindAllSilasClues_Loca1","M03S01_MON_FindAllSilasClues_Loca1",""
"M03S01_MON_FindAllSilasClues_Loca2","What a dump... Silas has decided to drink away his memories!","Ну й жесть... Сайлас вирішив запити свої спогади!"
"M03S01_MON_FindAWay_Loca1","M03S01_MON_FindAWay_Loca1",""
"M03S01_MON_FindAWay_Loca3","I've got to find a way in whether he likes it or not.","Мені потрібно знайти спосіб потрапити всередину, не зважаючи на те, чи йому сподобається чи ні."
"M03S01_MON_FoundKey_Loca1","M03S01_MON_FoundKey_Loca1",""
"M03S01_MON_FoundKey_Loca2","I hope it's the key to the tradesman's entrance.","Сподіваюся цей ключ від дверей для персоналу."
"M03S01_MON_GateCave_Loca1","M03S01_MON_GateCave_Loca1",""
"M03S01_MON_GateCave_Loca2","This gate is locked.","Ці ворота замкнені."
"M03S01_MON_Graveyard_Loca1","M03S01_MON_Graveyard_Loca1",""
"M03S01_MON_Graveyard_Loca2","Now I understand what Bradley meant. The Hawkins family never left this place.","Тепер я розумію, що мав на увазі Бредлі. Родина Гокінсів ніколи не покидала це місце."
"M03S01_MON_InsideSilasCabin_Loca1","M03S01_MON_InsideSilasCabin_Loca1",""
"M03S01_MON_InsideSilasCabin_Loca2","Rather Spartan. The caretaker has simple tastes.","Досить по-спартанськи. Догладач має прості смаки."
"M03S01_MON_PincipalDoor_Loca1","M03S01_MON_PincipalDoor_Loca1",""
"M03S01_MON_PincipalDoor_Loca3","I'll have to find another entrance.","Доведеться шукати інший вхід."
"M03S01_MON_PlantedAxe_A_Loca1","M03S01_MON_PlantedAxe_A_Loca1",""
"M03S01_MON_PlantedAxe_A_Loca2","Sturdy… and well sharpened.","Міцна… й добре заточена."
"M03S01_MON_PlantedAxe_B_Loca1","M03S01_MON_PlantedAxe_B_Loca1",""
"M03S01_MON_PlantedAxe_B_Loca2","The axe is gone. I'd better be on my guard.","Сокира зникла. Краще бути на поготові."
"M03S01_MON_Raven_Loca1","M03S01_MON_Raven_Loca1",""
"M03S01_MON_Raven_Loca2","Jeepers! Poe's prophetic raven?","Лишенько! Це що, пророчий ворон По?"
"M03S01_MON_SarahsTomb_Loca1","M03S01_MON_SarahsTomb_Loca1",""
"M03S01_MON_SarahsTomb_Loca4","M03S01_MON_SarahsTomb_Loca4",""
"M03S01_MON_SarahsTomb_Loca5","The caretaker takes great care of these graves.","Доглядач добре дбає про ці могили."
"M03S01_MON_SarahsTomb_Loca2","The flowers on Sarah Hawkins's grave are fresh.","Квіти на могилі Сари Гокінс — свіжі."
"M03S01_MON_SarahsTomb_Loca3","The old caretaker must be very attached to her.","Схоже, старий доглядач був до неї дуже прив’язаний."
"M03S01_MON_Show_Mansion_Loca1","M03S01_MON_Show_Mansion_Loca1",""
"M03S01_MON_Show_Mansion_Loca2","So this is where Sarah Hawkins lived. Not very welcoming.","Отже, тут жила Сара Гокінс. Не надто привітне місце."
"M03S01_MON_SilasChair_Loca1","M03S01_MON_SilasChair_Loca1",""
"M03S01_MON_SilasChair_Loca2","The poor wretch seems to spend the best part of his time isolated from the world.","Бідолаха, схоже, проводить більшу частину свого життя в ізоляції від усього світу."
"M03S01_MON_SilasGaveKey_Loca1","M03S01_MON_SilasGaveKey_Loca1",""
"M03S01_MON_SilasGaveKey_Loca3","Let's see what more I can learn from this mansion.","Погляньмо, що ще я зможу цікавого дізнатися з цього маєтку."
"M03S01_MON_SilasHouse_Loca1","M03S01_MON_SilasHouse_Loca1",""
"M03S01_MON_SilasHouse_Loca2","Someone is using the fireplace. I suppose that this is where old Winchester lives.","Хтось користується каміном. Гадаю, це місце, де живе старий Вінчестер."
"M03S01_MON_SilasScraps_Loca1","M03S01_MON_SilasScraps_Loca1",""
"M03S01_MON_SilasScraps_Loca2","The window is broken. I should be able to slip my hand in without being noticed.","Вікно розбите. Спробую просунути руку, аби ніхто не помітив."
"M03S01_MON_SimonsTomb_Loca1","M03S01_MON_SimonsTomb_Loca1",""
"M03S01_MON_SimonsTomb_Loca2","Poor kid...","Бідна дитина..."
"M03S01_MON_Toy_Loca1","M03S01_MON_Toy_Loca1",""
"M03S01_MON_Toy_Loca3","An old wooden whale. The sort of toy that fishermen carved for their toddlers.","Старий дерев'яний кит. Таку іграшку рибалки вирізали для своїх малюків."
"M03S01_MON_Toy_Loca4","It, no doubt, belonged to Sarah's son.","Це, без сумніву, належало сину Сари."
"M03S01_MON_Tree_A_Loca1","M03S01_MON_Tree_A_Loca1",""
"M03S01_MON_Tree_A_Loca2","Recently fallen. It's as if all life has abandoned the place.","Впало нещодавно. Наче саме життя покинуло це місце."
"M03S01_MON_TryLockedDoor_Loca1","M03S01_MON_TryLockedDoor_Loca1",""
"M03S01_MON_TryLockedDoor_Loca2","Closed. The caretaker must have the key.","Зачинено. У доглядача мав бути ключ."
"M03S01_MON_TryToLeave_Loca1","M03S01_MON_TryToLeave_Loca1",""
"M03S01_MON_TryToLeave_Loca2","No question of leaving now, I must examine the scene of the fire.","Зараз про втечу жодної мови, я мушу оглянути місце пожежі."
"M03S01_MON_UseBackDoor_Loca1","M03S01_MON_UseBackDoor_Loca1",""
"M03S01_MON_UseBackDoor_Loca2","This entrance is still in use.","Цим входом ще користуються."
"M03S02_AMB_Bradley_CharlesOffice_Loca1","M03S02_AMB_Bradley_CharlesOffice_Loca1",""
"M03S02_AMB_Bradley_CharlesOffice_Loca2","Do you really think that your fugitive came in here? I don't see any way out.","Ти справді думаєш, що твій утікач був тут? Я не бачу жодного виходу."
"M03S02_AMB_Bradley_CharlesOffice_Loop01_Loca1","M03S02_AMB_Bradley_CharlesOffice_Loop01_Loca1",""
"M03S02_AMB_Bradley_CharlesOffice_Loop01_Loca2","Have you seen the old maritime maps on Charles Hawkins’ desk?","Ти бачив старі морські мапи на столі Чарльза Гокінса?"
"M03S02_AMB_Bradley_CharlesOffice_Loop01_Loca3","Strange. No ship has left Darkwater's shore for years.","Дивно. Жоден корабель не залишав берегів Дарквотера вже багато років."
"M03S02_AMB_Bradley_CharlesOffice_Loop01_Loca4","Maybe he kept them for sentimental reasons.","Можливо, він зберіг їх із сентиментальних міркувань."
"M03S02_AMB_Bradley_CharlesOffice_Loop02_Loca1","M03S02_AMB_Bradley_CharlesOffice_Loop02_Loca1",""
"M03S02_AMB_Bradley_CharlesOffice_Loop02_Loca2","What do you know about Charles Hawkins' activities?","Що тобі відомо про заняття Чарльза Гокінса?"
"M03S02_AMB_Bradley_CharlesOffice_Loop02_Loca3","Well, not much to be honest.","Що ж, не так уже й багато."
"M03S02_AMB_Bradley_CharlesOffice_Loop02_Loca4","We all assumed the Hawkins lived on Charles' inheritance.","Усі ми вважали, що родина Гокінсів жила з Чарльзової спадщини."
"M03S02_AMB_Bradley_CharlesOffice_Loop03_Loca1","M03S02_AMB_Bradley_CharlesOffice_Loop03_Loca1",""
"M03S02_AMB_Bradley_CharlesOffice_Loop03_Loca2","Charles Hawkins was a sort of traveler, right?","Чарльз Гокінс був таким собі мандрівником, чи не так?"
"M03S02_AMB_Bradley_CharlesOffice_Loop03_Loca3","More like an adventurer, I guess.","Швидше, авантюристом, як на мене."
"M03S02_AMB_Bradley_CharlesOffice_Loop03_Loca4","He left for months, exploring remote places and abandoned temples.","Він зникав на місяці, досліджуючи віддалені місцини та покинуті храми."
"M03S02_AMB_Bradley_FireRoomRoaming01_Loca1","M03S02_AMB_Bradley_FireRoomRoaming01_Loca1",""
"M03S02_AMB_Bradley_FireRoomRoaming01_Loca2","What a tragedy....","Яка трагедія...."
"M03S02_AMB_Bradley_FireRoomRoaming02_Loca1","M03S02_AMB_Bradley_FireRoomRoaming02_Loca1",""
"M03S02_AMB_Bradley_FireRoomRoaming02_Loca2","I don't know what you think you will find here, Pierce.","Не знаю, що ти тут сподіваєшся знайти, Пірсе."
"M03S02_AMB_Bradley_FireRoomRoaming03_Loca1","M03S02_AMB_Bradley_FireRoomRoaming03_Loca1",""
"M03S02_AMB_Bradley_FireRoomRoaming03_Loca2","Let's see... No, it's nothing.","Погляньмо...Ні, тут пусто."
"M03S02_AMB_Bradley_FireSceneInspection_Loca1","M03S02_AMB_Bradley_FireSceneInspection_Loca1",""
"M03S02_AMB_Bradley_FireSceneInspection_Loca3","Silas managed to bring the fire under control, but it was already too late for the Hawkins.","Сайласу вдалося загасити пожежу, однак це вже було запізно для Гокінсів."
"M03S02_AMB_Bradley_Hallway_Loca1","M03S02_AMB_Bradley_Hallway_Loca1",""
"M03S02_AMB_Bradley_Hallway_Loca3","I'd just ask that you don't disturb anything. If Chief West found out about what we're doing, I'd be in serious trouble.","Я просто прошу тебе нічого не порушувати. Якщо шеф Вест дізнається про те, що ми тут робимо, я матиму великі неприємності."
"M03S02_AMB_Bradley_Library_Loca1","M03S02_AMB_Bradley_Library_Loca1",""
"M03S02_AMB_Bradley_Library_Loca2","It's quite a building, don't you think! Do you know that the Hawkins were among the wealthiest families on the island?","Це справді вражаюча будівля, чи не так? Чи ти знаєш, що родина Гокінсів була однією з найбагатших на острові?"
"M03S02_AMB_Bradley_Library_Loop01_Loca1","M03S02_AMB_Bradley_Library_Loop01_Loca1",""
"M03S02_AMB_Bradley_Library_Loop01_Loca2","What do you know about Charles Hawkins' activities?","Що тобі відомо про заняття Чарльза Гокінса?"
"M03S02_AMB_Bradley_Library_Loop01_Loca3","Well, not much to be honest.","Чесно кажучи, не так уже й багато."
"M03S02_AMB_Bradley_Library_Loop01_Loca4","We all assumed the Hawkins lived on Charles' inheritance.","Усі ми вважали, що родина Гокінсів жила з Чарльзової спадщини."
"M03S02_AMB_Bradley_Library_Loop02_Loca1","M03S02_AMB_Bradley_Library_Loop02_Loca1",""
"M03S02_AMB_Bradley_Library_Loop02_Loca2","If you’re right, we should be able to find clues among the Hawkins’ personal effects.","Якщо ти правий, ми повинні знайти зачіпки серед особистих речей Гокінсів."
"M03S02_AMB_Bradley_Library_Loop03_Loca1","M03S02_AMB_Bradley_Library_Loop03_Loca1",""
"M03S02_AMB_Bradley_Library_Loop03_Loca2","Did you hear that?","Ти чув це?"
"M03S02_AMB_Bradley_PassageOpened_Loca1","M03S02_AMB_Bradley_PassageOpened_Loca1",""
"M03S02_AMB_Bradley_PassageOpened_Loca2","Well done, Pierce.","Молодець, Пірсе."
"M03S02_AMB_BradleyHeardNoise_Loca1","M03S02_AMB_BradleyHeardNoise_Loca1",""
"M03S02_AMB_BradleyHeardNoise_Loca2","It's you. I heard running in this corridor.","Це ти. Я чув як ти бігав цим коридором."
"M03S02_AMB_BradleyHeardNoise_Loca3","There's an intruder in the house! It was him!","У будинку зловмисник. Це був він!"
"M03S02_AMB_Candle_Loca1","M03S02_AMB_Candle_Loca1",""
"M03S02_AMB_Candle_Loca2","Who left this light on?","Хто залишив її запаленою?"
"M03S02_AMB_EnterCharlesOffice_Loca1","M03S02_AMB_EnterCharlesOffice_Loca1",""
"M03S02_AMB_EnterCharlesOffice_Loca2","Where did he go?","Куди він пішов?"
"M03S02_AMB_EnterCharlesOffice_Loca3","Must've got out some way.","Мабуть, якось вибрався."
"M03S02_AMB_EnterCharlesOffice_Loca4","No, no, he was here, I'm sure. Let's search this room.","Ні-ні, він був тут, я впевнений. Обшукаймо цю кімнату."
"M03S02_AMB_EnterMansion_Loca1","M03S02_AMB_EnterMansion_Loca1",""
"M03S02_AMB_EnterMansion_Loca2","Follow me, I know the place.","За мною. Я знаю це місце."
"M03S02_AMB_OnCultistTrack_Loca1","M03S02_AMB_OnCultistTrack_Loca1",""
"M03S02_AMB_OnCultistTrack_Loca2","I'll cover you.","Я прикрию тебе."
"M03S02_CIN_AfterFireRoomCine_Loca1","M03S02_CIN_AfterFireRoomCine_Loca1",""
"M03S02_CIN_AfterFireRoomCine_Loca2","So, detective? What do you make of it?","То ж, детективе? Що ти про це думаєш?"
"M03S02_CIN_AfterFireRoomINT_Loca1","M03S02_CIN_AfterFireRoomINT_Loca1",""
"M03S02_CIN_AfterFireRoomINT_Loca2","There's only one way to be sure.","Є лише один спосіб переконатися."
"M03S02_CIN_Start_Loca1","M03S02_CIN_Start_Loca1",""
"M03S02_CIN_Start_Loca2","Here we are.","Ось ми й прибули."
"M03S02_CIN_SUB_ArtistPlace_Loca1","M03S02_CIN_SUB_ArtistPlace_Loca1",""
"M03S02_CIN_SUB_ArtistPlace_Loca2","Is anyone there?","Тут є хто-небудь?"
"M03S02_CIN_SUB_FireRoom_Loca1","M03S02_CIN_SUB_FireRoom_Loca1",""
"M03S02_CIN_SUB_FireRoom_Loca2","Blood... This lamp was thrown!","Кров... Цю лампу кинули!"
"M03S02_CIN_SUB_FireRoom_Loca3","This was no accident...","Це не було випадковістю..."
"M03S02_CIN_SUB_FireRoom_Loca4","This was a fight.","Це була боротьба."
"M03S02_CIN_SUB_FireRoom_Loca5","Someone fell here.","Хтось упав тут."
"M03S02_CIN_SUB_FireRoom_Loca6","A desperate attempt to flee…","Відчайдушна спроба втекти..."
"M03S02_CIN_SUB_FireRoom_Loca7","And the boy...","І хлопець..."
"M03S02_INT_Bradley_BackFromMemory_Loca1","M03S02_INT_Bradley_BackFromMemory_Loca1",""
"M03S02_INT_Bradley_BackFromMemory_Loca3","Pierce! Day-dreaming again?","Пірсе! Знову мріяш наяву?"
"M03S02_INT_Bradley_BackFromMemory_Loca7","Working, officer.","Працюю, офіцере."
"M03S02_INT_Bradley_BackFromMemory_Loca6","This dinner table tells us a lot about the Hawkins family life.","Цей обідній стіл багато розповідає про життя родини Гокінсів."
"M03S02_INT_Bradley_BackFromMemory_Loca8","Well, we don't have all day, the scene of the fire is next door.","Ну, часу в нас обмаль, місце пожежі за наступними дверима."
"M03S02_INT_Bradley_CultistEscape_Loca1","M03S02_INT_Bradley_CultistEscape_Loca1",""
"M03S02_INT_Bradley_CultistEscape_Loca2","Bradley!","Бредлі!"
"M03S02_INT_Bradley_CultistEscape_Loca3","Did you see which way he went?","Ти бачив, куди він пішов?"
"M03S02_INT_Bradley_CultistEscape_Loca4","Who? I didn't see anyone.","Хто? Я нікого не бачив."
"M03S02_INT_Bradley_CultistEscape_Loca6","I just heard some noise. Are you alright?","Я щойно почув якийсь шум. Ти в порядку?"
"M03S02_INT_Bradley_CultistEscape_Loca8","A man was hiding on the upper level. He ran when he saw me.","На верхньому поверсі ховався чоловік. Побачивши мене, він кинувся навтьоки."
"M03S02_INT_Bradley_CultistEscape_Loca9","He can't be far.","Він не міг втекти далеко."
"M03S02_INT_Bradley_FireRoom_Loca1","M03S02_INT_Bradley_FireRoom_Loca1",""
"M03S02_INT_Bradley_FireRoom_Loca7","M03S02_INT_Bradley_FireRoom_Loca7",""
"M03S02_INT_Bradley_FireRoom_Loca8","It's official: the police botched this investigation.","Це офіційно: поліція провалила це розслідування."
"M03S02_INT_Bradley_FireRoom_Loca13","I think is that some of your colleagues should turn in their badges.","Я думаю, що деякі з твоїх колег повинні здати свої значки."
"M03S02_INT_Bradley_FireRoom_Loca14","This room is bursting with evidence that seriously contradicts the official inquiry.","Ця кімната переповнена доказами, які серйозно суперечать офіційному розслідуванню."
"M03S02_INT_Bradley_FireRoom_Loca16","Well of course, Mr Holmes. Like what?","Звичайно, містере Голмс. Наприклад?"
"M03S02_INT_Bradley_FireRoom_Loca18","M03S02_INT_Bradley_FireRoom_Loca18",""
"M03S02_INT_Bradley_FireRoom_Loca9","The clues don't match.","Докази не збігаються"
"M03S02_INT_Bradley_FireRoom_Loca15","Most of this evidence simply contradicts the investigation's findings.","Більшість цих доказів просто суперечать висновкам розслідування."
"M03S02_INT_Bradley_FireRoom_Loca17","Really? Tell me about it.","Справді? Розкажи мені про це."
"M03S02_INT_Bradley_FireRoom_Loca19","M03S02_INT_Bradley_FireRoom_Loca19",""
"M03S02_INT_Bradley_FireRoom_Loca10","The fire wasn't just an accident.","Пожежа не була випадковістю."
"M03S02_INT_Bradley_FireRoom_Loca79","I firmly believe this fire was more than just an accident.","Я твердо впевнений, що ця пожежа не просто випадковість."
"M03S02_INT_Bradley_FireRoom_Loca81","What's your theory?","Яка твоя теорія?"
"M03S02_INT_Bradley_FireRoom_Loca83","M03S02_INT_Bradley_FireRoom_Loca83",""
"M03S02_INT_Bradley_FireRoom_Loca84","The couple had a fight.","Подружжя посварилося."
"M03S02_INT_Bradley_FireRoom_Loca87","I think the Hawkins couple got into a fight.","Гадаю, подружжя Гокінсів посварилося."
"M03S02_INT_Bradley_FireRoom_Loca90","M03S02_INT_Bradley_FireRoom_Loca90",""
"M03S02_INT_Bradley_FireRoom_Loca85","This is arson.","Це підпал."
"M03S02_INT_Bradley_FireRoom_Loca88","Someone deliberately set fire to this mansion.","Хтось навмисно підпалив цей маєток."
"M03S02_INT_Bradley_FireRoom_Loca91","M03S02_INT_Bradley_FireRoom_Loca91",""
"M03S02_INT_Bradley_FireRoom_Loca86","This is a crime of passion.","Це злочин, скоєний у пориві пристрасті."
"M03S02_INT_Bradley_FireRoom_Loca89","I suspect a crime of passion.","Підозрюю, що це злочин на ґрунті пристрасті."
"M03S02_INT_Bradley_FireRoom_Loca92","M03S02_INT_Bradley_FireRoom_Loca92",""
"M03S02_INT_Bradley_FireRoom_Loca82","You sure of that?","Ти певен у цьому?"
"M03S02_INT_Bradley_FireRoom_Loca20","M03S02_INT_Bradley_FireRoom_Loca20",""
"M03S02_INT_Bradley_FireRoom_Loca28","Someone had too much to drink.","Хтось перебрав із випивкою."
"M03S02_INT_Bradley_FireRoom_Loca32","I found a bottle of whiskey. Empty.","Знайшов пляшку віскі. Порожню."
"M03S02_INT_Bradley_FireRoom_Loca33","That must have been a loss for you.","Мабуть, це було для тебе втратою."
"M03S02_INT_Bradley_FireRoom_Loca34","Hawkins sure liked a drink.","Гокінс точно любив пригубити."
"M03S02_INT_Bradley_FireRoom_Loca36","No glass. I suspect one of them drank heavily to calm down. Charles, most probably.","Нема склянки. Підозрюю, хтось з них напився, щоб заспокоїтися. Скоріше за все Чарльз."
"M03S02_INT_Bradley_FireRoom_Loca35","That's pretty thin. Who says that bottle hadn't been there for a while?","Слабувато. Хто сказав, що пляшка не стояла тут уже давно?"
"M03S02_INT_Bradley_FireRoom_Loca37","M03S02_INT_Bradley_FireRoom_Loca37",""
"M03S02_INT_Bradley_FireRoom_Loca11","The bodies were displaced.","Тіла були переміщені."
"M03S02_INT_Bradley_FireRoom_Loca23","I can tell where young Simon was, but not his parents. Where were their bodies found?","Я знаю, де був малий Саймон, а от його батьків — ні. Де знайшли їхні тіла?"
"M03S02_INT_Bradley_FireRoom_Loca22","I can't help you on that one. Charles and Sarah’s bodies had already been carried away when I got here.","Не можу тобі допомогти з цим. Коли я приїхав, тіла Чарльза й Сари вже забрали."
"M03S02_INT_Bradley_FireRoom_Loca38","Without your authorization? By whom?","Без твого дозволу? Хто саме?"
"M03S02_INT_Bradley_FireRoom_Loca24","Marshall, Andrews, chief West...","Маршал, Ендрюс, шеф Вест..."
"M03S02_INT_Bradley_FireRoom_Loca25","We never deal with cases like that, you know.","Ми ніколи не займаємося такими справами, ти знаєш."
"M03S02_INT_Bradley_FireRoom_Loca39","I'm sorry, Bradley.","Вибач, Бредлі."
"M03S02_INT_Bradley_FireRoom_Loca40","M03S02_INT_Bradley_FireRoom_Loca40",""
"M03S02_INT_Bradley_FireRoom_Loca29","Someone escaped the fire.","Хтось урятувався з пожежі."
"M03S02_INT_Bradley_FireRoom_Loca42","It would seem at least one person fled the crime scene.","Схоже, щонайменше одна людина втекла з місця злочину."
"M03S02_INT_Bradley_FireRoom_Loca43","What did you say?","Що ти сказав?"
"M03S02_INT_Bradley_FireRoom_Loca44","That mark, on the door... Someone's hand slid down there.","Ота мітка на дверях... Хтось провів там рукою."
"M03S02_INT_Bradley_FireRoom_Loca48","The left side has no mark. The door was open and that someone left.","На лівому боці жодного сліду. Двері були відчинені, і хтось пішов геть."
"M03S02_INT_Bradley_FireRoom_Loca46","For God's sake!","Заради Бога!"
"M03S02_INT_Bradley_FireRoom_Loca47","I mean, if it's Charles or Sarah, they wouldn’t have left their son.","Маю на увазі, якщо це Чарльз чи Сара, то вони б не покинули свого сина."
"M03S02_INT_Bradley_FireRoom_Loca45","They would rather die in the flames as a family instead of calling for help? I don’t buy it.","Вони б краще згоріли разом, як родина, ніж кликали б на допомогу? Я в це не вірю."
"M03S02_INT_Bradley_FireRoom_Loca49","Oh yeah?","Та невже?"
"M03S02_INT_Bradley_FireRoom_Loca50","M03S02_INT_Bradley_FireRoom_Loca50",""
"M03S02_INT_Bradley_FireRoom_Loca30","The time of the fire doesn't match.","Час займання не збігається."
"M03S02_INT_Bradley_FireRoom_Loca51","I was under the impression the fire started around midnight.","Мені здавалося, що пожежа почалася близько опівночі."
"M03S02_INT_Bradley_FireRoom_Loca52","Yes, Silas banged on our door around 1am. Poor devil ran so hard he was almost belching his lungs out.","Так, Сайлас стукав у наші двері десь о 1-ій ночі. Бідолаха так біг, що ледве легені не виплюнув."
"M03S02_INT_Bradley_FireRoom_Loca54","This clock burned before 10pm.","Цей годинник згорів ще до 10-ї вечора."
"M03S02_INT_Bradley_FireRoom_Loca53","That's impossible. What you imply... Silas never would've hurt the Hawkins family.","Це неможливо. Ти ж натякаєш на... Сайлас ніколи б не нашкодив родині Гокінсів."
"M03S02_INT_Bradley_FireRoom_Loca67","Besides, Dr. Fuller confirmed the hour of death in his report.","До того ж, доктор Фуллер у своєму звіті підтвердив час смерті."
"M03S02_INT_Bradley_FireRoom_Loca55","Your clock must already have stopped.","Можливо, твій годинник просто зупинився раніше."
"M03S02_INT_Bradley_FireRoom_Loca56","M03S02_INT_Bradley_FireRoom_Loca56",""
"M03S02_INT_Bradley_FireRoom_Loca57","You don't find that suspicious?","Тобі це не здається підозрілим?"
"M03S02_INT_Bradley_FireRoom_Loca69","Honestly, you don't find that suspicious?","Серйозно, тобі це зовсім не здається підозрілим?"
"M03S02_INT_Bradley_FireRoom_Loca70","That’s troubling, I have to admit. But I trust Silas.","Це справді насторожує, мушу визнати. Але я довіряю Сайласу."
"M03S02_INT_Bradley_FireRoom_Loca71","And Dr. Fuller is an authoritative figure. The mainland folks are damned envious that he’s here with us.","А доктор Фуллер — авторитетна постать. Люди з материку до сказу заздрять, що він працює саме в нас."
"M03S02_INT_Bradley_FireRoom_Loca72","M03S02_INT_Bradley_FireRoom_Loca72",""
"M03S02_INT_Bradley_FireRoom_Loca58","Who's this doctor?","Хто цей доктор?"
"M03S02_INT_Bradley_FireRoom_Loca62","Doctor Fuller?","Доктор Фуллер?"
"M03S02_INT_Bradley_FireRoom_Loca63","A brilliant surgeon and a friend of the family. I'm sure he took the matter to heart.","Блискучий хірург і друг родини. Впевнений, він сприйняв це близько до серця."
"M03S02_INT_Bradley_FireRoom_Loca64","So excuse me if I value his opinion over yours.","Тож вибач, якщо я більше покладаюся на його думку, ніж на твою."
"M03S02_INT_Bradley_FireRoom_Loca65","I see no reason to doubt his word.","Я не бачу причин не вірити його словам."
"M03S02_INT_Bradley_FireRoom_Loca66","M03S02_INT_Bradley_FireRoom_Loca66",""
"M03S02_INT_Bradley_FireRoom_Loca59","If you say so...","Як скажеш..."
"M03S02_INT_Bradley_FireRoom_Loca60","So be it. Let's move on.","Хай буде так. Йдемо далі."
"M03S02_INT_Bradley_FireRoom_Loca61","M03S02_INT_Bradley_FireRoom_Loca61",""
"M03S02_INT_Bradley_FireRoom_Loca31","The fire was caused by the lamp.","Пожежу спричинила лампа."
"M03S02_INT_Bradley_FireRoom_Loca73","I suspect this lamp caused the fire.","Я підозрюю, що цю пожежу спричинила лампа."
"M03S02_INT_Bradley_FireRoom_Loca74","That's what the investigation suggested too.","Слідство дійшло такого ж висновку."
"M03S02_INT_Bradley_FireRoom_Loca75","But does your report mention the blood stains? The lamp didn't fall, it was thrown at someone.","Але у звіті згадано про сліди крові? Лампа не впала — її кинули в когось."
"M03S02_INT_Bradley_FireRoom_Loca76","For heaven’s sake, no. The report doesn’t mention that.","Заради Бога, ні. У звіті про це не йдеться."
"M03S02_INT_Bradley_FireRoom_Loca77","M03S02_INT_Bradley_FireRoom_Loca77",""
"M03S02_INT_Bradley_FireRoom_Loca78","The fire wasn't just an accident.","Пожежа не була випадковістю."
"M03S02_INT_Bradley_FireRoom_Loca80","M03S02_INT_Bradley_FireRoom_Loca80",""
"M03S02_INT_Bradley_Split_Loca1","M03S02_INT_Bradley_Split_Loca1",""
"M03S02_INT_Bradley_Split_Loca4","Did you hear that?","Ти чув це?"
"M03S02_INT_Bradley_Split_Loca8","We may not be alone.","Можливо, ми тут не самі."
"M03S02_INT_Bradley_Split_Loca9","I'll check upstairs. If someone tries to run, you intercept him.","Я перевірю другий поверх. Якщо хтось спробує втекти — перехопи його."
"M03S02_INT_Bradley_Split_Loca10","It’s a good idea. I'll go close the service door, just in case.","Гарна ідея. Я піду зачиню службові двері. Про всяк випадок."
"M03S02_INT_Gear_Interaction_Loca1","M03S02_INT_Gear_Interaction_Loca1",""
"M03S02_INT_Gear_Interaction_Loca2","M03S02_INT_Gear_Interaction_Loca2",""
"M03S02_INT_Gear_Interaction_Loca4","M03S02_INT_Gear_Interaction_Loca4",""
"M03S02_INT_Gear_Interaction_Loca5","[Force the gear train]","[Силою запустити зубчастий механізм]"
"M03S02_INT_Gear_Interaction_Loca11","M03S02_INT_Gear_Interaction_Loca11",""
"M03S02_INT_Gear_Interaction_Loca13","Great! I managed to force the gears. It looks like I've triggered something.","Чудово! Мені вдалося запустити зубчастий механізм. Схоже, я щось активував."
"M03S02_INT_Gear_Interaction_Loca15","M03S02_INT_Gear_Interaction_Loca15",""
"M03S02_INT_Gear_Interaction_Loca16","Damnation! I can't budge this gears. I need a tool.","Бляха! Я не можу зрушити ці шестерні. Мені потрібен інструмент."
"M03S02_INT_Gear_Interaction_Loca6","[Do nothing]","[Не робити нічого]"
"M03S02_INT_Gear_Interaction_Loca17","I'd be better off not touching them for the moment.","Мені краще поки що не чіпати їх."
"M03S02_INT_Gear_Interaction_Loca7","[Use the crowbar]","[Використати лом]"
"M03S02_INT_Gear_Interaction_Loca14","With this, I should be able to force the gears.","З цим я зможу запустити зубчастий механізм."
"M03S02_INT_Gear_Interaction_Loca8","Cogwheels. They must be linked to an opening mechanism, probably a secret passage.","Шестерні. Вони, напевно, пов'язані з механізмом відкривання, можливо, таємного проходу."
"M03S02_INT_Gear_Interaction_Loca18","I must find a way to activate the opening mechanism.","Мені потрібно знайти спосіб активувати механізм відкривання."
"M03S02_INT_Gear_Interaction_Loca9","M03S02_INT_Gear_Interaction_Loca9",""
"M03S02_MON_AfterDeduction_Loca1","M03S02_MON_AfterDeduction_Loca1",""
"M03S02_MON_AfterDeduction_Loca3","Gotta keep on looking.","Потрібно продовжувати шукати."
"M03S02_MON_Bandages_Loca1","M03S02_MON_Bandages_Loca1",""
"M03S02_MON_Bandages_Loca3","These bandages are covered in dried blood.","Ці бинти вкриті засохлою кров'ю."
"M03S02_MON_Bandages_Loca6","M03S02_MON_Bandages_Loca6",""
"M03S02_MON_Bandages_Loca2","The same bandages that I saw in the warehouse on the docks.","Ті самі бинти, які я бачив на складі біля доків."
"M03S02_MON_Bandages_Loca4","And, given the blood stains, I'd also say that it's the same person.","І, враховуючи плями крові, я б також сказав, що це та ж сама особа."
"M03S02_MON_Bandages_Loca8","M03S02_MON_Bandages_Loca8",""
"M03S02_MON_Bandages_Loca5","But whose?","Але чий?"
"M03S02_MON_Barbiturate_Loca1","M03S02_MON_Barbiturate_Loca1",""
"M03S02_MON_Barbiturate_Loca5","M03S02_MON_Barbiturate_Loca5",""
"M03S02_MON_Barbiturate_Loca3","These drugs are potent. That'll leave you with major psychic troubles.","Ці ліки дуже сильнодіючі. Вони можуть спричинити серйозні психічні розлади."
"M03S02_MON_Barbiturate_Loca4","M03S02_MON_Barbiturate_Loca4",""
"M03S02_MON_Barbiturate_Loca2","Barbiturates. Sarah Hawkins must've been extremely agitated to resort to such a treatment.","Барбітурати. Сарі Гокінс, мабуть, було дуже неспокійно, якщо вона вдалася до такого лікування."
"M03S02_MON_BarbituratePrescription_Loca1","M03S02_MON_BarbituratePrescription_Loca1",""
"M03S02_MON_BarbituratePrescription_Loca8","A barbiturate prescription from a certain Dr. Fuller.","Рецепт барбітуратів від деякого доктора Фуллера."
"M03S02_MON_BarbituratePrescription_Loca4","M03S02_MON_BarbituratePrescription_Loca4",""
"M03S02_MON_BarbituratePrescription_Loca3","Such an excessive dose.","Така надмірна доза."
"M03S02_MON_BarbituratePrescription_Loca15","Either this man is a charlatan, or Sarah's condition is unlike anything I've ever seen.","Або цей чоловік — шарлатан, або стан Сари не схожий ні на що з відомого мені."
"M03S02_MON_BarbituratePrescription_Loca5","M03S02_MON_BarbituratePrescription_Loca5",""
"M03S02_MON_BarbituratePrescription_Loca2","That's a massive dose. Was Sarah violent?","Це величезна доза. Сара була агресивною?"
"M03S02_MON_BlanketFort_Loca1","M03S02_MON_BlanketFort_Loca1",""
"M03S02_MON_BlanketFort_Loca2","What danger was Simon afraid of when he was building these fortresses?","Що за небезпека лякала Саймона, коли він будував ці фортеці?"
"M03S02_MON_Blown_Candle_Loca1","M03S02_MON_Blown_Candle_Loca1",""
"M03S02_MON_Blown_Candle_Loca9","The last supper of the Hawkins.","Остання вечеря Гокінсів."
"M03S02_MON_Blown_Candle_Loca10","What does this tell me?","Що це мені говорить?"
"M03S02_MON_Book_StoryMansion_Loca1","M03S02_MON_Book_StoryMansion_Loca1",""
"M03S02_MON_Book_StoryMansion_Loca2","The Hawkins couple were well-read, that's for sure.","Подружжя Гокінсів, безумовно, було освіченим."
"M03S02_MON_Book01_Loca1","M03S02_MON_Book01_Loca1",""
"M03S02_MON_Book01_Loca2","A book on hunting whales, the island's staple diet last century.","Книга про полювання на китів — основний раціон острова минулого століття."
"M03S02_MON_Book02_Loca1","M03S02_MON_Book02_Loca1",""
"M03S02_MON_Book02_Loca2","An original edition of Mary Shelley's ''Frankenstein'', dated 1818.","Оригінальне видання «Франкенштайн» Мері Шеллі, датоване 1818-м роком."
"M03S02_MON_Book03_Loca1","M03S02_MON_Book03_Loca1",""
"M03S02_MON_Book03_Loca2","Darkwater history. This place was settled back in 1692 by two families that seceded from the New England colonies...","Історія Дарквотера. Це місце було засноване ще в 1692-му році двома родинами, які відокремилися від колоній Нової Англії..."
"M03S02_MON_Book04_Loca1","M03S02_MON_Book04_Loca1",""
"M03S02_MON_Book04_Loca2","Greek mythology. Hecate, goddess of the dead, daughter of Tartarus, and mother of Scylla...","Грецька мітологія. Геката, богиня мертвих, дочка Тартаруса і мати Сцилли..."
"M03S02_MON_Book05_Loca1","M03S02_MON_Book05_Loca1",""
"M03S02_MON_Book05_Loca2","A book on the first inhabitants of the island. It seems they got here around the 14th century.","Книга про перших мешканців острова. Схоже, вони прибули сюди приблизно в 14-му столітті."
"M03S02_MON_BookCastle_Loca1","M03S02_MON_BookCastle_Loca1",""
"M03S02_MON_BookCastle_Loca2","A castle made of books, the boy had quite an imagination.","Замок з книг, у хлопчика була неабияка уява."
"M03S02_MON_BottleOfWhisky_Loca1","M03S02_MON_BottleOfWhisky_Loca1",""
"M03S02_MON_BottleOfWhisky_Loca2","Was Charles Hawkins a heavy drinker?","Чи був Чарльз Гокінс запеклим пиякою?"
"M03S02_MON_BrokenOilLamp_Loca1","M03S02_MON_BrokenOilLamp_Loca1",""
"M03S02_MON_BrokenOilLamp_Loca3","They had a fight. Why?","Вони посварилися. Чому?"
"M03S02_MON_BrokenTable_Loca1","M03S02_MON_BrokenTable_Loca1",""
"M03S02_MON_BrokenTable_Loca5","M03S02_MON_BrokenTable_Loca5",""
"M03S02_MON_BrokenTable_Loca3","Someone fell on this table. Pushed... or hurled.","Хтось упав на цей стіл. Штовхнув... або жбурнув."
"M03S02_MON_BrokenTable_Loca11","Just falling wouldn't be enough to cause this kind of damage.","Просто падіння не могло б спричинити такої шкоди."
"M03S02_MON_BrokenTable_Loca9","M03S02_MON_BrokenTable_Loca9",""
"M03S02_MON_BrokenTable_Loca2","One of the table's legs is broken. How did that happen?","Одна з ніжок столу зламана. Як це сталося?"
"M03S02_MON_BurnedShapeFloor_Loca1","M03S02_MON_BurnedShapeFloor_Loca1",""
"M03S02_MON_BurnedShapeFloor_Loca3","The child's corpse left a trace. Where are the others?","Тіло дитини лишило слід. Де інші?"
"M03S02_MON_BurntClock_Loca1","M03S02_MON_BurntClock_Loca1",""
"M03S02_MON_BurntClock_Loca2","Did it stop at the time of the fire?","Чи зупинилося це в момент пожежі?"
"M03S02_MON_BurntHand_Loca1","M03S02_MON_BurntHand_Loca1",""
"M03S02_MON_BurntHand_Loca10","Did someone escape the fire?","Чи встиг хтось втекти з пожежі?"
"M03S02_MON_BurntPainting_Loca1","M03S02_MON_BurntPainting_Loca1",""
"M03S02_MON_BurntPainting_Loca2","If the painting I found on the docks really came from here...","Якщо картина, яку я знайшов у доках, справді звідси..."
"M03S02_MON_BurntPainting_Loca3","How come it didn't burn?","Чому вона не згоріла?"
"M03S02_MON_BurntShoes_Loca1","M03S02_MON_BurntShoes_Loca1",""
"M03S02_MON_BurntShoes_Loca2","Did Sarah Hawkins lose one of her shoes?  How?","Чи Сара Гокінс загубила один із своїх черевиків? Як це сталося?"
"M03S02_MON_CharlesFriendsPicture_Loca1","M03S02_MON_CharlesFriendsPicture_Loca1",""
"M03S02_MON_CharlesFriendsPicture_Loca4","Clearly, Charles Hawkins knew Captain Fitzroy very well.","Очевидно, Чарльз Гокінс добре знав капітана Фіцроя."
"M03S02_MON_CharlesFriendsPicture_Loca5","I wonder who the man with the glasses is in the photograph. Probably another friend of Hawkins.","Цікаво, хто цей чоловік в окулярах на фотографії. Певно, ще один друг Гокінса."
"M03S02_MON_CharlesTravelPicture_Loca1","M03S02_MON_CharlesTravelPicture_Loca1",""
"M03S02_MON_CharlesTravelPicture_Loca2","Was Charles Hawkins some kind of an explorer?","Чи був Чарльз Гокінс запеклим мандрівником?"
"M03S02_MON_Chimney_Loca1","M03S02_MON_Chimney_Loca1",""
"M03S02_MON_Chimney_Loca2","This place was falling apart long before the fire.","Це місце почало руйнуватися задовго до пожежі."
"M03S02_MON_Crowbar_Loca1","M03S02_MON_Crowbar_Loca1",""
"M03S02_MON_Crowbar_Loca2","A crowbar. Could prove useful.","Лом. Може стати в нагоді."
"M03S02_MON_DiningRoom_BrokenPlate_Loca1","M03S02_MON_DiningRoom_BrokenPlate_Loca1",""
"M03S02_MON_DiningRoom_BrokenPlate_Loca2","The boy was probably here.","Хлопець, напевно, був тут."
"M03S02_MON_DiningRoom_BrokenPlate_Loca3","Smashed his plate on the floor.","Розбив свою тарілку об підлогу."
"M03S02_MON_DiningRoom_FallenChair_Loca1","M03S02_MON_DiningRoom_FallenChair_Loca1",""
"M03S02_MON_DiningRoom_FallenChair_Loca2","This place is for the head of the family.","Це місце для голови сім'ї."
"M03S02_MON_DiningRoom_FallenChair_Loca5","Charles Hawkins.","Чарльз Гокінс."
"M03S02_MON_DiningRoom_Final_Loca1","M03S02_MON_DiningRoom_Final_Loca1",""
"M03S02_MON_DiningRoom_Final_Loca2","Something happened at this table. An argument?","Щось сталося за цим столом. Сварка?"
"M03S02_MON_DiningRoom_FullPlate_Loca1","M03S02_MON_DiningRoom_FullPlate_Loca1",""
"M03S02_MON_DiningRoom_FullPlate_Loca9","M03S02_MON_DiningRoom_FullPlate_Loca9",""
"M03S02_MON_DiningRoom_FullPlate_Loca3","Sarah Hawkins didn’t eat. Was it because of the meat, or something else?","Сара Гокінс не їла. Чи це через м'ясо, чи щось інше?"
"M03S02_MON_DiningRoom_FullPlate_Loca8","M03S02_MON_DiningRoom_FullPlate_Loca8",""
"M03S02_MON_DiningRoom_FullPlate_Loca7","Sarah Hawkins' plate. Why did she leave it untouched?","Тарілка Сари Гокінс. Чому вона залишила її недоторканою?"
"M03S02_MON_DiningRoom_Meat_Loca1","M03S02_MON_DiningRoom_Meat_Loca1",""
"M03S02_MON_DiningRoom_Meat_Loca2","M03S02_MON_DiningRoom_Meat_Loca2",""
"M03S02_MON_DiningRoom_Meat_Loca3","This roast… What strange creature has flesh like this?","Ця печеня... Яка дивна істота має таку плоть?"
"M03S02_MON_DiningRoom_Meat_Loca4","M03S02_MON_DiningRoom_Meat_Loca4",""
"M03S02_MON_DiningRoom_Meat_Loca5","What kind of meat is this?","Що це за м'ясо?"
"M03S02_MON_Door_Painting_Studio_Loca1","M03S02_MON_Door_Painting_Studio_Loca1",""
"M03S02_MON_Door_Painting_Studio_Loca2","This door is locked.","Ці двері замкнені."
"M03S02_MON_DrawnMap_Loca1","M03S02_MON_DrawnMap_Loca1",""
"M03S02_MON_DrawnMap_Loca2","It looks like a freehand map of Darkwater. Certain areas on the map have been highlighted... I wonder why?","Схоже, це рукописна мапа Дарквотера. Деякі ділянки на мапі були виділені... Цікаво, чому?"
"M03S02_MON_Enter_parental_Room_Loca1","M03S02_MON_Enter_parental_Room_Loca1",""
"M03S02_MON_Enter_parental_Room_Loca2","What will her room reveal about her?","Що її кімната розкриє про неї?"
"M03S02_MON_EnterCharlesOffice_Loca1","M03S02_MON_EnterCharlesOffice_Loca1",""
"M03S02_MON_EnterCharlesOffice_Loca2","Where the hell is this guy? He can't just vanish.","Де в біса цей тип? Він не може просто зникнути."
"M03S02_MON_EnterLib_Loca1","M03S02_MON_EnterLib_Loca1",""
"M03S02_MON_EnterLib_Loca4","Miskatonic University would be jealous of this book collection.","Університет Міскатонік позаздрив би цій колекції книг."
"M03S02_MON_EnterSimonsRoom_Loca1","M03S02_MON_EnterSimonsRoom_Loca1",""
"M03S02_MON_EnterSimonsRoom_Loca2","The boy's room.","Кімната хлопчика."
"M03S02_MON_FailedRitual_Loca1","M03S02_MON_FailedRitual_Loca1",""
"M03S02_MON_FailedRitual_Loca3","Was Sarah Hawkins interested in the occult?","Сара Гокінс цікавилася окультизмом?"
"M03S02_MON_FailedRitual_Loca8","M03S02_MON_FailedRitual_Loca8",""
"M03S02_MON_FailedRitual_Loca2","Looks like a revocation ritual.","Схоже на ритуал відкликання."
"M03S02_MON_FailedRitual_Loca4","Was she trying to invoke something, or to banish it?","Вона намагалася щось викликати чи вигнати?"
"M03S02_MON_FailedRitual_Loca9","M03S02_MON_FailedRitual_Loca9",""
"M03S02_MON_FailedRitual_Loca7","What was she trying to achieve?","Чого вона прагнула досягти?"
"M03S02_MON_FireScene_Loca1","M03S02_MON_FireScene_Loca1",""
"M03S02_MON_FireScene_Loca3","Let's see if I can find something the cops missed.","Подивимось, чи зможу я знайти щось, що пропустили копи."
"M03S02_MON_Fuking_Guy_Loca1","M03S02_MON_Fuking_Guy_Loca1",""
"M03S02_MON_Fuking_Guy_Loca2","You! Stop!","Ти! Стій!"
"M03S02_MON_GlassShards_Loca1","M03S02_MON_GlassShards_Loca1",""
"M03S02_MON_GlassShards_Loca3","Blood. Was there a fight?","Кров. Була бійка?"
"M03S02_MON_Graph_Loca1","M03S02_MON_Graph_Loca1",""
"M03S02_MON_Graph_Loca7","M03S02_MON_Graph_Loca7",""
"M03S02_MON_Graph_Loca5","Looks like Sarah was venting her rage.","Схоже, Сара виплескувала свій гнів."
"M03S02_MON_Graph_Loca6","M03S02_MON_Graph_Loca6",""
"M03S02_MON_Graph_Loca2","Why did she destroyed her own work?","Чому вона знищила власну роботу?"
"M03S02_MON_LetterAddressedFuller_Loca1","M03S02_MON_LetterAddressedFuller_Loca1",""
"M03S02_MON_LetterAddressedFuller_Loca2","This doctor Fuller, was he Sarah Hawkins' therapist?","Цей доктор Фуллер, чи був він терапевтом Сари Гокінс?"
"M03S02_MON_LettersSarah_Father_Loca1","M03S02_MON_LettersSarah_Father_Loca1",""
"M03S02_MON_LettersSarah_Father_Loca4","M03S02_MON_LettersSarah_Father_Loca4",""
"M03S02_MON_LettersSarah_Father_Loca3","Charles Hawkins was keeping her father's letters from her.","Чарльз Гокінс приховував листи її батька від неї."
"M03S02_MON_LettersSarah_Father_Loca6","M03S02_MON_LettersSarah_Father_Loca6",""
"M03S02_MON_LettersSarah_Father_Loca7","Why are these letters here, and not with Sarah Hawkins' belongings?","Чому ці листи тут, а не серед речей Сари Гокінс?"
"M03S02_MON_LockDoor_LivingRoom_Loca1","M03S02_MON_LockDoor_LivingRoom_Loca1",""
"M03S02_MON_LockDoor_LivingRoom_Loca2","I’m not done here it yet.","Я ще не закінчив тут."
"M03S02_MON_LockPick_TryAgain_Loca1","M03S02_MON_LockPick_TryAgain_Loca1",""
"M03S02_MON_LockPick_TryAgain_Loca2","Useless. This lock won't give.","Марно. Цей замок не піддається."
"M03S02_MON_LockPick_TryOpposite_Loca1","M03S02_MON_LockPick_TryOpposite_Loca1",""
"M03S02_MON_LockPick_TryOpposite_Loca2","The door's blocked on the other side.","Двері заблоковані з іншого боку."
"M03S02_MON_LookAtDrawings_Loca1","M03S02_MON_LookAtDrawings_Loca1",""
"M03S02_MON_LookAtDrawings_Loca2","What was going through that boy's mind?","Що було в голові у того хлопчика?"
"M03S02_MON_LoveNote_Loca1","M03S02_MON_LoveNote_Loca1",""
"M03S02_MON_LoveNote_Loca3","Despite what happened, they seem to have loved each other.","Незважаючи на те, що сталося, вони, здається, любили одне одного."
"M03S02_MON_MarksFloor_Loca1","M03S02_MON_MarksFloor_Loca1",""
"M03S02_MON_MarksFloor_Loca2","As if the bookcase has been moved several times.","Схоже, що книжкова шафа була переміщена кілька разів."
"M03S02_MON_MessageSarahsAgent_Loca1","M03S02_MON_MessageSarahsAgent_Loca1",""
"M03S02_MON_MessageSarahsAgent_Loca2","Sarah Hawkins’ agent was getting worried. Seems she wasn’t giving any signs of life.","Агент Сари Гокінс почав хвилюватися. Схоже, вона не подавала ознак життя."
"M03S02_MON_MiniatureoftheScylla_Loca1","M03S02_MON_MiniatureoftheScylla_Loca1",""
"M03S02_MON_MiniatureoftheScylla_Loca4","The Scylla. It's the boat that was stranded at the entrance to the harbor.","«Сцилла». Це човен, який застряг на вході до гавані."
"M03S02_MON_MobyDick_Loca1","M03S02_MON_MobyDick_Loca1",""
"M03S02_MON_MobyDick_Loca2","Moby Dick, Melville's classic. The epic battle between man and whale.","«Мобі Дік», класика Мелвілля. Епічна битва між людиною та китом."
"M03S02_MON_MobyDick_Loca3","Mandatory reading for any whaler, I guess.","Обов'язкове чтиво для будь-якого китобоя, гадаю."
"M03S02_MON_MobyDick_Loca4","Another edition of Moby Dick. They were in love with that story.","Ще одне видання «Мобі Діка». Вони були закохані в цю історію."
"M03S02_MON_MobyDick_Bis_Loca1","M03S02_MON_MobyDick_Bis_Loca1",""
"M03S02_MON_MobyDick_Bis_Loca2","Two editions of Moby Dick. Must have been a family favourite.","Два видання «Мобі Діка». Мабуть, це була улюблена книга сім'ї."
"M03S02_MON_MobyDick_Bis_Loca3","Two other editions of Moby Dick. They were in love with that story.","Два інших видання «Мобі Діка». Вони були закохані в цю історію."
"M03S02_MON_New_Guy_Loca1","M03S02_MON_New_Guy_Loca1",""
"M03S02_MON_New_Guy_Loca2","Someone has been here recently.","Схоже, тут нещодавно хтось був."
"M03S02_MON_Note_from_the_general_store_Manager_Loca1","M03S02_MON_Note_from_the_general_store_Manager_Loca1",""
"M03S02_MON_Note_from_the_general_store_Manager_Loca2","What could have Sarah done to make this person threaten to call the police?","Що могла зробити Сара, щоб змусити цю людину погрожувати викликом поліції?"
"M03S02_MON_Nothing01_Loca1","M03S02_MON_Nothing01_Loca1",""
"M03S02_MON_Nothing01_Loca2","Nothing regarding the case here...","Нічого, що стосується справи, тут немає..."
"M03S02_MON_Nothing03_Loca1","M03S02_MON_Nothing03_Loca1",""
"M03S02_MON_Nothing03_Loca2","Nothing of interest.","Нічого цікавого."
"M03S02_MON_Pages03_Loca1","M03S02_MON_Pages03_Loca1",""
"M03S02_MON_Pages03_Loca2","The lyrics of the Drunken Sailor, a sea shanty.","Текст пісні «П'яний моряк», в жанрі шанті."
"M03S02_MON_PaintGeneric_Loca1","M03S02_MON_PaintGeneric_Loca1",""
"M03S02_MON_PaintGeneric_Loca3","M03S02_MON_PaintGeneric_Loca3",""
"M03S02_MON_PaintGeneric_Loca4","One of Sarah Hawkins's paintings. Her style sure is recognizable.","Одна з картин Сари Гокінс. Її стиль дійсно впізнаваний."
"M03S02_MON_PaintGeneric_Loca2","There something disturbing about this painting.","В цій картині є щось тривожне."
"M03S02_MON_PhotoSarah&Son_Loca1","M03S02_MON_PhotoSarah&Son_Loca1",""
"M03S02_MON_PhotoSarah&Son_Loca2","A picture of Sarah and her son. They look happy.","Фото Сари та її сина. Вони виглядають щасливими."
"M03S02_MON_Piano_Loca1","M03S02_MON_Piano_Loca1",""
"M03S02_MON_Piano_Loca2","This piano is in disrepair. Looks like the Hawkins kept it more for decoration than for music.","Це піаніно в поганому стані. Схоже, Гокінси зберігали його більше для декору, ніж для музики."
"M03S02_MON_PierceHearingNoise_Loca1","M03S02_MON_PierceHearingNoise_Loca1",""
"M03S02_MON_PierceHearingNoise_Loca2","What was that noise?","Що це був за шум?"
"M03S02_MON_PierceSeeingOpenDoor_Loca1","M03S02_MON_PierceSeeingOpenDoor_Loca1",""
"M03S02_MON_PierceSeeingOpenDoor_Loca2","This door was closed earlier.","Ці двері були зачинені раніше."
"M03S02_MON_Principal_Door_Loca1","M03S02_MON_Principal_Door_Loca1",""
"M03S02_MON_Principal_Door_Loca2","This door is blocked from the outside.","Ці двері заблоковані ззовні."
"M03S02_MON_PuritanDiary0_Loca1","M03S02_MON_PuritanDiary0_Loca1",""
"M03S02_MON_PuritanDiary0_Loca2","An old diary.","Старий щоденник."
"M03S02_MON_Puuzzle_GlobFail_Loca1","M03S02_MON_Puuzzle_GlobFail_Loca1",""
"M03S02_MON_Puuzzle_GlobFail_Loca2","Doesn't work. I must have missed something.","Не працює. Я, напевно, щось пропустив."
"M03S02_MON_Puzzle_Discovery_Loca1","M03S02_MON_Puzzle_Discovery_Loca1",""
"M03S02_MON_Puzzle_Discovery_Loca2","This globe seems to have been part of some mechanism.","Цей глобус, здається, був частиною якогось механізму."
"M03S02_MON_Puzzle_GlobSuccess_Loca1","M03S02_MON_Puzzle_GlobSuccess_Loca1",""
"M03S02_MON_Puzzle_GlobSuccess_Loca2","Looks like it worked!","Схоже, це спрацювало!"
"M03S02_MON_Puzzle_MapMaritimeNote_Loca1","M03S02_MON_Puzzle_MapMaritimeNote_Loca1",""
"M03S02_MON_Puzzle_MapMaritimeNote_Loca2","Seems like this came from a log.","Схоже, це взято з журналу."
"M03S02_MON_Puzzle_MapMaritimeNote_Loca3","There must be a link with the seaway map.","Це якось має бути пов’язано з морською картою."
"M03S02_MON_Puzzle_MapMaritimeRoad_Loca1","M03S02_MON_Puzzle_MapMaritimeRoad_Loca1",""
"M03S02_MON_Puzzle_MapMaritimeRoad_Loca2","It looks like an old seaway map.","Схоже, це стара морська карта."
"M03S02_MON_Puzzle_MapMaritimeRoad_Loca3","Looks like the navigational paths described in the log.","Схоже, це навігаційні шляхи, описані в журналі."
"M03S02_MON_Rubble_Loca1","M03S02_MON_Rubble_Loca1",""
"M03S02_MON_Rubble_Loca2","Too much rubble. I'll find an easier way.","Занадто багато сміття. Я знайду легший шлях."
"M03S02_MON_Runes_Loca1","M03S02_MON_Runes_Loca1",""
"M03S02_MON_Runes_Loca2","They look like celtic runes. Charles must have brought them back from one of his foreign trips.","Вони схожі на кельтські руни. Чарльз, мабуть, привіз їх з однієї зі своїх закордонних подорожей."
"M03S02_MON_SarahsDiary_Loca1","M03S02_MON_SarahsDiary_Loca1",""
"M03S02_MON_SarahsDiary_Loca8","Mmmh…","Мммх..."
"M03S02_MON_SarahsLedger_Loca1","M03S02_MON_SarahsLedger_Loca1",""
"M03S02_MON_SarahsLedger_Loca4","This ledger lists all the paintings Sarah Hawkins sold.","Ця книга обліку містить список усіх картин, які продала Сара Гокінс."
"M03S02_MON_SarahsLedger_Loca3","Seems the last one was given for free to a Francis Sanders. I wonder why…","Схоже, останню картину вона віддала безкоштовно Френсісу Сандерсу. Цікаво, чому..."
"M03S02_MON_SarahsPainting1_Loca1","M03S02_MON_SarahsPainting1_Loca1",""
"M03S02_MON_SarahsPainting1_Loca6","M03S02_MON_SarahsPainting1_Loca6",""
"M03S02_MON_SarahsPainting1_Loca7","Sarah Hawkins painted herself with her son, Simon. Ready to go somewhere... without Charles.","Сара Гокінс зобразила себе зі своїм сином Саймоном. Готові кудись піти... без Чарльза."
"M03S02_MON_SarahsPainting1_Loca8","M03S02_MON_SarahsPainting1_Loca8",""
"M03S02_MON_SarahsPainting1_Loca9","Sarah Hawkins and little Simon, the perfect picture of the middle-class family.","Сара Гокінс і маленький Саймон, ідеальна картина сім'ї середнього класу."
"M03S02_MON_SarahsPainting2_Loca1","M03S02_MON_SarahsPainting2_Loca1",""
"M03S02_MON_SarahsPainting2_Loca4","M03S02_MON_SarahsPainting2_Loca4",""
"M03S02_MON_SarahsPainting2_Loca5","They seem happy. But Charles's already looking off into the future. His marriage was just a stop along the way.","Вони здаються щасливими. Але Чарльз вже дивиться в майбутнє. Його шлюб був лише зупинкою на шляху."
"M03S02_MON_SarahsPainting2_Loca6","M03S02_MON_SarahsPainting2_Loca6",""
"M03S02_MON_SarahsPainting2_Loca7","Charles and Sarah Hawkins’s wedding, as painted by Sarah herself.","Весілля Чарльза та Сари Гокінс, як зобразила сама Сара."
"M03S02_MON_SarahStudy_Locked_Loca1","M03S02_MON_SarahStudy_Locked_Loca1",""
"M03S02_MON_SarahStudy_Locked_Loca2","Locked...","Замкнено..."
"M03S02_MON_Scratches_Loca1","M03S02_MON_Scratches_Loca1",""
"M03S02_MON_Scratches_Loca2","What kind of creature can make marks like these?","Яка істота може залишити такі сліди?"
"M03S02_MON_SimonRoom_Drawing_Loca1","M03S02_MON_SimonRoom_Drawing_Loca1",""
"M03S02_MON_SimonRoom_Drawing_Loca4","What nightmarish vision could have inspired them?","Яке жахливе видіння могло їх надихнути?"
"M03S02_MON_SimonRoom_Final_Loca1","M03S02_MON_SimonRoom_Final_Loca1",""
"M03S02_MON_SimonRoom_Final_Loca2","Simon's troubles went beyond family problems. That kid saw something...","Проблеми Саймона виходили за межі сімейних негараздів. Цей хлопчик бачив щось..."
"M03S02_MON_SimonRoom_Final_Loca3","Something terrified him.","Щось його налякало."
"M03S02_MON_SimonRoom_Fortress_Loca1","M03S02_MON_SimonRoom_Fortress_Loca1",""
"M03S02_MON_SimonRoom_Fortress_Loca2","A child's fort. From what threat was Simon protecting his world?","Дитячий форт. Від якої загрози Саймон захищав свій світ?"
"M03S02_MON_SimonRoom_SleepingPills_Loca1","M03S02_MON_SimonRoom_SleepingPills_Loca1",""
"M03S02_MON_SimonRoom_SleepingPills_Loca2","Sleeping pills. Strong for an eleven year old boy.","Снодійне. Жорстоко як для одинадцятирічного хлопчика."
"M03S02_MON_SimonRoom_SleepingPills_Loca4","What was wrong with this family?","Що не так із цією сім'єю?"
"M03S02_MON_SimonRoom_Tale_Loca1","M03S02_MON_SimonRoom_Tale_Loca1",""
"M03S02_MON_SimonRoom_Tale_Loca2","Tom Sawyer"", Mark Twain...","«Пригоди Тома Сойєра», Марк Твен..."
"M03S02_MON_SimonRoom_Tale_Loca3","Sarah must've read it to him before bed.","Сара, мабуть, читала йому це перед сном."
"M03S02_MON_SimonsJournal_Loca1","M03S02_MON_SimonsJournal_Loca1",""
"M03S02_MON_SimonsJournal_Loca3","The argument that led to their tragic end seems to have been simmering for some time.","Схоже, що суперечка, яка призвела до їхньої трагічної загибелі, назрівала вже деякий час."
"M03S02_MON_SimonsToys_Loca1","M03S02_MON_SimonsToys_Loca1",""
"M03S02_MON_SimonsToys_Loca10","A few scattered toys. Simon must've been playing here.","Кілька розкиданих іграшок. Саймон, мабуть, грався тут."
"M03S02_MON_SomeoneThere_Loca1","M03S02_MON_SomeoneThere_Loca1",""
"M03S02_MON_SomeoneThere_Loca2","Bradley ? Is that you?","Бредлі? Це ти?"
"M03S02_MON_StartDeduction_Loca1","M03S02_MON_StartDeduction_Loca1",""
"M03S02_MON_StartDeduction_Loca2","This room has yielded all its secrets.","Ця кімната відкрила всі свої секрети."
"M03S02_MON_UnderTheSeas_Loca1","M03S02_MON_UnderTheSeas_Loca1",""
"M03S02_MON_UnderTheSeas_Loca2","''Twenty Thousand Leagues Under the Sea''... Another story about the mysteries of the deep.","«Двадцять Тисяч Ллє Під Водою»... Ще одна історія про таємниці глибин."
"M03S02_MON_Where_Is_Guy_Loca1","M03S02_MON_Where_Is_Guy_Loca1",""
"M03S02_MON_Where_Is_Guy_Loca2","Where the hell is that guy?","Де, чорт візьми, цей хлопець?"
"M03S02_MON_WoodPannel_Loca1","M03S02_MON_WoodPannel_Loca1",""
"M03S02_MON_WoodPannel_Loca2","This panel is movable.","Цю панель можна зрушити."
"M03S03_AMB_Bradley_FirstRoom_Loca1","M03S03_AMB_Bradley_FirstRoom_Loca1",""
"M03S03_AMB_Bradley_FirstRoom_Loca2","Look. Someone's been here recently.","Дивись. Тут нещодавно хтось був."
"M03S03_AMB_Bradley_OnTombs_Loca1","M03S03_AMB_Bradley_OnTombs_Loca1",""
"M03S03_AMB_Bradley_OnTombs_Loca9","Please give me a minute. I didn't expect to set foot back here after the burial.","Будь ласка, дай мені хвилинку. Я не очікував знову побувати тут після похорону"
"M03S03_AMB_Bradley_OnTombs_Loca5","What kind of deranged individual would defile this sanctuary and steal a burnt painting?","Яка збочена особа могла б осквернити це святилище і вкрасти згорілу картину?"
"M03S03_AMB_Bradley_OnTombs_Loca6","I don't see Silas doing such a thing let alone allowing it.","Я не бачив, щоб Сайлас робив щось подібне, не кажучи вже про те, щоб дозволити це."
"M03S03_AMB_Bradley_OnTombs_Loca7","Even that broad, Baker, is above that.","Навіть та шльондра Бейкер не опустилася б до такого."
"M03S03_AMB_Bradley_OnTombs_Loca8","Lord, have pity on this poor family.","Господи, помилуй цю бідну родину."
"M03S03_AMB_Bradley_OtherWay_Loca1","M03S03_AMB_Bradley_OtherWay_Loca1",""
"M03S03_AMB_Bradley_OtherWay_Loca3","Of course...","Звичайно..."
"M03S03_AMB_Bradley_OtherWay_Loca2","And something tells me that the key is climbing these steps.","І щось мені підказує, що ключ знаходиться на цих сходах."
"M03S03_AMB_Bradley_OtherWay_DoorUntested_Loca1","M03S03_AMB_Bradley_OtherWay_DoorUntested_Loca1",""
"M03S03_AMB_Bradley_OtherWay_DoorUntested_Loca2","There you are again…","І знову ти..."
"M03S03_AMB_Bradley_Stairs_DoorUntested_Loca1","M03S03_AMB_Bradley_Stairs_DoorUntested_Loca1",""
"M03S03_AMB_Bradley_Stairs_DoorUntested_Loca2","Pierce? Where are you going? I can't keep up with you in this darkness.","Пірсе? Куди ти йдеш? Я не можу йти за тобою в цій темряві."
"M03S03_AMB_Bradley_Stairs_DoorUntested_Loca3","Are you scared?  I want to see how far these steps go.","Ти боїшся? Я хочу подивитися, як далеко йдуть ці сходи."
"M03S03_AMB_Bradley_Stairs_DoorUntested_Loca4","Who's talking about being scared? I'll wait for you by the door.","Хто тут говорить про страх? Я зачекаю на тебе біля дверей"
"M03S03_AMB_Ritual_Part1_Loca1","M03S03_AMB_Ritual_Part1_Loca1",""
"M03S03_AMB_Ritual_Part1_Loca2","You Who Sleeps! Accept this dreamer under your immortal wing.","Той, що спить! Прийми цього сновиду під своє безсмертне крило."
"M03S03_AMB_Ritual_Part1_Loca14","Ya Cthulhu nyth syha'h fhtagn","Ya Cthulhu nyth syha'h fhtagn"
"M03S03_AMB_Ritual_Part1_Loca3","Grant him your flesh and accept his, so that his body and yours may be one.","Віддай йому свою плоть і прийми його, щоб його тіло і твоє стали одним цілим."
"M03S03_AMB_Ritual_Part1_Loca13","Y-'bthnk hupadgh Cthulhu 'bthnkor","Y-'bthnk hupadgh Cthulhu 'bthnkor"
"M03S03_AMB_Ritual_Part1_Loca4","Grant him your mind and accept his, so that his mind and yours may be one."," Віддай йому свій розум і прийми його, щоб його розум і твій стали одним єдиним."
"M03S03_AMB_Ritual_Part1_Loca12","Y-lloig hupadgh Cthulhu lloighnah","Y-lloig hupadgh Cthulhu lloighnah"
"M03S03_AMB_Ritual_Part1_Loca5","Grant him your dreams and accept his, so that the paths of your souls finally intertwine.","Віддай йому свої сни і прийми його, щоб шляхи ваших душ нарешті переплелися."
"M03S03_AMB_Ritual_Part1_Loca11","Y-orr'e llll Cthulhu ch' shagg","Y-orr'e llll Cthulhu ch' shagg"
"M03S03_AMB_Ritual_Part1_Loca6","Let his soul guide you to us, just as your dreams guided it to you.","Нехай його душа веде тебе до нас, так само як твої сни вели її до тебе."
"M03S03_AMB_Ritual_Part1_Loca10","Y-orr'e llll Cthulhu bug shugg","Y-orr'e llll Cthulhu bug shugg"
"M03S03_AMB_Ritual_Part1_Loca7","Let your dreamers open the way, so that the day finally comes when you will awaken.","Нехай твої сновидці відкриють шлях, щоб настав день, коли ти нарешті прокинешся."
"M03S03_AMB_Ritual_Part1_Loca9","Ia! Ia! Cthulhu nafl'fhtagn!","Ia! Ia! Cthulhu nafl'fhtagn!"
"M03S03_AMB_Ritual_Part1-Mantra_Loca1","M03S03_AMB_Ritual_Part1-Mantra_Loca1",""
"M03S03_AMB_Ritual_Part1-Mantra_Loca2","Ia! Ia! Cthulhu nafl'fhtagn!","Ia! Ia! Cthulhu nafl'fhtagn!"
"M03S03_AMB_Ritual_Part2_Loca1","M03S03_AMB_Ritual_Part2_Loca1",""
"M03S03_AMB_Ritual_Part2_Loca2","Ah! I feel him!","Ох! Я відчуваю його!"
"M03S03_AMB_Ritual_Part2_Loca3","You are gifted, indeed. Not another word. Let him pass through every part of you.","Ти направду обдарований. Не кажи більше жодного слова. Нехай він пронизує кожну частинку твого єства."
"M03S03_AMB_Ritual_Part2_Loca5","Oh you who sleep! We pray for your return into the kingdom of the Earth!","О, той, що спиш! Ми молимося про твоє повернення в царство Землі!"
"M03S03_AMB_Ritual_Part2_Loca6","C-stell'bsna Cthulhu ch'shugg!","C-stell'bsna Cthulhu ch'shugg!"
"M03S03_AMB_Ritual_Part2-Mantra_Loca1","M03S03_AMB_Ritual_Part2-Mantra_Loca1",""
"M03S03_AMB_Ritual_Part2-Mantra_Loca2","C-stell'bsna Cthulhu ch'shugg!","C-stell'bsna Cthulhu ch'shugg!"
"M03S03_AMB_Ritual_Part3_Loca1","M03S03_AMB_Ritual_Part3_Loca1",""
"M03S03_AMB_Ritual_Part3_Loca4","Bring me more sacred flesh.","Принесіть мені більше священної плоті."
"M03S03_AMB_Ritual_Ready_Loca1","M03S03_AMB_Ritual_Ready_Loca1",""
"M03S03_AMB_Ritual_Ready_Loca2","We are ready for the ceremony. What about your protege?","Ми готові до церемонії. А як щодо твого протеже?"
"M03S03_AMB_Ritual_Ready_Loca3","His awakening is complete. He will join you shortly.","Його пробудження завершено. Він приєднається до вас незабаром."
"M03S03_AMB_Silas_HelpingPierce_Loca1","M03S03_AMB_Silas_HelpingPierce_Loca1",""
"M03S03_AMB_Silas_HelpingPierce_Loca2","Mr. Pierce?","Пане Пірс?"
"M03S03_AMB_Silas_HelpingPierce_Loca3","Don't move! I'll get you out of there!","Не рухайся! Я витягну тебе звідти!"
"M03S03_AMB_Tunnels_Intro_Loca1","M03S03_AMB_Tunnels_Intro_Loca1",""
"M03S03_AMB_Tunnels_Intro_Loca2","A secret passage! Under the manor! It's like a detective novel!","Таємний прохід! Під маєтком! Це як у детективному романі!"
"M03S03_AMB_Tunnels_Intro_Loca5","That guy must have already gotten far.","Цей хлопець, мабуть, вже далеко."
"M03S03_AMB_Tunnels_Intro_Loca3","Yeah, and he had a direct means of entry to the crime scene. We must find him.","Так, і в нього був прямий шлях до місця злочину. Ми повинні знайти його."
"M03S03_AMB_Tunnels_Intro_Loca4","What is this place? It's more than a tunnel.","Що це за місце? Це більше, ніж просто тунель."
"M03S03_CIN_SUB_End_Loca1","M03S03_CIN_SUB_End_Loca1",""
"M03S03_CIN_SUB_End_Loca2","Bradley!  What are you doing here?","Бредлі! Що ти тут робиш?"
"M03S03_CIN_SUB_End_Loca3","I saw two odd looking guys coming down. Seemed up to no good.","Я бачив двох підозрілих на вид хлопців, які спускалися. Здається, вони замислили щось недобре."
"M03S03_CIN_SUB_End_Loca5","What in the world is this?","Що це таке в світі?"
"M03S03_CIN_SUB_End_Loca6","An intruder!","Зловмисник!"
"M03S03_CIN_SUB_End_Loca7","Oh shit.","Бляха-муха."
"M03S03_CIN_SUB_End_Loca16","Don’t move! Police!","Ані руш! Поліція!"
"M03S03_CIN_SUB_End_Loca17","Don’t move!","Не рухатись!"
"M03S03_CIN_SUB_End_Loca18","I won't hesitate to shoot!","Я не вагатимусь стріляти чи ні!"
"M03S03_CIN_SUB_End_Loca11","Bradley!  Get back, get back!","Бредлі! Відійди, відійди!"
"M03S03_CIN_SUB_End_Loca12","You asked for it!","Ти сам цього хотів!"
"M03S03_CIN_SUB_End_Loca13","Charles?","Чарльз?"
"M03S03_CIN_SUB_End_Loca14","You shouldn’t have seen this.","Ти не повинен був це бачити."
"M03S03_CIN_SUB_EndDream_Loca1","M03S03_CIN_SUB_EndDream_Loca1",""
"M03S03_CIN_SUB_EndDream_Loca5","Behold!","Дивись!"
"M03S03_CIN_SUB_EndDream_Loca15","Everything has already been written.","Все вже написано."
"M03S03_CIN_SUB_EndDream_Loca16","But, perhaps, you will attempt to change your destiny?","Але, можливо, ти спробуєш змінити свою долю?"
"M03S03_CIN_SUB_EnterMotherbase_Loca1","M03S03_CIN_SUB_EnterMotherbase_Loca1",""
"M03S03_CIN_SUB_EnterMotherbase_Loca2","What's going on here...?","Що тут відбувається...?"
"M03S03_CIN_SUB_EnterMotherbase_Loca3","Pierce!","Пірсе!"
"M03S03_CIN_SUB_PreRitual_Loca1","M03S03_CIN_SUB_PreRitual_Loca1",""
"M03S03_CIN_SUB_PreRitual_Loca2","Is it my turn?","Це моя черга?"
"M03S03_CIN_SUB_PreRitual_Loca3","Yes, it is time. You will soon be one of us... if your body and your mind are ready.","Так, настав час. Ти скоро станеш одним з нас... якщо твоє тіло і розум готові."
"M03S03_CIN_SUB_PreRitual_Loca4","I dream of it every night... I have constant visions! I am ready!","Я мрію про це щоночі... У мене постійні видіння! Я готовий!"
"M03S03_CIN_SUB_PreRitual_Loca5","Good enough. Prove it to us.","Непогано. Доведи це нам."
"M03S03_CIN_SUB_PreRitual_Loca6","It’s like in my dream.","Це як у моєму сні."
"M03S03_CIN_SUB_TheFall_Loca1","M03S03_CIN_SUB_TheFall_Loca1",""
"M03S03_CIN_SUB_TheFall_Loca2","[Struggle, heavy breathing, then Pierce Screams falling in the pit.]","[Боротьба, важке дихання, потім крик Пірса, коли він падає в яму.]"
"M03S03_CIN_SUB_TheFall_Loca3","[Heavy breathing while struggling. BUT NO SCREAM when he falls in the pit.]","[Важке дихання під час боротьби. АЛЕ НІ КРИКУ, коли він падає в яму.]"
"M03S03_INT_Bradley_MeetAgain_Loca1","M03S03_INT_Bradley_MeetAgain_Loca1",""
"M03S03_INT_Bradley_MeetAgain_Loca4","Keep your voice down! We're not alone!","Тихіше! Ми не самі тут!"
"M03S03_INT_Bradley_MeetAgain_Loca5","Good God! What have you got me into?","Боже мій! У що ти мене втягнув?"
"M03S03_INT_Bradley_MeetAgain_Loca6","We’ll see… I'll go on. Try to go down on your side.","Подивимось... Я піду далі. Спробуй спуститися зі свого боку."
"M03S03_INT_Bradley_MeetAgain_Loca7","Yes, there’s a passage. I'll meet you at the bottom.","Так, там є прохід. Я зустріну тебе внизу."
"M03S03_INT_Bradley_OtherWay_Loca1","M03S03_INT_Bradley_OtherWay_Loca1",""
"M03S03_INT_Bradley_OtherWay_Loca2","There are tunnels all over this island. Given the size of this cave, there’s got to be other entrances.","На цьому острові скрізь є тунелі. Враховуючи розмір цієї печери, повинні бути й інші входи."
"M03S03_INT_Bradley_OtherWay_Loca3","The passage continues further down. Might as well start with that.","Прохід продовжується далі вниз. Можна почати з цього."
"M03S03_INT_Bradley_OtherWay_Loca4","I ain’t gonna squeeze in there. I'll find another way.","Я не буду тиснутися туди. Я знайду інший шлях."
"M03S03_INT_Bradley_OtherWay_Loca9","If possible, I'd prefer not to ruin my uniform.","Якщо можливо, я б не хотів псувати свою форму."
"M03S03_INT_Bradley_OtherWay_Loca5","Fine, fine. Go look for another entrance. I'll try my luck down below.","Добре, добре. Іди шукай інший вхід. Я спробую свою вдачу внизу."
"M03S03_INT_Bradley_OtherWay_DoorUntested_Loca1","M03S03_INT_Bradley_OtherWay_DoorUntested_Loca1",""
"M03S03_INT_Bradley_OtherWay_DoorUntested_Loca3","Well done Pierce. And it looks like you found our fugitive.","Добре зроблено, Пірс. І, здається, ти знайшов нашого втікача."
"M03S03_INT_Bradley_OtherWay_DoorUntested_Loca5","This door is securely shut. I'll look for another passage.","Ці двері надійно зачинені. Я пошукаю інший прохід."
"M03S03_INT_Bradley_OtherWay_DoorUntested_Loca2","It's an underground cave.  We can advance this side.","Це підземна печера. Ми можемо просунутися з цього боку."
"M03S03_INT_Bradley_OtherWay_DoorUntested_Loca4","Yes I can see that. Please excuse me, but given your condition, I'll stick to my idea.","Так, я бачу це. Вибач мене, будь ласка, але враховуючи твій стан, я залишуся при своїй ідеї."
"M03S03_INT_Bradley_OtherWay_DoorUntested_Loca7","I'm not cut out for this kind of acrobatics.","Я не готовий до цьої акробатики."
"M03S03_INT_Bradley_OtherWay_DoorUntested_Loca6","Alright. Look for another entrance.","Добре. Шукай інший вхід."
"M03S03_INT_Bradley_OtherWay_DoorUntested_Loca8","I'll try to catch up with our man.","Я спробую наздогнати нашого чоловіка."
"M03S03_MON_AboutBrokenLeg_Loca1","M03S03_MON_AboutBrokenLeg_Loca1",""
"M03S03_MON_AboutBrokenLeg_Loca2","Ah! My leg!","Ай! Моя нога!"
"M03S03_MON_AboutRiftExit_Loca1","M03S03_MON_AboutRiftExit_Loca1",""
"M03S03_MON_AboutRiftExit_Loca2","Light! At last!","Світло! Нарешті! (ДТЕК, привіт!)"
"M03S03_MON_After_Door_Lock_SAN_Loca1","M03S03_MON_After_Door_Lock_SAN_Loca1",""
"M03S03_MON_After_Door_Lock_SAN_Loca2","No, dammit! I must find a way out of here!","Ні, сука! Я повинен знайти вихід звідси!"
"M03S03_MON_AscendedCultists_Stasis_Loca1","M03S03_MON_AscendedCultists_Stasis_Loca1",""
"M03S03_MON_AscendedCultists_Stasis_Loca5","M03S03_MON_AscendedCultists_Stasis_Loca5",""
"M03S03_MON_AscendedCultists_Stasis_Loca2","It looks like a kind of deep coma... What could this ritual have done to them?","Схоже на якусь глибоку кому... Що ж могло зробити з ними цей ритуал?"
"M03S03_MON_AscendedCultists_Stasis_Loca7","M03S03_MON_AscendedCultists_Stasis_Loca7",""
"M03S03_MON_AscendedCultists_Stasis_Loca4","Dead? This ritual killed them? Where is the sense in that?","Мертві? Цей ритуал вбив їх? Але де в цьому сенс?"
"M03S03_MON_Bible_Loca1","M03S03_MON_Bible_Loca1",""
"M03S03_MON_Bible_Loca4","M03S03_MON_Bible_Loca4",""
"M03S03_MON_Bible_Loca7","Pre-classical Latin... Let's see what it says...","Архаїчна латина... Давайте подивимося, що тут написано..."
"M03S03_MON_Bible_Loca5","What is this ""Awakening"" they talk about? And this ""sacred flesh""?","Що це за таке «Пробудження», про яке вони говорять? І це «священна плоть»?"
"M03S03_MON_Bible_Loca3","M03S03_MON_Bible_Loca3","Це виглядає як ритуал... Але для чого?"
"M03S03_MON_Bible_Loca6","I can't read Latin...","Я не вмію читати латиною..."
"M03S03_MON_Bridge_Loca1","M03S03_MON_Bridge_Loca1",""
"M03S03_MON_Bridge_Loca2","Time has weakened these structures.","Час послабив ці структури."
"M03S03_MON_CarvedBone_Loca1","M03S03_MON_CarvedBone_Loca1",""
"M03S03_MON_CarvedBone_Loca2","An engraved whalebone. A strange creature has been carved into it... Probably a figure of worship.","Викарбуваний китовий кістяк. Дивна істота вирізьблена в ньому... Ймовірно, фігура поклоніння."
"M03S03_MON_CaveCollapse_NeedToRun_Loca1","M03S03_MON_CaveCollapse_NeedToRun_Loca1",""
"M03S03_MON_CaveCollapse_NeedToRun_Loca2","It's all caving in! I need to get out of here!","Все обвалюється! Потрібно вибиратися звідси!"
"M03S03_MON_Ceremonial_Loca1","M03S03_MON_Ceremonial_Loca1",""
"M03S03_MON_Ceremonial_Loca2","What are they doing?","Що вони роблять?"
"M03S03_MON_CharlesChest_Loca1","M03S03_MON_CharlesChest_Loca1",""
"M03S03_MON_CharlesChest_Loca5","M03S03_MON_CharlesChest_Loca5",""
"M03S03_MON_CharlesChest_Loca2","This symbol. What does it mean ?","Цей символ. Що він означає?"
"M03S03_MON_CharlesChest_Loca7","M03S03_MON_CharlesChest_Loca7",""
"M03S03_MON_CharlesChest_Loca4","This padlock is too complicated for me…","Цей замок надто складний для мене…"
"M03S03_MON_CharlesSafe_Loca1","M03S03_MON_CharlesSafe_Loca1",""
"M03S03_MON_CharlesSafe_Loca2","This symbol. What does it mean ?","Цей символ. Що він означає?"
"M03S03_MON_Crates_Loca1","M03S03_MON_Crates_Loca1",""
"M03S03_MON_Crates_Loca2","I don't have time to search them all.","У мене нема часу шукати їх усіх."
"M03S03_MON_Dreamcatcher_Loca1","M03S03_MON_Dreamcatcher_Loca1",""
"M03S03_MON_Dreamcatcher_Loca2","Some kind of dream-catcher... If I touch it, it will turn to dust.","Якась подоба ловця снів... Якщо я торкнуся до неї, вона перетвориться на пил."
"M03S03_MON_Enigma_Loca1","M03S03_MON_Enigma_Loca1",""
"M03S03_MON_Enigma_Loca2","I've never seen such symbols.","Я ніколи раніше не бачив таких символів."
"M03S03_MON_Escape_Cave_02_Loca1","M03S03_MON_Escape_Cave_02_Loca1",""
"M03S03_MON_Escape_Cave_02_Loca2","No!","Ні!"
"M03S03_MON_Exit_Loca1","M03S03_MON_Exit_Loca1",""
"M03S03_MON_Exit_Loca2","A passage.  Maybe my only chance to get out of here.","Прохід. Можливо, це мій єдиний шанс вибратися звідси."
"M03S03_MON_FirstLight_Loca1","M03S03_MON_FirstLight_Loca1",""
"M03S03_MON_FirstLight_Loca2","Light... A way out?","Світло... Вихід?"
"M03S03_MON_Fuck_Loca1","M03S03_MON_Fuck_Loca1",""
"M03S03_MON_Fuck_Loca2","Damn it!","Курва!"
"M03S03_MON_FuckFuckFuck_Loca1","M03S03_MON_FuckFuckFuck_Loca1",""
"M03S03_MON_FuckFuckFuck_Loca3","Am I going to die here?!","Я тут помру?!"
"M03S03_MON_FuckFuckFuck_Loca4","Buried alive...","Заживо похований..."
"M03S03_MON_GreenFire_Loca1","M03S03_MON_GreenFire_Loca1",""
"M03S03_MON_GreenFire_Loca2","*groan of pain*","*стогін від болю*"
"M03S03_MON_GreenFire_Loca3","My head...","Моя голова..."
"M03S03_MON_HelpMe_Loca1","M03S03_MON_HelpMe_Loca1",""
"M03S03_MON_HelpMe_Loca3","Help!","Поможіть!"
"M03S03_MON_HelpMe_Loca2","No!","Ні!"
"M03S03_MON_Hole_Loca1","M03S03_MON_Hole_Loca1",""
"M03S03_MON_Hole_Loca2","A mass grave...","Масові поховання..."
"M03S03_MON_Kebab_Loca1","M03S03_MON_Kebab_Loca1",""
"M03S03_MON_Kebab_Loca2","An organic body.","Органічне тіло."
"M03S03_MON_LikeinMyDream_Loca1","M03S03_MON_LikeinMyDream_Loca1",""
"M03S03_MON_LikeinMyDream_Loca2","It’s like in my dream.","Це як у моєму сні."
"M03S03_MON_Mary_Loca1","M03S03_MON_Mary_Loca1",""
"M03S03_MON_Mary_Loca2","A disfigured saint... What does it mean?","Деформований святий... Що це означає?"
"M03S03_MON_Mask_Loca1","M03S03_MON_Mask_Loca1",""
"M03S03_MON_Mask_Loca2","A strange ceremonial mask...","Дивна церемоніальна маска..."
"M03S03_MON_NausetCave_Cadaver_Loca1","M03S03_MON_NausetCave_Cadaver_Loca1",""
"M03S03_MON_NausetCave_Cadaver_Loca2","A sad way to go.","Сумний кінець."
"M03S03_MON_NausetCave_Discover_Loca1","M03S03_MON_NausetCave_Discover_Loca1",""
"M03S03_MON_NausetCave_Discover_Loca2","These paintings must be several centuries old...","Цим картинам, певно, кілька століть."
"M03S03_MON_Nessy_Loca1","M03S03_MON_Nessy_Loca1",""
"M03S03_MON_Nessy_Loca3","What was that?","Що це було?"
"M03S03_MON_Nonsense_Loca1","M03S03_MON_Nonsense_Loca1",""
"M03S03_MON_Nonsense_Loca4","M03S03_MON_Nonsense_Loca4",""
"M03S03_MON_Nonsense_Loca5","What does this writing mean?","Що означає цей напис?"
"M03S03_MON_Nonsense_Loca3","M03S03_MON_Nonsense_Loca3",""
"M03S03_MON_Nonsense_Loca6","Again, this primitive writing...","Знову це примітивне письмо..."
"M03S03_MON_Painting2_Loca1","M03S03_MON_Painting2_Loca1",""
"M03S03_MON_Painting2_Loca2","These people lying down... Are they dead? Are they asleep?","Ці люди, що лежать... Вони мертві? Вони сплять?"
"M03S03_MON_Painting3_Loca1","M03S03_MON_Painting3_Loca1",""
"M03S03_MON_Painting3_Loca2","This monstrous creature must be an allegory.","Ця монструозна істота має буть  алегорією."
"M03S03_MON_Painting4_Loca1","M03S03_MON_Painting4_Loca1",""
"M03S03_MON_Painting4_Loca2","These buildings seem to have come out of the water.","Ці будівлі, здається, вийшли з води."
"M03S03_MON_Pontoon_GreenOil_Loca1","M03S03_MON_Pontoon_GreenOil_Loca1",""
"M03S03_MON_Pontoon_GreenOil_Loca3","M03S03_MON_Pontoon_GreenOil_Loca3",""
"M03S03_MON_Pontoon_GreenOil_Loca2","This oil again. What is it used for?","Знову це масло. Для чого воно використовується?"
"M03S03_MON_Pontoon_GreenOil_Loca4","M03S03_MON_Pontoon_GreenOil_Loca4",""
"M03S03_MON_Pontoon_GreenOil_Loca6","It looks like animal oil... But certainly not whale.","Це виглядає як тваринний жир... Але точно не китовий."
"M03S03_MON_PuritanDiary1_Loca1","M03S03_MON_PuritanDiary1_Loca1",""
"M03S03_MON_PuritanDiary1_Loca3","M03S03_MON_PuritanDiary1_Loca3",""
"M03S03_MON_PuritanDiary1_Loca4","Another volume of the Reverend's wife's diary.","Ще один том щоденника дружини священика."
"M03S03_MON_PuritanDiary1_Loca2","An old diary...","Старий щоденник..."
"M03S03_MON_Reconstitution_Chair_Loca1","M03S03_MON_Reconstitution_Chair_Loca1",""
"M03S03_MON_Reconstitution_Chair_Loca12","Whoever was sitting here could have seen Sarah Hawkins.","Той, хто сидів тут, міг бачити Сару Гокінс."
"M03S03_MON_Reconstitution_Chair_Loca14","Could this be related to her death?","Чи може це бути пов'язано з її смертю?"
"M03S03_MON_Reconstitution_Chest_Loca1","M03S03_MON_Reconstitution_Chest_Loca1",""
"M03S03_MON_Reconstitution_Chest_Loca2","Whatever Charles Hawkins hid here, he didn't want it in his house.","Що б Чарльз Гокінс не сховав тут, він не хотів, щоб це було в його будинку."
"M03S03_MON_Reconstitution_Chest_Loca4","Did Charles Hawkins hide something in this chest?","Чи сховав Чарльз Гокінс щось у цій скрині?"
"M03S03_MON_Reconstitution_Mask_Loca1","M03S03_MON_Reconstitution_Mask_Loca1",""
"M03S03_MON_Reconstitution_Mask_Loca6","M03S03_MON_Reconstitution_Mask_Loca6",""
"M03S03_MON_Reconstitution_Mask_Loca7","The bearer of the mask must have been the leader.","Той, хто носив цю маску, певно мав бути лідером."
"M03S03_MON_Reconstitution_Mask_Loca8","What kind of secret society is this?","Що це за таємна спільнота?"
"M03S03_MON_Reconstitution_Mask_Loca3","M03S03_MON_Reconstitution_Mask_Loca3",""
"M03S03_MON_Reconstitution_Mask_Loca5","What is this mask supposed to represent?","Що являє собою ця маска?"
"M03S03_MON_Reconstitution_Sarah_Loca1","M03S03_MON_Reconstitution_Sarah_Loca1",""
"M03S03_MON_Reconstitution_Sarah_Loca8","M03S03_MON_Reconstitution_Sarah_Loca8",""
"M03S03_MON_Reconstitution_Sarah_Loca3","This piece of cloth is unmistakably from a dress…","Цей шматок тканини безсумнівно з сукні..."
"M03S03_MON_Reconstitution_Sarah_Loca10","Sarah Hawkins... Was she hiding from someone?","Сара Гокінс... Чи ховалася вона від когось?"
"M03S03_MON_Reconstitution_Sarah_Loca6","M03S03_MON_Reconstitution_Sarah_Loca6",""
"M03S03_MON_Reconstitution_Sarah_Loca13","This piece of cloth is unmistakably from a dress…","Цей шматок тканини безсумнівно з сукні..."
"M03S03_MON_Reconstitution_Sarah_Loca14","Was Sarah Hawkins here?","Сара Гокінс була тут?"
"M03S03_MON_Reconstitution_Table_Loca1","M03S03_MON_Reconstitution_Table_Loca1",""
"M03S03_MON_Reconstitution_Table_Loca3","Did Charles Hawkins use this place?","Чи використовував Чарльз Гокінс це місце?"
"M03S03_MON_Reconstitution_Table_Loca4","Who were the others?","Хто були інші?"
"M03S03_MON_ReunionTable_Loca1","M03S03_MON_ReunionTable_Loca1",""
"M03S03_MON_ReunionTable_Loca2","Three seats…","Три місця..."
"M03S03_MON_RitualDagger_Loca1","M03S03_MON_RitualDagger_Loca1",""
"M03S03_MON_RitualDagger_Loca3","M03S03_MON_RitualDagger_Loca3",""
"M03S03_MON_RitualDagger_Loca5","A pre-Columbian tribal dagger... probably destined for scarification rituals.","Доколумбовий племінний кинджал... ймовірно призначений для ритуалів шрамування."
"M03S03_MON_RitualDagger_Loca4","M03S03_MON_RitualDagger_Loca4",""
"M03S03_MON_RitualDagger_Loca6","It seems to have been used recently... probably some sort of ritual?","Схоже, що його використовували нещодавно... мабуть, для якогось ритуалу?"
"M03S03_MON_Shark_Loca1","M03S03_MON_Shark_Loca1",""
"M03S03_MON_Shark_Loca2","A table for... sacrifice?","Стіл для... жертвоприношення?"
"M03S03_MON_StatueWyckwood_Loca1","M03S03_MON_StatueWyckwood_Loca1",""
"M03S03_MON_StatueWyckwood_Loca19","M03S03_MON_StatueWyckwood_Loca19",""
"M03S03_MON_StatueWyckwood_Loca21","A legacy from the first residents.","Спадщина від першопоселенців"
"M03S03_MON_StatueWyckwood_Loca13","M03S03_MON_StatueWyckwood_Loca13",""
"M03S03_MON_StatueWyckwood_Loca15","1693... This house is much older than it seems.","1693... Цей будинок набагато старіший, ніж здається."
"M03S03_MON_StatueWyckwood_Loca17","M03S03_MON_StatueWyckwood_Loca17",""
"M03S03_MON_StatueWyckwood_Loca11","M03S03_MON_StatueWyckwood_Loca11",""
"M03S03_MON_StatueWyckwood_Loca2","Bradley was right: this place is much older than I imagined.","Бредлі мав рацію: це місце набагато старіше, ніж я уявляв."
"M03S03_MON_StatueWyckwood_Loca18","M03S03_MON_StatueWyckwood_Loca18",""
"M03S03_MON_StatueWyckwood_Loca16","But the architecture seems too recent.","Але архітектура здається занадто сучасною."
"M03S03_MON_Trapped_Loca1","M03S03_MON_Trapped_Loca1",""
"M03S03_MON_Trapped_Loca2","Dammit!","Та йоб!"
"M03S03_MON_Trapped_Loca3","I'm blocked in!","Я заблокований!"
"M04_S09_AMB_DonovanCinderellaClash_Loca1","M04_S09_AMB_DonovanCinderellaClash_Loca1",""
"M04_S09_AMB_DonovanCinderellaClash_Loca2","Mrs Donovan?","Місіс Донован?"
"M04_S09_AMB_DonovanCinderellaClash_Loca3","I'm busy. Elizabeth, isn't it?","Я зайнята. Елізабет, чи не так?"
"M04_S09_AMB_DonovanCinderellaClash_Loca4","Yes ma'am. But it's about the water.","Так, мадам. Але це нарахунок води."
"M04_S09_AMB_DonovanCinderellaClash_Loca5","What now?","Що тепер?"
"M04_S09_AMB_DonovanCinderellaClash_Loca6","It's off… It's not my fault!","Воно вимкнулось... Це не моя провина!"
"M04_S09_AMB_DonovanCinderellaClash_Loca7","Nothing is ever your fault. I told you to control the flow!","Завжди «не твоя провина». Я казала тобі контролювати потік!"
"M04_S09_AMB_DonovanCinderellaClash_Loca30","Even if I know that it's not your strong point.","Навіть якщо я знаю, що це не твоя сильна сторона."
"M04_S09_AMB_DonovanCinderellaClash_Loca8","I've apologized a thousand times!","Я вибачалася тисячу разів!"
"M04_S09_AMB_DonovanCinderellaClash_Loca27","I haven't counted that many, but then, unlike you, I don't have time to keep track.","Я не рахувала стільки, але, на відміну від тебе, у мене немає часу, щоб стежити за цим."
"M04_S09_AMB_DonovanCinderellaClash_Loca12","Please, Mrs Donovan... I'm grateful to you for having kept me on despite that incident.","Будь ласка, місіс Донован... Я вдячна вам за те, що ви залишили мене, незважаючи на цей інцидент."
"M04_S09_AMB_DonovanCinderellaClash_Loca28","I just need the water to be put back on. Otherwise the bathroom will quickly become a nest of germs.","Мені просто потрібно, щоб воду знову ввімкнули. Інакше ванна кімната швидко стане гніздом мікробів."
"M04_S09_AMB_DonovanCinderellaClash_Loca11","Very well. I'll finish what I'm doing and then I'll fix your blunders. Once more…","Гаразд. Я закінчу те, що роблю, а потім виправлю твої помилки. Ще раз…"
"M04_S09_AMB_DonovanCinderellaClash_Loca16","Thank you, ma'am.","Дякую, мадам."
"M04_S09_AMB_DonovanCinderellaClash_Loca17","Out of my sight. Go chatter with your colleagues... That's what you do best.","Геть з моїх очей. Іди базікай зі своїми колегами... Це те, що ти вмієш найкраще."
"M04_S18_AMB_CalendarMan_Loca1","M04_S18_AMB_CalendarMan_Loca1",""
"M04_S18_AMB_CalendarMan_Loca2","One, two, three, four, five, six.","Один, два, три, чотири, п'ять, шість."
"M04_S18_AMB_CalendarMan_Loca3","No, not six. Four or five. Just a few days to go.","Ні, не шість. Чотири чи п'ять. Залишилося лише кілька днів."
"M04_S18_AMB_CalendarMan_Loca4","Yes, that's it. Four days, at most. No more. Perhaps less?","Так, це воно. Чотири дні, максимум. Не більше. Хоча, може, менше?"
"M04_S18_AMB_CalendarMan_Loca5","I think I've got the right date. My calculations are always right.","Я думаю, я отримав правильну дату. Мої розрахунки завжди вірні."
"M04_S18_AMB_CalendarMan_Loca7","It's the date. It's the date that is the problem.","Це дата. Це дата є проблемою."
"M04_S18_AMB_CalendarMan_Loca6","I don't know what this date is.","Я не знаю, що це за дата."
"M04_S18_AMB_CalendarMan_Loca8","But the calculations, they're right. Four days. Maximum. Five, at the most.","Але розрахунки вірні. Чотири дні. Максимум. П'ять, не більше."
"M04_S18_AMB_Leviathan1_Loca1","M04_S18_AMB_Leviathan1_Loca1",""
"M04_S18_AMB_Leviathan1_Loca3","They tracked and hunted me. Pursued me right into their dreams.","Вони відстежували і полювали на мене. Переслідували мене прямо у своїх снах."
"M04_S18_AMB_Leviathan1_Loca5","They scrawled all over their maps in the wake of my lonely wanderings.","Вони малювали на своїх картах сліди моїх самотніх блукань."
"M04_S18_AMB_Leviathan2_Loca1","M04_S18_AMB_Leviathan2_Loca1",""
"M04_S18_AMB_Leviathan2_Loca2","No sea is dark enough to hide the color of my blood.","Жодне море не настільки темне, щоб приховати колір моєї крові."
"M04_S18_AMB_Leviathan2_Loca3","No wind strong enough to scatter my dreams.","Жоден вітер не настільки сильний, щоб розвіяти мої мрії."
"M04_S18_AMB_MarchingMan_Loca1","M04_S18_AMB_MarchingMan_Loca1",""
"M04_S18_AMB_MarchingMan_Loca2","If I walk, I do not stop. If I do not stop, he does not catch me. If he does not catch me, I do not sleep.","Якщо я йду, я не зупиняюся. Якщо я не зупиняюся, він не ловить мене. Якщо він не ловить мене, я не сплю."
"M04_S18_AMB_MarchingMan_Loca3","If I do not sleep, I do not see him. I do not hear him. He does not call me. He does not call...","Якщо я не сплю, я не бачу його. Я не чую його. Він не кличе мене. Він не кличе..."
"M04_S18_AMB_MarchingMan_Loca4","Me. He calls me. If I walk, I do not stop. If I do not stop, I catch him. If I catch him, I sleep.","Мене. Він кличе мене. Якщо я йду, я не зупиняюся. Якщо я не зупиняюся, я ловлю його. Якщо я ловлю його, я сплю."
"M04_S18_AMB_MarchingMan_Loca5","If I sleep, am I dead?","Якщо я сплю, то я мертвий?"
"M04_S18_AMB_PreachingMan_Loca1","M04_S18_AMB_PreachingMan_Loca1",""
"M04_S18_AMB_PreachingMan_Loca4","What is welling up inside me?","Що наростає всередині мене?"
"M04_S18_AMB_PreachingMan_Loca5","I feel it, in my head and in my body.","Я відчуваю це, у своїй голові та всередині тіла."
"M04_S18_AMB_PreachingMan_Loca7","He roars and swells! He has the strength of the oceans!","Він реве і роздувається! Він має силу океанів!"
"M04_S18_AMB_PreachingMan_Loca8","His waves rise and crash, leaving behind them only a trail of white nourishing foam!","Його хвилі підіймаються і розбиваються, залишаючи після себе лише слід з білої живильної піни!"
"M04_S18_AMB_PreachingMan_Loca9","He is my master!","Він мій господар!"
"M04_S18_AMB_PreachingMan_Loca2","He enters me!","Він входить в мене!"
"M04_S18_AMB_PreachingMan_Loca6","Yes! Yes yes yes!","Так! Так-так-так!"
"M04_S18_AMB_PreachingMan_Loca3","*mmmh, Mmmh*","*мммх, Мммх*"
"M04_S18_AMB_ShoutingPatient_Loca1","M04_S18_AMB_ShoutingPatient_Loca1",""
"M04_S18_AMB_ShoutingPatient_Loca2","Get me out!","Витягніть мене!"
"M04_S18_AMB_ShoutingPatient_Loca4","Don't let me sleep in here!","Не дайте мені заснути тут!"
"M04_S18_AMB_SufferingMan_Loca1","M04_S18_AMB_SufferingMan_Loca1",""
"M04_S18_AMB_SufferingMan_Loca2","It burns me! I will not eat it any more!","Це спалює мене! Я більше не буду це їсти!"
"M04_S18_AMB_SufferingMan_Loca3","Never again. We must not eat it!","Ніколи знову. Ми не повинні це їсти!"
"M04_S18_AMB_SufferingMan_Loca4","They must know that it is not good!","Вони повинні знати, що це не добре!"
"M04_S18_AMB_SufferingMan_Loca5","*howls in pain*","*виючи від болю*"
"M04_S18_CIN_SUB_HospitalDream_Loca1","M04_S18_CIN_SUB_HospitalDream_Loca1",""
"M04_S18_CIN_SUB_HospitalDream_Loca13","When the last of them rises up, you will choose.","Коли останній з них підніметься, ти обиратимеш."
"M04_S18_CIN_SUB_HospitalDream_Loca14","I will not be here to bear witness to it because you will have released me.","Я не буду тут і не стану свідком цього, тому що ти звільниш мене."
"M04_S18_CIN_SUB_HospitalDream_Loca16","But the Earth will resound to your cries. Or theirs.","Але Земля відгукнеться на твої крики. Або їхні."
"M04_S18_CIN_SUB_HospitalDream_Loca17","Awaken, and free me!","Пробудись і звільни мене!"
"M04_S18_CIN_SUB_IntroHospital_Loca1","M04_S18_CIN_SUB_IntroHospital_Loca1",""
"M04_S18_CIN_SUB_IntroHospital_Loca10","Prepare another shot for injection.","Підготуйте ще один укол."
"M04_S18_CIN_SUB_IntroHospital_Loca11","No!","Ні!"
"M04_S18_CIN_SUB_IntroHospital_Loca12","He’s having a seizure!","У нього судоми!"
"M04_S18_CIN_SUB_IntroHospital_Loca13","He will survive. A strong subject.","Він виживе. Сильний пацієнт."
"M04_S18_MON_AboutVent_Loca1","M04_S18_MON_AboutVent_Loca1",""
"M04_S18_MON_AboutVent_Loca2","A duct.","Вентиляція."
"M04_S18_MON_AllLeverActivated_Loca1","M04_S18_MON_AllLeverActivated_Loca1",""
"M04_S18_MON_AllLeverActivated_Loca2","All the levers are activated.","Усі важелі активовані."
"M04_S18_MON_ArchiveBookshelf1_Loca1","M04_S18_MON_ArchiveBookshelf1_Loca1",""
"M04_S18_MON_ArchiveBookshelf1_Loca2","Anatomy and anthropology… Nothing surprising.","Анатомія та антропологія... Нічого дивного."
"M04_S18_MON_ArchiveBookshelf2_Loca1","M04_S18_MON_ArchiveBookshelf2_Loca1",""
"M04_S18_MON_ArchiveBookshelf2_Loca2","Zoology, esotericism, mineralogy. And a full shelf on cephalopods!","Зоологія, езотерика, мінералогія. І ціла полиця, присвячена головоногим!"
"M04_S18_MON_BradleyPoliceBadge_Loca1","M04_S18_MON_BradleyPoliceBadge_Loca1",""
"M04_S18_MON_BradleyPoliceBadge_Loca2","The cops know what's going on?","Поліція знає, що тут відбувається?"
"M04_S18_MON_CellBedMan_Loca1","M04_S18_MON_CellBedMan_Loca1",""
"M04_S18_MON_CellBedMan_Loca2","If I don't go out of here, I'll end up like him.","Якщо я не заберуся звідси, я закінчу як він."
"M04_S18_MON_CellGas_Loca1","M04_S18_MON_CellGas_Loca1",""
"M04_S18_MON_CellGas_Loca2","*coughs*","*кашляє*"
"M04_S18_MON_CellGas_Loca3","This foul gas, again!","Знову цей смердючий газ!"
"M04_S18_MON_CellKnockingHeadMan_Loca1","M04_S18_MON_CellKnockingHeadMan_Loca1",""
"M04_S18_MON_CellKnockingHeadMan_Loca2","Poor wretch.","Бідолаха."
"M04_S18_MON_ConsoleLeverActivation_Loca1","M04_S18_MON_ConsoleLeverActivation_Loca1",""
"M04_S18_MON_ConsoleLeverActivation_Loca3","M04_S18_MON_ConsoleLeverActivation_Loca3",""
"M04_S18_MON_ConsoleLeverActivation_Loca4","That should draw the attention of the guards... I should hide.","Це має привернути увагу охоронців... Мені слід сховатися."
"M04_S18_MON_ConsoleLeverActivation_Loca2","I can still increase the load.","Я все ще можу збільшити навантаження."
"M04_S18_MON_ConsolePowerIndicator_Loca1","M04_S18_MON_ConsolePowerIndicator_Loca1",""
"M04_S18_MON_ConsolePowerIndicator_Loca2","What will happen if I increase the current to the limit?","Що станеться, якщо я збільшу струм до межі?"
"M04_S18_MON_ControlWheelFound_Loca1","M04_S18_MON_ControlWheelFound_Loca1",""
"M04_S18_MON_ControlWheelFound_Loca3","M04_S18_MON_ControlWheelFound_Loca3",""
"M04_S18_MON_ControlWheelFound_Loca4","I could use this control wheel to turn the valve I saw.","Я міг би використати цей маховик, щоб повернути вентиль, який я бачив."
"M04_S18_MON_ControlWheelFound_Loca2","A control wheel to mount on a plumbing system.","Маховик для встановлення на сантехнічну систему"
"M04_S18_MON_DarkRoomFluff_Loca1","M04_S18_MON_DarkRoomFluff_Loca1",""
"M04_S18_MON_DarkRoomFluff_Loca2","I bet there's no longer any priests on Darkwater...","Ставлю, що на Дарквотері більше немає священиків..."
"M04_S18_MON_EnterMorgue_Loca1","M04_S18_MON_EnterMorgue_Loca1",""
"M04_S18_MON_EnterMorgue_Loca2","What carnage!","Що за різанина!"
"M04_S18_MON_EnterMorgue_Loca3","No, not now...","Ні, не зараз..."
"M04_S18_MON_Escape_Loca1","M04_S18_MON_Escape_Loca1",""
"M04_S18_MON_Escape_Loca2","(More coughing)","(Ще більше кашлю)"
"M04_S18_MON_ExperimentBlackboard_Loca1","M04_S18_MON_ExperimentBlackboard_Loca1",""
"M04_S18_MON_ExperimentBlackboard_Loca3","What is going on here?","Що тут відбувається?"
"M04_S18_MON_ExperimentCorpse_Loca1","M04_S18_MON_ExperimentCorpse_Loca1",""
"M04_S18_MON_ExperimentCorpse_Loca2","Is there a connection between this corpse and the machine?","Чи є зв'язок між цим мерляком і машиною?"
"M04_S18_MON_ForgotenKeys_Loca1","M04_S18_MON_ForgotenKeys_Loca1",""
"M04_S18_MON_ForgotenKeys_Loca2","Exactly what I need...","Саме те, що мені треба..."
"M04_S18_MON_GasLeverIntro_Loca1","M04_S18_MON_GasLeverIntro_Loca1",""
"M04_S18_MON_GasLeverIntro_Loca3","M04_S18_MON_GasLeverIntro_Loca3",""
"M04_S18_MON_GasLeverIntro_Loca4","I've got to be careful: moving a lever consumes a primer.","Треба буть обережним: рух важеля споживає запалювач."
"M04_S18_MON_GasLeverIntro_Loca2","This lever must turn on the gas machine.","Цей важіль, мабуть, вмикає газову машину."
"M04_S18_MON_HeavyChains_Loca1","M04_S18_MON_HeavyChains_Loca1",""
"M04_S18_MON_HeavyChains_Loca2","With these chains on your wrists you can't escape.","З цими ланцюгами на зап'ястях ти далеко не втечеш."
"M04_S18_MON_LeftAlone_Loca1","M04_S18_MON_LeftAlone_Loca1",""
"M04_S18_MON_LeftAlone_Loca2","Let me out of here!","Випустіть мене звідси!"
"M04_S18_MON_LeftAlone_Loca3","I'm wasting my time.","Я витрачаю свій час."
"M04_S18_MON_LeverActivation_Loca1","M04_S18_MON_LeverActivation_Loca1",""
"M04_S18_MON_LeverActivation_Loca7","M04_S18_MON_LeverActivation_Loca7",""
"M04_S18_MON_LeverActivation_Loca8","Theoretically, I've only got one lever left to push.","Теоретично, у мене залишився лише один важіль для натиску."
"M04_S18_MON_LeverActivation_Loca5","M04_S18_MON_LeverActivation_Loca5",""
"M04_S18_MON_LeverActivation_Loca6","It's done. Now for the others.","Готово. Тепер до інших."
"M04_S18_MON_LeverActivation_Loca2","Have I activated anything?","Я щось активував?"
"M04_S18_MON_LeverPowerIndicator_Loca1","M04_S18_MON_LeverPowerIndicator_Loca1",""
"M04_S18_MON_LeverPowerIndicator_Loca2","It's an ammeter. I didn't expect to see one on this little rock.","Це амперметр. Я не очікував побачити його на цьому маленькому камінчику."
"M04_S18_MON_MissingWheel_Loca1","M04_S18_MON_MissingWheel_Loca1",""
"M04_S18_MON_MissingWheel_Loca2","M04_S18_MON_MissingWheel_Loca2",""
"M04_S18_MON_MissingWheel_Loca6","Now for the next step!!","Тепер до наступного кроку!!"
"M04_S18_MON_MissingWheel_Loca5","The control wheel is missing.","Відсутнє колесо управління."
"M04_S18_MON_NeedDiversion_Loca1","M04_S18_MON_NeedDiversion_Loca1",""
"M04_S18_MON_NeedDiversion_Loca4","Oh shit... I'll have to find a way of getting rid of those two myself.","От лайно... я мушу знайти спосіб позбавитись тих двох самостійно."
"M04_S18_MON_Reconstituion_Painting_Loca1","M04_S18_MON_Reconstituion_Painting_Loca1",""
"M04_S18_MON_Reconstituion_Painting_Loca2","What did he write about the painting?","Що він написав про картину?"
"M04_S18_MON_Reconstituion_Sangle_Loca1","M04_S18_MON_Reconstituion_Sangle_Loca1",""
"M04_S18_MON_Reconstituion_Sangle_Loca2","Am I in an asylum?","Я в психіатричній лікарні?"
"M04_S18_MON_Reconstituion_Sarah_Loca1","M04_S18_MON_Reconstituion_Sarah_Loca1",""
"M04_S18_MON_Reconstituion_Sarah_Loca2","Sarah...","Сара..."
"M04_S18_MON_Reconstituion_Visitor_Loca1","M04_S18_MON_Reconstituion_Visitor_Loca1",""
"M04_S18_MON_Reconstituion_Visitor_Loca2","Sarah Hawkins is on this list of authorised visitors!","Сара Гокінс є в цьому списку уповноважених відвідувачів!"
"M04_S18_MON_RotondeItem_Loca1","M04_S18_MON_RotondeItem_Loca1",""
"M04_S18_MON_RotondeItem_Loca2","Is Thomas Fuller the father of the current Doctor Fuller?","Чи є Томас Фуллер батьком нинішнього доктора Фуллера?"
"M04_S18_MON_SandersBlood_Loca1","M04_S18_MON_SandersBlood_Loca1",""
"M04_S18_MON_SandersBlood_Loca2","Fresh blood. The guards must have really messed Sanders up to force him to follow them.","Свіжа кров. Охоронці, напевно, дійсно сильно побили Сандерса, щоб змусити його слідувати за ними."
"M04_S18_MON_SandersFile_Loca1","M04_S18_MON_SandersFile_Loca1",""
"M04_S18_MON_SandersFile_Loca2","Persistent emotional and mental instability, self-mutilation..."" This guy is completely insane!","Постійна емоційна та психічна нестабільність, самопошкодження..."" Цей хлопець абсолютно божевільний!"
"M04_S18_MON_SandersSirynge_Loca1","M04_S18_MON_SandersSirynge_Loca1",""
"M04_S18_MON_SandersSirynge_Loca5","M04_S18_MON_SandersSirynge_Loca5",""
"M04_S18_MON_SandersSirynge_Loca6","This is no medicine.","Це не ліки."
"M04_S18_MON_SandersSirynge_Loca9","M04_S18_MON_SandersSirynge_Loca9",""
"M04_S18_MON_SandersSirynge_Loca2","What did they inject him with?","Чим його вкололи?"
"M04_S18_MON_Sink_Loca1","M04_S18_MON_Sink_Loca1",""
"M04_S18_MON_Sink_Loca2","The corpse is complete. Whose are these limbs?","Труп повний. Чиї це кінцівки?"
"M04_S18_MON_TortureTools_Loca1","M04_S18_MON_TortureTools_Loca1",""
"M04_S18_MON_TortureTools_Loca2","Worse and worse...","Гірше і гірше..."
"M04_S18_MON_TryOpenGuardRoom_Loca1","M04_S18_MON_TryOpenGuardRoom_Loca1",""
"M04_S18_MON_TryOpenGuardRoom_Loca2","Locked.","Закрито."
"M04_S18_MON_ValveFonction_Loca1","M04_S18_MON_ValveFonction_Loca1",""
"M04_S18_MON_ValveFonction_Loca2","This valve controls the pressure.","Цей клапан контролює тиск."
"M04S09_AMB_CerberusNurse_Loca1","M04S09_AMB_CerberusNurse_Loca1",""
"M04S09_AMB_CerberusNurse_Loca2","Wait a minute! Where do you think you're going?","Зачекайте хвилинку! Куди ви думаєте йдете?"
"M04S09_AMB_Civilian_AboutHospital_Loca1","M04S09_AMB_Civilian_AboutHospital_Loca1",""
"M04S09_AMB_Civilian_AboutHospital_Loca3","Been waiting for hours...","Чекаємо вже годинами..."
"M04S09_AMB_Civilian_AboutHospital_Loca4","This is unacceptable.","Це неприпустимо."
"M04S09_AMB_Civilian_AloneAtTheWindow_Loca1","M04S09_AMB_Civilian_AloneAtTheWindow_Loca1",""
"M04S09_AMB_Civilian_AloneAtTheWindow_Loca2","It's a quiet little town.","Це тихе маленьке містечко."
"M04S09_AMB_Civilian_AloneAtTheWindow_Loca3","Days go by, steady as ever...","Дні проходять, стабільно як завжди..."
"M04S09_AMB_Civilian_AloneAtTheWindow_Loca4","I wanted more for myself but…","Я хотів більшого для себе, але…"
"M04S09_AMB_Civilian_Lover_Loca1","M04S09_AMB_Civilian_Lover_Loca1",""
"M04S09_AMB_Civilian_Lover_Loca2","Where did my fiancee go?","Куди пішла моя наречена?"
"M04S09_AMB_Civilian_Lover_Loca3","I hope those nutcases will stop burdening her with work...","Сподіваюся, ці божевільні перестануть навантажувати її роботою..."
"M04S09_AMB_Donovan_Loca1","M04S09_AMB_Donovan_Loca1",""
"M04S09_AMB_Donovan_Loca2","I have little time for you, doctor. You'll find out that it's not only the doctors who have things to do.","У мене мало часу для вас, докторе. Ви дізнаєтеся, що не лише лікарі мають справи."
"M04S09_AMB_Fuller_WhispersToFitzroy_Loca1","M04S09_AMB_Fuller_WhispersToFitzroy_Loca1",""
"M04S09_AMB_Fuller_WhispersToFitzroy_Loca2","Let me handle this, we'll discuss this later.","Дозвольте мені розібратися з цим, ми обговоримо це пізніше."
"M04S09_AMB_Generic_SpeakAtCivil_01_Loca1","M04S09_AMB_Generic_SpeakAtCivil_01_Loca1",""
"M04S09_AMB_Generic_SpeakAtCivil_01_Loca2","I don't get why they have us waiting so long...","Я не розумію, чому ми так довго чекаємо..."
"M04S09_AMB_Generic_SpeakAtCivil_01_Loca3","Almost no patients here.","Тут майже немає пацієнтів."
"M04S09_AMB_InsomniacGuy_Loca1","M04S09_AMB_InsomniacGuy_Loca1",""
"M04S09_AMB_InsomniacGuy_Loca2","No ! No ! The eye gazes upon me ! It's huge !","Ні ! Ні ! Око дивиться на мене ! Воно величезне !"
"M04S09_AMB_Janitor_Loca1","M04S09_AMB_Janitor_Loca1",""
"M04S09_AMB_Janitor_Loca3","M04S09_AMB_Janitor_Loca3",""
"M04S09_AMB_Janitor_Loca2","Watch out for the water, doctor!","Обережно з водою, докторе!"
"M04S09_AMB_Janitor_Loca5","M04S09_AMB_Janitor_Loca5",""
"M04S09_AMB_Janitor_Loca7","Don't go falling over... That would be stupid!","Не падай туди... Це було б нерозумно!"
"M04S09_AMB_JavotteEtAnastasie_Loca1","M04S09_AMB_JavotteEtAnastasie_Loca1",""
"M04S09_AMB_JavotteEtAnastasie_Loca6","No, you're pulling my leg!","Ні, ти мене розігруєш!"
"M04S09_AMB_JavotteEtAnastasie_Loca7","I'm not joking: I saw the schedules. She's alone in the bathroom again!","Я не жартую: я бачив розклад. Вона знову одна в туалеті!"
"M04S09_AMB_JavotteEtAnastasie_Loca15","And she still says nothing to that old witch, Donovan?","І вона досі нічого не говорить цій старій відьмі, Доноване?"
"M04S09_AMB_JavotteEtAnastasie_Loca10","Oh, listen to the way you talk! You naughty girl!","О, послухай, як ти говориш! Ти неслухняна дівчинка!"
"M04S09_AMB_JavotteEtAnastasie_Loca12","*laughs*","*сміється*"
"M04S09_AMB_JavotteEtAnastasie_Loca16","And the answer is no. You can imagine that she doesn't dare say a thing. That silly goose lets herself be trodden on.","І відповідь - ні. Ви можете собі уявити, що вона не наважується нічого сказати. Ця дурна гуска дозволяє себе топтати."
"M04S09_AMB_JavotteEtAnastasie_Loca17","Oh well, at least we won't have to clean for a while.","Ну що ж, принаймні, нам не доведеться прибирати деякий час."
"M04S09_AMB_JavotteEtAnastasie_Loca18","And just wait and see the next time the water's cut off! It's a real show!","А ви тільки почекайте наступного разу, коли воду відключать! Це справжнє шоу!"
"M04S09_AMB_Nurse_CrazyKeeper_Loca1","M04S09_AMB_Nurse_CrazyKeeper_Loca1",""
"M04S09_AMB_Nurse_CrazyKeeper_Loca2","Dr. Colden, here you are at last!","Докторе Колден, ось ви нарешті!"
"M04S09_AMB_Nurse_CrazyKeeper_Loca5","This patient was again brought up to the psychiatric wing.","Цього пацієнта знову перевели до психіатричного відділення."
"M04S09_AMB_Nurse_CrazyKeeper_Loca3","We've been following the treatment you prescribed, but the dysgeusia persists and he's lost a great deal of weight.","Ми дотримувалися лікування, яке ви призначили, але дисгевзія триває, і він втратив багато ваги."
"M04S09_AMB_Nurse_CrazyKeeper_Loca4","We haven't been able to move him, the stress makes him hyperallergic.","Ми не змогли його перемістити, стрес робить його гіпералергічним."
"M04S09_AMB_Nurse_StorageRoom_Loca1","M04S09_AMB_Nurse_StorageRoom_Loca1",""
"M04S09_AMB_Nurse_StorageRoom_Loca6","M04S09_AMB_Nurse_StorageRoom_Loca6",""
"M04S09_AMB_Nurse_StorageRoom_Loca3","Sorry, but nobody can take anything until I've finished the inventory.","Вибачте, але ніхто не може нічого взяти, поки я не закінчу інвентаризацію."
"M04S09_AMB_Nurse_StorageRoom_Loca7","M04S09_AMB_Nurse_StorageRoom_Loca7",""
"M04S09_AMB_Nurse_StorageRoom_Loca5","I said... Oh! Dr. Colden. I won't be long.","Я сказав... О! Докторе Колден. Я не затримаю вас надовго."
"M04S09_AMB_Nurse_StorageRoom_Loca10","M04S09_AMB_Nurse_StorageRoom_Loca10",""
"M04S09_AMB_Nurse_StorageRoom_Loca11","Please. The fewer interruptions there are, the faster I'll be finished.","Будь ласка. Чим менше буде перерв, тим швидше я закінчу."
"M04S09_AMB_Nurse3_Corridor_Loca1","M04S09_AMB_Nurse3_Corridor_Loca1",""
"M04S09_AMB_Nurse3_Corridor_Loca2","Dr. Colden.","Докторе Колден."
"M04S09_AMB_NurseAdministration_1stPatrol_01_Loca1","M04S09_AMB_NurseAdministration_1stPatrol_01_Loca1",""
"M04S09_AMB_NurseAdministration_1stPatrol_01_Loca2","Let's look at these order forms...","Давайте подивимося на ці форми замовлень..."
"M04S09_AMB_NurseAdministration_1stPatrol_01_Loca3","More sleeping pills? How many? No, no and no. There's enough to send the whole island to Dreamland.","Більше снодійних? Скільки? Ні, ні й ні. Їх достатньо, щоб відправити весь острів у Дрімленд."
"M04S09_AMB_NurseAdministration_1stPatrol_02_Loca1","M04S09_AMB_NurseAdministration_1stPatrol_02_Loca1",""
"M04S09_AMB_NurseAdministration_1stPatrol_02_Loca2","His mother? That would be the day!","Його мати? Ось це буде день!"
"M04S09_AMB_NurseAdministration_1stPatrol_02_Loca3","I'm gonna have to bother Dr. Fuller with these matters.","Мені доведеться потурбувати доктора Фуллера з цими справами."
"M04S09_AMB_NurseAdministration_1stPatrol_02_Loca6","I wouldn't want to put his reputation at risk just for the sake of preserving his peace of mind.","Я б не хотів ставити під загрозу його репутацію лише заради збереження його душевного спокою."
"M04S09_AMB_NurseChiefAndNursePharmacy_Loca1","M04S09_AMB_NurseChiefAndNursePharmacy_Loca1",""
"M04S09_AMB_NurseChiefAndNursePharmacy_Loca2","Dr. Fuller would like make another order.","Доктор Фуллер хотів би зробити ще одне замовлення."
"M04S09_AMB_NurseChiefAndNursePharmacy_Loca3","Again? This new treatment must do wonders.","Знову? Цей новий метод, напевно, творить дива."
"M04S09_AMB_NurseReception_Loca1","M04S09_AMB_NurseReception_Loca1",""
"M04S09_AMB_NurseReception_Loca3","M04S09_AMB_NurseReception_Loca3",""
"M04S09_AMB_NurseReception_Loca2","Dr. Colden.","Докторе Колден."
"M04S09_AMB_NurseReception_Loca5","M04S09_AMB_NurseReception_Loca5",""
"M04S09_AMB_NurseReception_Loca6","Do you want something?","Вам щось потрібно?"
"M04S09_AMB_NurseReception_Loca7","M04S09_AMB_NurseReception_Loca7",""
"M04S09_AMB_NurseReception_Loca8","I think that you're needed in block B, doctor.","Я думаю, що ви потрібні в блоці Б, докторе."
"M04S09_AMB_NurseReception_Loca9","M04S09_AMB_NurseReception_Loca9",""
"M04S09_AMB_NurseReception_Loca10","Please. I'll be in trouble with Mrs Donovan if I'm late.","Будь ласка. Я потраплю в неприємності з місіс Донован, якщо запізнюся."
"M04S09_AMB_Opportunity01_NurseBathroomIntro_Loca1","M04S09_AMB_Opportunity01_NurseBathroomIntro_Loca1",""
"M04S09_AMB_Opportunity01_NurseBathroomIntro_Loca2","Everybody says it. She's a witch! A old hag! I didn't make this up.","Всі так кажуть. Вона відьма! Стара карга! Я цього не вигадував."
"M04S09_AMB_Opportunity01_NurseBathroomIntro_Loca3","And I'm the one who pays... What a pest!","А я той, хто платить... Яка неприємність!"
"M04S09_AMB_Opportunity01_NurseBathroomIntro_2_Loca1","M04S09_AMB_Opportunity01_NurseBathroomIntro_2_Loca1",""
"M04S09_AMB_Opportunity01_NurseBathroomIntro_2_Loca2","It’s so unfair!","Це так несправедливо!"
"M04S09_AMB_Patient3_Suffering_Loca1","M04S09_AMB_Patient3_Suffering_Loca1",""
"M04S09_AMB_Patient3_Suffering_Loca2","Doctor... please... my chest...","Докторе... будь ласка... моє горло..."
"M04S09_AMB_R1_Cylinder_Blood_Loca1","M04S09_AMB_R1_Cylinder_Blood_Loca1",""
"M04S09_AMB_R1_Cylinder_Blood_Loca2","At first, I presumed that her blood was the key.","Спочатку я припустив, що її кров була ключем."
"M04S09_AMB_R1_Cylinder_Blood_Loca3","But I found nothing to explain Mrs Hawkins' abilities.","Але я не знайшов нічого, що б пояснювало здібності місіс Гокінс."
"M04S09_AMB_R1_Cylinder_FullerConflict_Loca1","M04S09_AMB_R1_Cylinder_FullerConflict_Loca1",""
"M04S09_AMB_R1_Cylinder_FullerConflict_Loca2","Then, James came, irate that Charles was keeping secrets from him.","Тоді прийшов Джеймс, розлючений тим, що Чарльз тримає від нього секрети."
"M04S09_AMB_R1_Cylinder_FullerConflict_Loca3","I presume that he will try to break into the basement sooner or later.","Я припускаю, що він рано чи пізно спробує вдертися в підвал."
"M04S09_AMB_R1_Cylinder_FullerConflict_Loca4","I am prepared.","Я готовий."
"M04S09_AMB_R1_Cylinder_SarahAsylum_Loca1","M04S09_AMB_R1_Cylinder_SarahAsylum_Loca1",""
"M04S09_AMB_R1_Cylinder_SarahAsylum_Loca2","It is fortunate that I had the presence of mind to set the morgue in the basement.","Добре, що я мав присутність духу, щоб облаштувати морг у підвалі."
"M04S09_AMB_R1_Cylinder_SarahAsylum_Loca3","When all the fuss about the Hawkins incident finally comes to an end, I will dispose of her belongings.","Коли вся метушня навколо інциденту з Гокінс нарешті вщухне, я позбудуся її речей."
"M04S09_AMB_R1_Cylinder_SarahAsylum_Loca4","In the mean-time, they must remain hidden in plain sight.","Тим часом вони повинні залишатися прихованими на виду."
"M04S09_AMB_R1_Cylinder_SarahInterview_Loca1","M04S09_AMB_R1_Cylinder_SarahInterview_Loca1",""
"M04S09_AMB_R1_Cylinder_SarahInterview_Loca2","Conclusions, session number17. Patient: Sarah Hawkins.","Висновки, сесія номер 17. Пацієнт: Сара Гокінс."
"M04S09_AMB_R1_Cylinder_SarahInterview_Loca3","The patient appears to have finally accepted the illusory nature of what she calls ""The Mythos"".","Пацієнт, здається, нарешті прийняла ілюзорну природу того, що вона називає ""Міфосом""."
"M04S09_AMB_R1_Cylinder_SarahInterview_Loca4","It goes without saying that these peculiar delusions are the price that comes with her exceptionnal gifts.","Не потрібно й казати, що ці дивні делюзії є ціною, яку вона платить за свої виняткові здібності."
"M04S09_INT_Bradley_Loca1","M04S09_INT_Bradley_Loca1",""
"M04S09_INT_Bradley_Loca66","M04S09_INT_Bradley_Loca66",""
"M04S09_INT_Bradley_Loca67","Is everything alright, Ethan?","Все гаразд, Ітане?"
"M04S09_INT_Bradley_Loca68","Yes, I just... I know I should go.","Так, я просто... Я знаю, що мені слід йти."
"M04S09_INT_Bradley_Loca69","I will work until late.","Я буду працювати до пізна."
"M04S09_INT_Bradley_Loca70","Oh. Alright.","О, гаразд."
"M04S09_INT_Bradley_Loca2","Ethan!","Ітан!"
"M04S09_INT_Bradley_Loca3","Marie, I…","Марі, я..."
"M04S09_INT_Bradley_Loca4","What are you doing here?","Що ти тут робиш?"
"M04S09_INT_Bradley_Loca5","I am waiting for my medication, of course. Why?","Я чекаю на свої ліки, звісно що. Що таке?"
"M04S09_INT_Bradley_Loca6","M04S09_INT_Bradley_Loca6",""
"M04S09_INT_Bradley_Loca7","I will prescribe you something.","Я випишу тобі щось."
"M04S09_INT_Bradley_Loca11","Tell me your symptoms.","Скажи мені про свої симптоми."
"M04S09_INT_Bradley_Loca18","I have headaches, and I can’t sleep.","У мене головні болі, і я не можу спати."
"M04S09_INT_Bradley_Loca19","Do you suffer from insomnia?","Ти страждаєш від безсоння?"
"M04S09_INT_Bradley_Loca20","No. Look. I don’t want you to laugh at me.","Ні. Дивись. Я не хочу, щоб ти сміялася з мене."
"M04S09_INT_Bradley_Loca21","Ethan, if you don’t trust me, then who?","Ітане, якщо ти мені не довіряєш, то кому?"
"M04S09_INT_Bradley_Loca22","M04S09_INT_Bradley_Loca22",""
"M04S09_INT_Bradley_Loca12","Why didn’t you come to me instead?","Чому ти не прийшов до мене?"
"M04S09_INT_Bradley_Loca13","I thought we trusted each other.","Я думала, ми довіряємо один одному."
"M04S09_INT_Bradley_Loca24","Really, Marie?","Справді, Марі?"
"M04S09_INT_Bradley_Loca25","Can you swear to me that you are not intending something rekless?","Ти можеш поклястися мені, що не маєш наміру на щось безрозсудне?"
"M04S09_INT_Bradley_Loca26","That’s exactly because I respect you that I won’t lie to you.","Саме тому, що я поважаю тебе, я не буду брехати тобі."
"M04S09_INT_Bradley_Loca27","Something I should know?","Щось, що я повинна знати?"
"M04S09_INT_Bradley_Loca28","You better tell me about your symptoms.","Тобі краще розповісти мені про свої симптоми."
"M04S09_INT_Bradley_Loca29","M04S09_INT_Bradley_Loca29",""
"M04S09_INT_Bradley_Loca14","We already talked about that.","Ми вже говорили про це."
"M04S09_INT_Bradley_Loca15","You know you can’t trust Fuller!","Ти знаєш, що не можеш довіряти Фуллеру!"
"M04S09_INT_Bradley_Loca30","I know. But he isn’t the only doctor, here.","Я знаю. Але він не єдиний лікар тут."
"M04S09_INT_Bradley_Loca31","Yes, but since he treated your injuries he is your referring doctor now.","Так, але оскільки він лікував твої травми, він тепер твій лікар-направник."
"M04S09_INT_Bradley_Loca32","You’re right. I shouldn’t take the risk.","Ти права. Я не повинен ризикувати."
"M04S09_INT_Bradley_Loca33","Nothing would be prescribed to you that hasn’t been approved by him.","Тобі не випишуть нічого, що не було б схвалено ним."
"M04S09_INT_Bradley_Loca34","But, I really need a treatment.","Але мені справді потрібне лікування."
"M04S09_INT_Bradley_Loca35","What are you suffering from?","Від чого ти страждаєш?"
"M04S09_INT_Bradley_Loca36","M04S09_INT_Bradley_Loca36",""
"M04S09_INT_Bradley_Loca16","You’re a bad liar.","Ти поганий брехун."
"M04S09_INT_Bradley_Loca17","You’re not here for a treatment, right?","Ти тут не для лікування, так?"
"M04S09_INT_Bradley_Loca37","Am I so obvious?","Я такий передбачуваний?"
"M04S09_INT_Bradley_Loca38","Only to me. I know you worry about me.","Тільки мені. Я знаю, ти переживаєш за мене."
"M04S09_INT_Bradley_Loca39","I do trust you. I’m happy to see you.","Я довіряю тобі. Мені приємно тебе бачити."
"M04S09_INT_Bradley_Loca40","Me too, Ethan. Is that all?","Мені також, Ітане. Це все?"
"M04S09_INT_Bradley_Loca41","Well, there might be something else. I’m not sure...","Ну, можливо, є ще щось. Я не впевнений..."
"M04S09_INT_Bradley_Loca42","Tell me.","Розкажи мені."
"M04S09_INT_Bradley_Loca43","M04S09_INT_Bradley_Loca43",""
"M04S09_INT_Bradley_Loca44","I have nightmares. They keep me awake, every night.","У мене кошмари. Вони не дають мені спати щоночі."
"M04S09_INT_Bradley_Loca45","It seems stupid, I know, but they are terrible.","Це здається дурним, я знаю, але вони жахливі."
"M04S09_INT_Bradley_Loca46","Actually, you’re not the only one.","Насправді, ти не єдиний такий."
"M04S09_INT_Bradley_Loca47","No. No one has ever seen the things I see.","Ні. Ніхто ніколи не бачив те, що бачу я."
"M04S09_INT_Bradley_Loca48","It’s like I’m turning mad!","Це ніби я сходжу з розуму!"
"M04S09_INT_Bradley_Loca49","M04S09_INT_Bradley_Loca49",""
"M04S09_INT_Bradley_Loca50","You’re just tired.","Ти просто втомився."
"M04S09_INT_Bradley_Loca53","With everything that happened to you these last days, it’s no wonder you’re feeling stressed.","З огляду на все, що з тобою сталося в ці останні дні, не дивно, що ти відчуваєш стрес."
"M04S09_INT_Bradley_Loca55","Maybe.","Можливо."
"M04S09_INT_Bradley_Loca56","M04S09_INT_Bradley_Loca56",""
"M04S09_INT_Bradley_Loca51","It seems like an affliction.","Це здається недугою."
"M04S09_INT_Bradley_Loca54","So many people have this affliction.","Так багато людей мають цю недугу."
"M04S09_INT_Bradley_Loca57","It’s like an epidemic.","Це схоже на епідемію."
"M04S09_INT_Bradley_Loca58","Do you think it might be related to Fuller's work?","Як ти думаєш, це може бути пов'язано з роботою Фуллера?"
"M04S09_INT_Bradley_Loca59","I don’t know yet. But I will figure all this out.","Я ще не знаю. Але я розберуся з усім цим."
"M04S09_INT_Bradley_Loca60","M04S09_INT_Bradley_Loca60",""
"M04S09_INT_Bradley_Loca52","Everyone on Darkwater is suffering from nightmares.","Всі на Дарквотері страждають від кошмарів."
"M04S09_INT_Bradley_Loca61","Really?","Справді?"
"M04S09_INT_Bradley_Loca62","We don’t have any medication left.","У нас більше не залишилось ліків."
"M04S09_INT_Bradley_Loca63","Oh. No excuse, then. I should let you work.","О, тоді немає виправдання. Я повинен залишити тебе працювати."
"M04S09_INT_Bradley_Loca64","Take care, Ethan.","Бережи себе, Ітане."
"M04S09_INT_Bradley_Loca65","You too, Marie.","Ти також, Марі."
"M04S09_INT_CerberusNurse_Loca1","M04S09_INT_CerberusNurse_Loca1",""
"M04S09_INT_CerberusNurse_Loca13","Dr. Colden.","Докторе Колден."
"M04S09_INT_CerberusNurse_Loca8","Mrs Donovan.","Місіс Донован."
"M04S09_INT_CerberusNurse_Loca6","Nobody goes into Dr. Fuller's office.","Ніхто не заходить в кабінет доктора Фуллера."
"M04S09_INT_CerberusNurse_Loca10","But rest assured. I'll tell him you came by.","Але можеш бути впевненим. Я скажу йому, що ти заходив."
"M04S09_INT_CerberusNurse_Loca11","That won't be necessary, thank you.","Це не буде необхідністю, дякую."
"M04S09_INT_CerberusNurse_Loca12","I will tell him nonetheless.","Я все ж скажу йому."
"M04S09_INT_ChangeDrip_Loca1","M04S09_INT_ChangeDrip_Loca1",""
"M04S09_INT_ChangeDrip_Loca3","Nurse? Deborah! Come and help me, please!","Медсестро? Дебора! Прийди і допоможи мені, будь ласка!"
"M04S09_INT_ChangeDrip_Loca4","This patient requires a new perfusion.","Цьому пацієнту потрібна нова перфузія."
"M04S09_INT_ChangeDrip_Loca8","His potassium level is too high. Replace it with 2% glucose solution, with insuline, calcium and sodium bicarbonate.","Його рівень калію занадто високий. Заміни його на 2% розчину глюкози з інсуліном, кальцієм і натрію бікарбонатом."
"M04S09_INT_ChangeDrip_Loca6","I'll tend to it right away.","Я займусь цим негайно."
"M04S09_INT_ChangeDrip_Loca10","What should I give him?","Що мені йому дати?"
"M04S09_INT_ChangeDrip_Loca7","Augment the glucose and magnesium.","Збільшити глюкозу та магній."
"M04S09_INT_ChangeDrip_Loca9","Thank you, he's in your hands.","Дякую, він у ваших руках."
"M04S09_INT_Civilian_AboutHospital_Loca1","M04S09_INT_Civilian_AboutHospital_Loca1",""
"M04S09_INT_Civilian_AboutHospital_Loca165","M04S09_INT_Civilian_AboutHospital_Loca165",""
"M04S09_INT_Civilian_AboutHospital_Loca166","Thank you again, doctor.","Дякую ще раз, докторко."
"M04S09_INT_Civilian_AboutHospital_Loca117","M04S09_INT_Civilian_AboutHospital_Loca117",""
"M04S09_INT_Civilian_AboutHospital_Loca10","Gentlemen. May I help you?","Джентльмени. Чим я можу вам допомогти?"
"M04S09_INT_Civilian_AboutHospital_Loca68","We're waiting on news regarding our mother, Maureen Harding.","Ми чекаємо новин щодо нашої матері, Моурін Гардін."
"M04S09_INT_Civilian_AboutHospital_Loca143","She came in with a kidney problem but we haven't heard anything since.","Вона потрапила сюди з проблемою нирок, але ми з тих пір нічого не чули."
"M04S09_INT_Civilian_AboutHospital_Loca145","M04S09_INT_Civilian_AboutHospital_Loca145",""
"M04S09_INT_Civilian_AboutHospital_Loca120","M04S09_INT_Civilian_AboutHospital_Loca120",""
"M04S09_INT_Civilian_AboutHospital_Loca147","M04S09_INT_Civilian_AboutHospital_Loca147",""
"M04S09_INT_Civilian_AboutHospital_Loca144","I am sorry. Dr. Fuller is a very busy man.","Мені шкода. Доктор Фуллер дуже зайнята людина."
"M04S09_INT_Civilian_AboutHospital_Loca149","Well is there anyone else who can tell us what’s going on?","Ну, чи є хтось інший, хто може розповісти нам, що відбувається?"
"M04S09_INT_Civilian_AboutHospital_Loca150","She's our only family, you know. And we can't even see her medical file.","Вона наша єдина сім'я. І ми навіть не можемо побачити її медичну картку."
"M04S09_INT_Civilian_AboutHospital_Loca151","M04S09_INT_Civilian_AboutHospital_Loca151",""
"M04S09_INT_Civilian_AboutHospital_Loca119","M04S09_INT_Civilian_AboutHospital_Loca119",""
"M04S09_INT_Civilian_AboutHospital_Loca132","So, doctor? Have you been able to examine our mother?","Отже, докторко? Вам вдалося оглянути нашу матір?"
"M04S09_INT_Civilian_AboutHospital_Loca167","M04S09_INT_Civilian_AboutHospital_Loca167",""
"M04S09_INT_Civilian_AboutHospital_Loca122","M04S09_INT_Civilian_AboutHospital_Loca122",""
"M04S09_INT_Civilian_AboutHospital_Loca123","I saw her. She is fine.","Я її бачила. Вона в порядку."
"M04S09_INT_Civilian_AboutHospital_Loca128","I've tended to her and I have good news.","Я доглядала за нею і маю хороші новини."
"M04S09_INT_Civilian_AboutHospital_Loca129","Her blood analysis is reassuring. Her kidneys are as new!","Аналіз її крові обнадійливий. Її нирки як нові!"
"M04S09_INT_Civilian_AboutHospital_Loca163","Are you talking about the same person? This is miraculous!","Ви говорите про ту ж людину? Це чудесно!"
"M04S09_INT_Civilian_AboutHospital_Loca160","She's still recovering, but you may speak to her upon her awakening.","Вона ще відновлюється, але ви можете поговорити з нею, коли вона прокинеться."
"M04S09_INT_Civilian_AboutHospital_Loca161","Oh, thank you so much doctor!","О, дуже дякуємо, докторко!"
"M04S09_INT_Civilian_AboutHospital_Loca130","We'll wait for her to wake up. We've been here since this morning, so it won't make a difference.","Почекаємо, поки вона прокинеться. Ми тут з самого ранку, тож для нас це вже не має значення."
"M04S09_INT_Civilian_AboutHospital_Loca124","I'll examine her myself.","Я огляну її сама."
"M04S09_INT_Civilian_AboutHospital_Loca135","Don't worry, I'm aware our institution is not always welcoming.","Не хвилюйтеся, я знаю, що наша установа не завжди гостинна."
"M04S09_INT_Civilian_AboutHospital_Loca157","But your mother is in good hands.","Але ваша мати в надійних руках."
"M04S09_INT_Civilian_AboutHospital_Loca156","I'll tend to her myself and keep you informed at once, would that suit you?","Я сама доглядатиму за нею і негайно повідомлю вас як щось зміниться, вас влаштовує?"
"M04S09_INT_Civilian_AboutHospital_Loca158","Well that sure sounds great to us, doctor. Thank you.","Ну, це звучить чудово, докторко. Дякуємо."
"M04S09_INT_Civilian_AboutHospital_Loca159","But those are just words, so we're not budging.","Але це лише слова, тому ми нікуди звідси не підемо."
"M04S09_INT_Civilian_AboutHospital_Loca164","Very well. At least I'll know where to find you.","Добре. Принаймні я буду знати, де вас знайти."
"M04S09_INT_Civilian_AboutHospital_Loca133","Remind me of her case?","Нагадайте мені, що з нею?"
"M04S09_INT_Civilian_AboutHospital_Loca153","Pardon me, but could you remind me what her case is?","Вибачте, але чи не нагадаєте мені, що з нею?"
"M04S09_INT_Civilian_AboutHospital_Loca154","M04S09_INT_Civilian_AboutHospital_Loca154",""
"M04S09_INT_Civilian_AboutHospital_Loca141","M04S09_INT_Civilian_AboutHospital_Loca141",""
"M04S09_INT_Civilian_AboutHospital_Loca137","[Leave]","[Піти]"
"M04S09_INT_Civilian_AboutHospital_Loca139","I'm sorry but I don't have time for this right now.","Мені шкода, але зараз у мене немає часу на це."
"M04S09_INT_Civilian_AboutHospital_Loca155","They're taking us for fools...","Вони вважають нас дурнями..."
"M04S09_INT_FullersInterrogatory_Loca1","M04S09_INT_FullersInterrogatory_Loca1",""
"M04S09_INT_FullersInterrogatory_Loca207","Dr. Colden, may I know what you're doing to my patient?","Докторко Колден, можу я дізнатися, що ви робите з моїм пацієнтом?"
"M04S09_INT_FullersInterrogatory_Loca208","What I'm doing? How about what you've done to him?","Що я роблю? А що ви з ним зробили?"
"M04S09_INT_FullersInterrogatory_Loca209","Let us calm down, my dear Marie. I don't appreciate your tone, nor your insinuations.","Давайте заспокоїмося, моя дорога Мері. Мені не подобається ваш тон і ваші натяки."
"M04S09_INT_FullersInterrogatory_Loca211","I've done to him what I do to all my patients: provide him with the best available care.","Я зробив з ним те, що роблю з усіма своїми пацієнтами: надаю йому найкращу доступну допомогу."
"M04S09_INT_FullersInterrogatory_Loca212","Your imagination is without limit. It's your homemade drug again, is it not? Those people are not your guinea pigs.","Ваша уява не має меж. Це знову ваші домашні ліки, так? Ці люди не ваші піддослідні кролики."
"M04S09_INT_FullersInterrogatory_Loca213","There, there. What have you seen to put you in such a state?","Ну-ну. Що ви таке побачили, що аж у такий стан себе довели?"
"M04S09_INT_FullersInterrogatory_Loca200","M04S09_INT_FullersInterrogatory_Loca200",""
"M04S09_INT_FullersInterrogatory_Loca201","These symptoms are worrisome.","Ці симптоми викликають занепокоєння"
"M04S09_INT_FullersInterrogatory_Loca220","These are alarming symptoms. If we don't act, he'll die.","Це тривожні симптоми. Якщо ми не вживемо заходів, він помре."
"M04S09_INT_FullersInterrogatory_Loca232","Do you believe that? I'm not as convinced, you see.","Ви в це вірите? Я не так переконаний, бачите."
"M04S09_INT_FullersInterrogatory_Loca233","I even think this man has a strong chance of completely healing from his ailments!","Я навіть думаю, що цей чоловік має великі шанси повністю вилікуватися від своїх недуг!"
"M04S09_INT_FullersInterrogatory_Loca234","No, Doctor. This patient isn't himself anymore. He's dying!","Ні, докторе. Цей пацієнт більше не є самим собою. Він помирає!"
"M04S09_INT_FullersInterrogatory_Loca236","Really? What do you mean by ''isn't himself''?","Справді? Що ви маєте на увазі під «не є самим собою»?"
"M04S09_INT_FullersInterrogatory_Loca237","He's changing. His physical characteristics, they are more animal than human now.","Він змінюється. Його фізичні риси... стають більш тваринними, ніж людськими."
"M04S09_INT_FullersInterrogatory_Loca231","M04S09_INT_FullersInterrogatory_Loca231",""
"M04S09_INT_FullersInterrogatory_Loca202","I've never seen anything like this.","Я ніколи не бачила нічого подібного."
"M04S09_INT_FullersInterrogatory_Loca217","His limbs, his body temperature...","Його кінцівки, температура тіла..."
"M04S09_INT_FullersInterrogatory_Loca227","I don't know what experiments you've undertaken, but this is going too far.","Я не знаю, які експерименти ви проводили, але це вже занадто."
"M04S09_INT_FullersInterrogatory_Loca226","Oh. I sense some excitement beneath your indignation.","О, я відчуваю деяке збудження за вашим обуренням."
"M04S09_INT_FullersInterrogatory_Loca228","Could it be you wish to join me in my scientific endeavors?","Можливо, ви хочете приєднатися до мене в моїх наукових починаннях?"
"M04S09_INT_FullersInterrogatory_Loca229","You're a brilliant physician, Dr. Fuller, but this man... This man has the attributes of some kind of animal.","Ви чудовий лікар, докторе Фуллер, але цей чоловік... Цей чоловік стає схожим на якусь тварину."
"M04S09_INT_FullersInterrogatory_Loca230","M04S09_INT_FullersInterrogatory_Loca230",""
"M04S09_INT_FullersInterrogatory_Loca203","You're turning him into a monster!","Ви перетворюєте його на монстра!"
"M04S09_INT_FullersInterrogatory_Loca215","I've seen suction cups on his fingers, his falling body temperature, his dehydration...","Я бачила присоски на його пальцях, знижену температуру його тіла, та зневоднення..."
"M04S09_INT_FullersInterrogatory_Loca221","Had I only read the report, you know what I would have concluded, doctor.","Якби я лише прочитала звіт, ви ж знаєте, до якого висновку я б дійшла, докторе."
"M04S09_INT_FullersInterrogatory_Loca222","Do I? Tell me anyway, I'm curious.","Та невже? Все одно скажіть — цікаво ж."
"M04S09_INT_FullersInterrogatory_Loca223","He’s no longer human. These are the attributes of...an animal!","Він більше не людина. Це ознаки... тварини!"
"M04S09_INT_FullersInterrogatory_Loca224","M04S09_INT_FullersInterrogatory_Loca224",""
"M04S09_INT_FullersInterrogatory_Loca238","Fascinating! An animal, you say? Could you be more precise? Cephalopod, perhaps?","Цікаво! Тварина, кажете? Точніше можна? Головоногий молюск, можливо?"
"M04S09_INT_FullersInterrogatory_Loca239","This amuses you.","Вам здається це смішним."
"M04S09_INT_FullersInterrogatory_Loca245","You reaction does. I know your thirst for knowledge, doctor.","Ваша реакція — так. Я знаю вашу жагу до знань, докторко."
"M04S09_INT_FullersInterrogatory_Loca248","It's your innocent worries for this man that have you overreacting.","Це ваші невинні переживання за цього чоловіка змушують вас так реагувати."
"M04S09_INT_FullersInterrogatory_Loca247","For this man, and the others whose medical files you've been hiding!","За цього чоловіка і за інших, чиї медичні картки ви приховуєте!"
"M04S09_INT_FullersInterrogatory_Loca240","I have to protect my discovery. These people owe me their life, but the world isn't ready yet. It will be, in time.","Я маю захистити своє відкриття. Ці люди зобов’язані мені своїм життям, але світ ще не готовий. Та на все свій час."
"M04S09_INT_FullersInterrogatory_Loca241","I will not let you do this.","Я не дозволю вам це зробити."
"M04S09_INT_FullersInterrogatory_Loca242","You disappoint me, Marie. But I still have hope you'll one day share my point of view.","Ви мене розчаровуєте, Мері. Але я все ще сподіваюся, що одного дня ви поділятимете мою точку зору."
"M04S09_INT_FullersInterrogatory_Loca246","In the mean time, take care of your own patients, and try not to forget who you're dealing with.","А поки що, доглядайте за своїми пацієнтами і намагайтеся не забувати, з ким маєте справу."
"M04S09_INT_FullerThreatColden_Loca1","M04S09_INT_FullerThreatColden_Loca1",""
"M04S09_INT_FullerThreatColden_Loca2","Ah, now that's the Marie that I know!","А, ось і та Мері, яку я знаю!"
"M04S09_INT_FullerThreatColden_Loca3","I knew I could count on your scientific curiosity.","Я знав, що можу розраховувати на твою наукову цікавість."
"M04S09_INT_FullerThreatColden_Loca4","It's time to show you what you were so eager to discover.","Час показати тобі те, що ти так прагнула дізнатися."
"M04S09_INT_HurtDocker_Loca1","M04S09_INT_HurtDocker_Loca1",""
"M04S09_INT_HurtDocker_Loca22","M04S09_INT_HurtDocker_Loca22",""
"M04S09_INT_HurtDocker_Loca25","I'll just sleep a bit more.","Я просто трохи посплю."
"M04S09_INT_HurtDocker_Loca12","M04S09_INT_HurtDocker_Loca12",""
"M04S09_INT_HurtDocker_Loca14","Aah... The whaling station...","Аах... Китобійна станція..."
"M04S09_INT_HurtDocker_Loca47","What's wrong with me?","Що зі мною?"
"M04S09_INT_HurtDocker_Loca44","What are you talking about?","Про що ти говориш?"
"M04S09_INT_HurtDocker_Loca73","Ah... Doctor, that you?","А... Докторко, це ти?"
"M04S09_INT_HurtDocker_Loca105","Yes, it's Dr. Colden. Tell me what happened.","Так, це докторка Колден. Розкажи мені, що сталося."
"M04S09_INT_HurtDocker_Loca80","It's the old whaling station... see?","Це через ту стару китобійну станцію... бачиш?"
"M04S09_INT_HurtDocker_Loca106","M04S09_INT_HurtDocker_Loca106",""
"M04S09_INT_HurtDocker_Loca107","The bootleggers?","Бутлеґери?"
"M04S09_INT_HurtDocker_Loca94","The one that hides the smuggling business?","Там де ховаються котрабандисти?"
"M04S09_INT_HurtDocker_Loca97","Oh, no. Not them... They don't go on that side of the island.","Та, ні. Не вони... Вони не ходять на ту сторону острова."
"M04S09_INT_HurtDocker_Loca99","Everyone in his place... The captain on one side, Cat on the other.","Кожен на своєму місці... Капітан з одного боку, Кіт з іншого."
"M04S09_INT_HurtDocker_Loca87","And me... Well, I've been to the whaling station, I have.","А я... Ну, я був на китобійній станції, так, був."
"M04S09_INT_HurtDocker_Loca110","M04S09_INT_HurtDocker_Loca110",""
"M04S09_INT_HurtDocker_Loca108","What happened there?","Що там сталося?"
"M04S09_INT_HurtDocker_Loca88","What did you see there?","Що ти там бачив?"
"M04S09_INT_HurtDocker_Loca89","Nothin'. Nothin' at all. The floor was all rotten and I fell straight through.","Нічого. Абсолютно нічого. Підлога була вся гнила, і я провалився прямо крізь неї."
"M04S09_INT_HurtDocker_Loca90","And that's how you broke your back.","То ось як ти пошкодив спину."
"M04S09_INT_HurtDocker_Loca91","Perhaps. No idea. Passed out.","Можливо. Хто його зна... Я знепритомнів."
"M04S09_INT_HurtDocker_Loca109","You tell me about it another time...","Розкажеш мені про це якось іншим разом..."
"M04S09_INT_HurtDocker_Loca111","You must rest. You are still under sedatives.","Тобі треба відпочити. Ти ще під седативними препаратами."
"M04S09_INT_HurtDocker_Loca112","You're right, doctor. I'll... I'll rest.","Ти права, докторко. Я... Я відпочину."
"M04S09_INT_KeyCerberus_Loca1","M04S09_INT_KeyCerberus_Loca1",""
"M04S09_INT_KeyCerberus_Loca4","M04S09_INT_KeyCerberus_Loca4",""
"M04S09_INT_KeyCerberus_Loca5","Mrs Colden ?","Пані Колден?"
"M04S09_INT_KeyCerberus_Loca3","That key belongs to me.","Цей ключ належить мені."
"M04S09_INT_KeyCerberus_Loca6","M04S09_INT_KeyCerberus_Loca6",""
"M04S09_INT_KeyCerberus_Loca8","Mrs Colden!","Пані Колден!"
"M04S09_INT_KeyCerberus_Loca9","I'd appreciate it if you didn't touch my belongings.","Я була б вдячна, якби ви не чіпали мої речі."
"M04S09_INT_KeyCerberus_Loca10","M04S09_INT_KeyCerberus_Loca10",""
"M04S09_INT_KeyCerberus_Loca11","Leave that key alone!","Залиш цей ключ у спокої!"
"M04S09_INT_Nurse_AboutDyingPatient_Loca1","M04S09_INT_Nurse_AboutDyingPatient_Loca1",""
"M04S09_INT_Nurse_AboutDyingPatient_Loca4","Dr. Colden, this man's condition is deteriorating!","Докторко Колден, стан цього чоловіка погіршується!"
"M04S09_INT_Nurse_AboutDyingPatient_Loca51","What says Dr. Fuller? It's his patient, after all.","Що каже доктор Фуллер? Це ж його пацієнт, врешті-решт."
"M04S09_INT_Nurse_AboutDyingPatient_Loca8","He's busy with Captain Fitzroy. He specifically asked us not to bother him when that's the case.","Він зайнятий капітаном Фіцроєм. Він спеціально просив нас не турбувати його в таких випадках."
"M04S09_INT_Nurse_AboutDyingPatient_Loca10","Of course... I'll see what I can do.","Звісно... Я подивлюся, що можу зробити."
"M04S09_INT_Nurse_AboutDyingPatient_Loca52","Mr. Blake? Can you hear me? I'm Dr. Colden. We'll take care of you.","Містер Блейк? Ви мене чуєте? Я докторка Колден. Ми про вас подбаємо."
"M04S09_INT_Nurse_AboutDyingPatient_Loca11","There's nothing we can do. I tried talking to him, he's catatonic.","Ми нічим не можемо допомогти. Я намагалася з ним говорити — він у кататонії."
"M04S09_INT_Nurse_AboutDyingPatient_Loca12","M04S09_INT_Nurse_AboutDyingPatient_Loca12",""
"M04S09_INT_Nurse_AboutDyingPatient_Loca13","[Examine the patient]","[Оглянути пацієнта]"
"M04S09_INT_Nurse_AboutDyingPatient_Loca14","Very well. I'll examine him.","Добре. Я його огляну."
"M04S09_INT_Nurse_AboutDyingPatient_Loca15","Has he been drugged?","Його чимось накачали?"
"M04S09_INT_Nurse_AboutDyingPatient_Loca16","Did you inject him with a tranquilizer?","Ти йому вколола заспокійливе?"
"M04S09_INT_Nurse_AboutDyingPatient_Loca17","No, doctor. Not me, not anyone... Our stock is empty yet again.","Ні, докторко. Не я, ніхто... Наші запаси знову закінчилися."
"M04S09_INT_Nurse_AboutDyingPatient_Loca33","Again? But there was enough for the whole island!","Знову? Але ж мало вистачити на весь острів!"
"M04S09_INT_Nurse_AboutDyingPatient_Loca36","More and more people are suffering from insomnia. We can't refuse to help.","Все більше людей страждають від безсоння. Ми не можемо відмовити їм у допомозі."
"M04S09_INT_Nurse_AboutDyingPatient_Loca37","Of course.","Звісно."
"M04S09_INT_Nurse_AboutDyingPatient_Loca38","Any idea what this man might be undergoing?","Є ідеї, що з ним відбувається?"
"M04S09_INT_Nurse_AboutDyingPatient_Loca18","M04S09_INT_Nurse_AboutDyingPatient_Loca18",""
"M04S09_INT_Nurse_AboutDyingPatient_Loca19","Call Dr. Fuller.","Покличте доктора Фуллера."
"M04S09_INT_Nurse_AboutDyingPatient_Loca21","Dr. Fuller, please!","Будь ласка, тільки не Фуллер!"
"M04S09_INT_Nurse_AboutDyingPatient_Loca34","No, don't!","Ні, не треба!"
"M04S09_INT_Nurse_AboutDyingPatient_Loca39","I know what you fear, but this man is dying.","Я знаю, чого ти боїшся, але цей чоловік помирає."
"M04S09_INT_Nurse_AboutDyingPatient_Loca40","Marie, I'm begging you! He'll hold me accountable if you bother him.","Мері, я тебе благаю! Мені будуть непереливки, якщо ти його потурбуєш."
"M04S09_INT_Nurse_AboutDyingPatient_Loca56","Perhaps you could exam him yourself first. I'll do my best to assist.","Можливо, ти спочатку сама його оглянеш. А я спробую тобі допомагти."
"M04S09_INT_Nurse_AboutDyingPatient_Loca41","M04S09_INT_Nurse_AboutDyingPatient_Loca41",""
"M04S09_INT_Nurse_AboutDyingPatient_Loca22","Regarding the patient...","Щодо пацієнта..."
"M04S09_INT_Nurse_AboutDyingPatient_Loca42","What can you tell me about him?","Що ти можеш мені про нього розповісти?"
"M04S09_INT_Nurse_AboutDyingPatient_Loca80","M04S09_INT_Nurse_AboutDyingPatient_Loca80",""
"M04S09_INT_Nurse_AboutDyingPatient_Loca77","He was highly agitated an hour ago. We were about to tie him down when he fell asleep.","Годину тому він був дуже збуджений. Ми вже збиралися його зв’язати, але він заснув."
"M04S09_INT_Nurse_AboutDyingPatient_Loca66","Ten minutes ago, he curled up into a foetal position.","Десять хвилин тому він згорнувся в позу ембріона."
"M04S09_INT_Nurse_AboutDyingPatient_Loca74","I thought he was waking up, but no...","Я думала, що він прокидається, але ні..."
"M04S09_INT_Nurse_AboutDyingPatient_Loca23","M04S09_INT_Nurse_AboutDyingPatient_Loca23",""
"M04S09_INT_Nurse_AboutDyingPatient_Loca81","M04S09_INT_Nurse_AboutDyingPatient_Loca81",""
"M04S09_INT_Nurse_AboutDyingPatient_Loca72","What do you wish to know?","Що ти хочеш знати?"
"M04S09_INT_Nurse_AboutDyingPatient_Loca83","M04S09_INT_Nurse_AboutDyingPatient_Loca83",""
"M04S09_INT_Nurse_AboutDyingPatient_Loca24","M04S09_INT_Nurse_AboutDyingPatient_Loca24",""
"M04S09_INT_Nurse_AboutDyingPatient_Loca25","I must see his medical file.","Мені потрібно побачити його медичну картку."
"M04S09_INT_Nurse_AboutDyingPatient_Loca26","Show me his file.","Покажи мені його картку."
"M04S09_INT_Nurse_AboutDyingPatient_Loca58","That's not possible.","Це буде проблематично."
"M04S09_INT_Nurse_AboutDyingPatient_Loca59","Don't tell me Dr. Fuller has taken this file as well. We need it!","Не кажи мені, що доктор Фуллер забрав і цю картку. Вона нам потрібна!"
"M04S09_INT_Nurse_AboutDyingPatient_Loca60","That's why I called you. This man's ailment has been hidden from us!","Ось чому я тебе покликала. Цей чоловік хворіє, а ми навіть не знаємо чим!"
"M04S09_INT_Nurse_AboutDyingPatient_Loca73","Come on now...  What was he treated for?","Ну ж бо... Від чого його лікували?"
"M04S09_INT_Nurse_AboutDyingPatient_Loca62","An intoxication, I was told. After inhaling chemicals.","Отруєння, мені сказали. Після вдихання хімікатів."
"M04S09_INT_Nurse_AboutDyingPatient_Loca61","M04S09_INT_Nurse_AboutDyingPatient_Loca61",""
"M04S09_INT_Nurse_AboutDyingPatient_Loca27","Tell me about his symptoms.","Розкажи мені про його симптоми."
"M04S09_INT_Nurse_AboutDyingPatient_Loca28","What are his symptoms?","Які в нього симптоми?"
"M04S09_INT_Nurse_AboutDyingPatient_Loca79","His temperature has been going down, his skin losing its color, his body rigid.","Його температура падає, шкіра втрачає колір, тіло стає жорстким."
"M04S09_INT_Nurse_AboutDyingPatient_Loca69","I closed his eyes myself. They were glassing over.","Я сама йому заплющила очі. Вони ставали скляними."
"M04S09_INT_Nurse_AboutDyingPatient_Loca84","I didn't want them to dry out... and I couldn't bear to look at the expression on his face.","Я не хотіла, щоб вони висихали... і не могла витримати виразу його обличчя."
"M04S09_INT_Nurse_AboutDyingPatient_Loca75","You did well, don't worry. Let's stay professional, if you will.","Ти зробила все, що могла, не хвилюйся. Давай залишатися професіоналами, гаразд?"
"M04S09_INT_Nurse_AboutDyingPatient_Loca71","M04S09_INT_Nurse_AboutDyingPatient_Loca71",""
"M04S09_INT_Nurse_AboutDyingPatient_Loca29","Where is he from?","Звідки він?"
"M04S09_INT_Nurse_AboutDyingPatient_Loca30","I don't recognize him. Did he just arrive on the island?","Я його не впізнаю. Він тільки прибув на острів?"
"M04S09_INT_Nurse_AboutDyingPatient_Loca44","He said he worked on the docks, but not with Captain Fitzroy.","Він сказав, що працював на доках, але не з капітаном Фіцроєм."
"M04S09_INT_Nurse_AboutDyingPatient_Loca46","I think he works for Ms. Baker.","Я думаю, він працює на місіс Бейкер."
"M04S09_INT_Nurse_AboutDyingPatient_Loca45","Who?","Кого?"
"M04S09_INT_Nurse_AboutDyingPatient_Loca47","You know, the woman at the head of their gang. They call her ""Cat"".","Ти знаєш, та жінка, що очолює їхню банду. Вони кличуть її «Кіт»."
"M04S09_INT_Nurse_AboutDyingPatient_Loca48","Oh. I see.","О, зрозуміло."
"M04S09_INT_Nurse_AboutDyingPatient_Loca50","Do you have other questions?","Ще щось цікавить?"
"M04S09_INT_Nurse_AboutDyingPatient_Loca49","M04S09_INT_Nurse_AboutDyingPatient_Loca49",""
"M04S09_INT_Nurse_AboutDyingPatient_Loca31","I know enough.","Я знаю достатньо."
"M04S09_INT_Nurse_AboutDyingPatient_Loca32","That'll do for the time being.","Цього поки що має вистачити."
"M04S09_INT_Nurse_AboutDyingPatient_Loca78","M04S09_INT_Nurse_AboutDyingPatient_Loca78",""
"M04S09_INT_Nurse_CrazyKeeper_Loca1","M04S09_INT_Nurse_CrazyKeeper_Loca1",""
"M04S09_INT_Nurse_CrazyKeeper_Loca2","So, doctor, what should we do with this patient?","Тож, докторко, що нам робити далі з цим пацієнтом?"
"M04S09_INT_Nurse_CrazyKeeper_Loca4","M04S09_INT_Nurse_CrazyKeeper_Loca4",""
"M04S09_INT_Nurse_CrazyKeeper_Loca5","Keep taking care of his wounds.","Продовжуй обробляти його рани."
"M04S09_INT_Nurse_CrazyKeeper_Loca20","You did good work. The tranquilizer has kicked in. Now you can desinfect and bandage his wounds.","Ти добре попрацювала. Заспокійливе подіяло. Тепер можна дезінфікувати і перев'язати його рани."
"M04S09_INT_Nurse_CrazyKeeper_Loca21","Thank you, doctor. And as to his weight loss?","Дякую, докторко. А щодо його втрати ваги?"
"M04S09_INT_Nurse_CrazyKeeper_Loca22","I'll prescribe an antifungal treatment for his dysgeusia.","Я випишу протигрибковий засіб для лікування його дисгевзії"
"M04S09_INT_Nurse_CrazyKeeper_Loca23","In the mean time, feed him intraveinously.","А поки що, годуйте його внутрішньовенно."
"M04S09_INT_Nurse_CrazyKeeper_Loca24","It'll be done.","Зробимо."
"M04S09_INT_Nurse_CrazyKeeper_Loca7","I don't know what more we can do.","Не знаю, що ще ми можемо зробити."
"M04S09_INT_Nurse_CrazyKeeper_Loca8","You've given him adequate care. There's nothing else we can do.","Ти надала йому належну допомогу. Більше ми нічим не можемо допомогти."
"M04S09_INT_Nurse_CrazyKeeper_Loca9","Are you sure?","Ти впевнена?"
"M04S09_INT_Nurse_CrazyKeeper_Loca10","Positive. Just make sure he doesn't lose any more weight.","Певна. Тільки стеж, щоб він ще більше не схуд."
"M04S09_INT_Nurse_CrazyKeeper_Loca11","Well. You're the doctor, after all.","Ну, ти ж докторка, як не як."
"M04S09_INT_Nurse_CrazyKeeper_Loca6","This patient has been mistreated.","З цим пацієнтом погано поводилися."
"M04S09_INT_Nurse_CrazyKeeper_Loca14","Those basement brutes tied him up too tight and now he's hurt.","Ці підвальні виродки занадто туго прив'язали його, і тепер він поранений."
"M04S09_INT_Nurse_CrazyKeeper_Loca15","I keep trying to heal his wounds, but he reopens them.","Я намагаюся лікувати його рани, але він їх знову відкриває."
"M04S09_INT_Nurse_CrazyKeeper_Loca16","Do you have a diploma as a nurse?","У вас є диплом медсестри?"
"M04S09_INT_Nurse_CrazyKeeper_Loca17","Excuse me?","Вибачте?"
"M04S09_INT_Nurse_CrazyKeeper_Loca18","So take care of this man.","Тож піклуйтеся про цю людину."
"M04S09_INT_Nurse_DyingPatientsDiagnosis_Loca1","M04S09_INT_Nurse_DyingPatientsDiagnosis_Loca1",""
"M04S09_INT_Nurse_DyingPatientsDiagnosis_Loca3","So, doctor? An opinion?","Так, лікарю? Яка ваша думка?"
"M04S09_INT_Nurse_DyingPatientsDiagnosis_Loca14","I'm not sure I have the necessary knowledge to treat this man.","Я не впевнений, що маю достатньо знань, щоб лікувати цю людину."
"M04S09_INT_Nurse_DyingPatientsDiagnosis_Loca15","Don't say that. You're our most worthy doctor, after Dr. Fuller !","Не кажіть так. Ви наш найкращий лікар після доктора Фуллера!"
"M04S09_INT_Nurse_DyingPatientsDiagnosis_Loca16","Some of his symptoms are beyond my comprehension…","Деякі з його симптомів виходять за межі мого розуміння..."
"M04S09_INT_Nurse_DyingPatientsDiagnosis_Loca85","What did you find?","Що ви знайшли?"
"M04S09_INT_Nurse_DyingPatientsDiagnosis_Loca4","M04S09_INT_Nurse_DyingPatientsDiagnosis_Loca4",""
"M04S09_INT_Nurse_DyingPatientsDiagnosis_Loca5","His body is mutating...","Його тіло мутує..."
"M04S09_INT_Nurse_DyingPatientsDiagnosis_Loca46","I almost don’t believe it myself, but these symptoms are not those usually associated with the human species.","Я сам майже не вірю в це, але ці симптоми не є тими, які зазвичай асоціюються з людським родом."
"M04S09_INT_Nurse_DyingPatientsDiagnosis_Loca47","What do you mean? Don't tell me you believe in extraterrestrials...","Що ви маєте на увазі? Не кажіть мені, що ви вірите в позаземні цивілізації..."
"M04S09_INT_Nurse_DyingPatientsDiagnosis_Loca56","No. This poor man is from our world alright. But his body is undergoing unnatural mutations.","Ні, цей бідолаха з нашого світу. Але в його тілі відбуваються неприродні мутації."
"M04S09_INT_Nurse_DyingPatientsDiagnosis_Loca48","And this transformation is killing him. His body simply can’t cope.","І ця трансформація вбиває його. Його організм просто не може впоратися."
"M04S09_INT_Nurse_DyingPatientsDiagnosis_Loca51","Where could he have gotten such an infection?","Де він міг підхопити таку інфекцію?"
"M04S09_INT_Nurse_DyingPatientsDiagnosis_Loca52","I pray that it's not here.","Я молюся, щоб його тут не було."
"M04S09_INT_Nurse_DyingPatientsDiagnosis_Loca6","The state of his limbs is worrisome.","Стан його кінцівок викликає занепокоєння."
"M04S09_INT_Nurse_DyingPatientsDiagnosis_Loca19","In spite of the muscle contractions, his arms seem limp.","Незважаючи на м'язові скорочення, його руки здаються млявими."
"M04S09_INT_Nurse_DyingPatientsDiagnosis_Loca26","Yes. They can't have decalcified. Not at this rate.","Так. Вони не могли очиститися від накипу. Не з такою швидкістю."
"M04S09_INT_Nurse_DyingPatientsDiagnosis_Loca27","And yet... If there is a bone in this arm, it's softer than that of a newborn baby.","І все ж... Якщо в цій руці є кістка, вона м'якша, ніж у новонародженого."
"M04S09_INT_Nurse_DyingPatientsDiagnosis_Loca28","What about his cranium?","Що з його черепом?"
"M04S09_INT_Nurse_DyingPatientsDiagnosis_Loca29","It's soft at the touch. It does seem like the skull of a baby!","Його череп м'який на дотик. Справді, він схожий на череп немовляти!"
"M04S09_INT_Nurse_DyingPatientsDiagnosis_Loca30","Look at these sticky rings growing at his fingertips. What can be happening?","Подивіться на ці липкі кільця, що ростуть на кінчиках його пальців. Що це може бути?"
"M04S09_INT_Nurse_DyingPatientsDiagnosis_Loca84","I'm sure you'll find an explanation. You have to.","Я впевнений, що ви знайдете пояснення. Ви повинні."
"M04S09_INT_Nurse_DyingPatientsDiagnosis_Loca43","M04S09_INT_Nurse_DyingPatientsDiagnosis_Loca43",""
"M04S09_INT_Nurse_DyingPatientsDiagnosis_Loca7","He's severely dehydrated.","Він сильно зневоднений."
"M04S09_INT_Nurse_DyingPatientsDiagnosis_Loca20","I see signs of hypodermoclysis, but he's still dehydrated. When was his last IV?","Я бачу ознаки гіподермічного введення, але він все ще зневоднений. Коли була його остання ін'єкція?"
"M04S09_INT_Nurse_DyingPatientsDiagnosis_Loca21","He's constantly under perfusion! I've even gone beyond the recommended dose, to no avail!","Він постійно під крапельницею! Я навіть перевищив рекомендовану дозу, але це не допомогло!"
"M04S09_INT_Nurse_DyingPatientsDiagnosis_Loca22","And you won't believe me, but... when we bathed him, earlier...","І ви мені не повірите, але... коли ми його купали раніше..."
"M04S09_INT_Nurse_DyingPatientsDiagnosis_Loca23","He seemed to feel better.","Він, здавалося, почувався краще."
"M04S09_INT_Nurse_DyingPatientsDiagnosis_Loca24","Yes! Like he needs an aquarium, not a perfusion.","Так! Схоже, йому потрібен акваріум, а не крапельниця."
"M04S09_INT_Nurse_DyingPatientsDiagnosis_Loca25","But that doesn't explain his condition.","Але це не пояснює його стану."
"M04S09_INT_Nurse_DyingPatientsDiagnosis_Loca44","M04S09_INT_Nurse_DyingPatientsDiagnosis_Loca44",""
"M04S09_INT_Nurse_DyingPatientsDiagnosis_Loca8","He has something in his belly.","В його животі щось є."
"M04S09_INT_Nurse_DyingPatientsDiagnosis_Loca37","Did you examine his abdomen? It would seem there's something inside.","Ви оглядали його живіт? Схоже, там щось є."
"M04S09_INT_Nurse_DyingPatientsDiagnosis_Loca38","He hasn't eaten in days. Are you certain it's not an oedema?","Він не їв кілька днів. Ви впевнені, що це не набряк?"
"M04S09_INT_Nurse_DyingPatientsDiagnosis_Loca39","No. Can't you recognize an oedema? Pushing with your finger won't leave a trace. And look at these bumps...","Ні. Хіба ви не можете розпізнати набряк? Натискання пальцем не залишить сліду. І подивіться на ці горби..."
"M04S09_INT_Nurse_DyingPatientsDiagnosis_Loca40","It's not like he could be pregnant!","Це ж не так, щоб він міг бути вагітним!"
"M04S09_INT_Nurse_DyingPatientsDiagnosis_Loca41","Whatever it is, this man has something inside him that shouldn't be there. We should operate on him at once.","Що б це не було, у цього чоловіка є щось всередині, чого там не повинно бути. Ми повинні негайно прооперувати його."
"M04S09_INT_Nurse_DyingPatientsDiagnosis_Loca81","Dr. Fuller said not to worry, that the oedema would go away by itself.","Доктор Фуллер сказав не турбуватися, що набряк зникне сам по собі."
"M04S09_INT_Nurse_DyingPatientsDiagnosis_Loca83","You know… I’m not sure Dr. Fuller is telling the truth.","Я не впевнений, що доктор Фуллер говорить правду."
"M04S09_INT_Nurse_DyingPatientsDiagnosis_Loca45","M04S09_INT_Nurse_DyingPatientsDiagnosis_Loca45",""
"M04S09_INT_Nurse3_AboutKeys_Loca1","M04S09_INT_Nurse3_AboutKeys_Loca1",""
"M04S09_INT_Nurse3_AboutKeys_Loca13","Dr. Colden?","Докторе Колден?"
"M04S09_INT_Nurse3_AboutKeys_Loca14","Hello Betty. I'm looking for the key to the boiler room.","Привіт, Бетті. Я шукаю ключ від котельні."
"M04S09_INT_Nurse3_AboutKeys_Loca23","M04S09_INT_Nurse3_AboutKeys_Loca23",""
"M04S09_INT_Nurse3_AboutKeys_Loca15","What for?","Що для?"
"M04S09_INT_Nurse3_AboutKeys_Loca16","To put it in its place. Perhaps I should do the same with you...","Щоб поставити його на місце. Можливо, мені слід зробити те саме з тобою..."
"M04S09_INT_Nurse3_AboutKeys_Loca17","I beg your pardon?","Вибачте, що ви сказали?"
"M04S09_INT_Nurse3_AboutKeys_Loca18","I suspect you of having a little too much fun at Elizabeth's expense.","Підозрюю, що ти трохи занадто розважаєшся за рахунок Елізабет."
"M04S09_INT_Nurse3_AboutKeys_Loca26","But be warned, it could easily be you they will all be laughing at tomorrow.","Але май на увазі, що завтра всі можуть сміятися з тебе."
"M04S09_INT_Nurse3_AboutKeys_Loca27","You are right, doctor.","Ви праві, лікарю."
"M04S09_INT_Nurse3_AboutKeys_Loca28","The key is in the dormitory office, in block B.","Ключ знаходиться в офісі гуртожитку, в блоці Б."
"M04S09_INT_Nurse3_AboutKeys_Loca29","M04S09_INT_Nurse3_AboutKeys_Loca29",""
"M04S09_INT_Nurse3_AboutKeys_Loca21","M04S09_INT_Nurse3_AboutKeys_Loca21",""
"M04S09_INT_Nurse3_AboutKeys_Loca19","I used it to close the door, but I must have...","Я використовував його, щоб закрити двері, але я, мабуть..."
"M04S09_INT_Nurse3_AboutKeys_Loca20","Yes! A patient in block B asked me for a glass of water. I must have misplaced the key somewhere in the office.","Так! Пацієнт у блоці Б попросив мене про склянку води. Я, мабуть, десь у офісі поклав ключ."
"M04S09_INT_Nurse3_AboutKeys_Loca25","Thank you. I shall go fetch it.","Дякую. Я піду за ним."
"M04S09_INT_NurseDebrief_Loca1","M04S09_INT_NurseDebrief_Loca1",""
"M04S09_INT_NurseDebrief_Loca4","Was that a threat? What did he mean?","Що це була за погроза? Що він мав на увазі?"
"M04S09_INT_NurseDebrief_Loca51","It was a warning. Dr. Fuller is this institution's founder, and one of our profession’s most influential voices.","Це було попередження. Доктор Фуллер є засновником цієї установи та одним з найвпливовіших голосів нашої професії."
"M04S09_INT_NurseDebrief_Loca10","My word is of no weight against his... If I continue to protest I will only ruin my reputation and career.","Моє слово не має ваги проти його... Якщо я продовжуватиму протестувати, я лише зіпсую свою репутацію та кар'єру."
"M04S09_INT_NurseDebrief_Loca8","It's scandalous! Can't we do anything? Is there no evidence of his crimes?","Це скандально! Хіба ми не можемо нічого зробити? Невже немає доказів його злочинів?"
"M04S09_INT_NurseDebrief_Loca85","M04S09_INT_NurseDebrief_Loca85",""
"M04S09_INT_NurseDebrief_Loca92","Hidden files are proof.","Приховані файли є доказом."
"M04S09_INT_NurseDebrief_Loca93","Oh, that evidence exists. I'm sure of it.","О, ці докази існують. Я в цьому впевнений."
"M04S09_INT_NurseDebrief_Loca103","I need to find the missing medical files.","Мені потрібно знайти відсутні медичні файли."
"M04S09_INT_NurseDebrief_Loca94","And where would you find those? In his office? What if you get caught?","І де ти їх знайдеш? У його кабінеті? А якщо тебе спіймають?"
"M04S09_INT_NurseDebrief_Loca95","I'd rather not think about that. I'm counting on your discretion.","Я не хочу про це думати. Я розраховую на твою дискретність."
"M04S09_INT_NurseDebrief_Loca107","Of course, doctor. You can count on me, I'll keep mum.","Звичайно, лікарю. Ви можете на мене розраховувати, я збережу мовчання."
"M04S09_INT_NurseDebrief_Loca86","Nobody mentioned crimes... for now.","Ніхто не згадував про злочини... поки що."
"M04S09_INT_NurseDebrief_Loca87","I disapprove of Fuller's methods, but his treatments have saved more lives than I can count.","Я не схвалюю методів Фуллера, але його лікування врятувало більше життів, ніж я можу порахувати."
"M04S09_INT_NurseDebrief_Loca88","And Mr Blake? You said yourself he was dying!","І містер Блейк? Ви самі сказали, що він помирає!"
"M04S09_INT_NurseDebrief_Loca89","I don't know what to think for now. What I'm sure of, is that Fuller is hiding something from us.","Я не знаю, що тепер думати. У чому я впевнений, так це в тому, що Фуллер щось від нас приховує."
"M04S09_INT_NurseDebrief_Loca91","And I need to know what that is, before I take a chance exposing him.","І мені потрібно знати, що це таке, перш ніж я ризикну викрити його."
"M04S09_INT_NurseDebrief_Loca106","M04S09_INT_NurseDebrief_Loca106",""
"M04S09_INT_NurseDebrief_Loca96","Stay out of this.","Залишайся осторонь від цього."
"M04S09_INT_NurseDebrief_Loca97","Don't you get involved in this, you've done enough already.","Не втручайся в це, ти вже досить зробив."
"M04S09_INT_NurseDebrief_Loca99","But doctor! This man is dying!","Але лікарю! Ця людина помирає!"
"M04S09_INT_NurseDebrief_Loca98","There's nothing we can do about it. He's in the hands of Doctor Fuller.","Нічого ми не можемо з цим зробити. Він в руках доктора Фуллера."
"M04S09_INT_NurseDebrief_Loca100","Do you wish to end up like Elizabeth? With a diploma from Nightingale and the chores of a cleaning lady?","Ти хочеш закінчити як Елізабет? З дипломом Найтінгейла і обов'язками прибиральниці?"
"M04S09_INT_NurseDebrief_Loca104","No... You're right.","Ні... Ти правий."
"M04S09_INT_NurseDebrief_Loca102","Let me do my own investigation. It's time I found those missing files.","Дозвольте мені провести власне розслідування. Час знайти ці відсутні файли."
"M04S09_INT_NurseDebrief_Loca105","M04S09_INT_NurseDebrief_Loca105",""
"M04S09_INT_NursePharmacy_Loca1","M04S09_INT_NursePharmacy_Loca1",""
"M04S09_INT_NursePharmacy_Loca114","We’re running out of this medicine.","Ми закінчуємо цей препарат."
"M04S09_INT_NursePharmacy_Loca115","I know, doctor. We sent the purchase order, though, but Mrs Donovan refused it.","Мені відомо, лікарю. Ми надіслали замовлення на покупку, але пані Донован відмовилася від нього."
"M04S09_INT_NursePharmacy_Loca116","Once again.","Знову ж таки."
"M04S09_INT_NursePharmacy_Loca117","Can't you do anything?","Не можете нічого зробити?"
"M04S09_INT_NursePharmacy_Loca118","Donovan takes her instructions directly from Dr. Fuller. I'm afraid I can do nothing about it for the moment.","Донован отримує свої інструкції безпосередньо від доктора Фуллера. Боюся, що наразі я нічого не можу з цим зробити."
"M04S09_INT_NurseWelcome_Loca1","M04S09_INT_NurseWelcome_Loca1",""
"M04S09_INT_NurseWelcome_Loca247","M04S09_INT_NurseWelcome_Loca247",""
"M04S09_INT_NurseWelcome_Loca243","Dr. Colden! We need you at once in dormitory B!","Докторе Колден! Нам потрібна ваша допомога негайно в гуртожитку Б!"
"M04S09_INT_NurseWelcome_Loca268","M04S09_INT_NurseWelcome_Loca268",""
"M04S09_INT_NurseWelcome_Loca269","What is the situation?","Що відбувається?"
"M04S09_INT_NurseWelcome_Loca252","What is the problem?","Що трапилося?"
"M04S09_INT_NurseWelcome_Loca253","Mr Evans seems to be having trouble with his IV.","Містер Еванс, здається, має проблеми з крапельницею."
"M04S09_INT_NurseWelcome_Loca254","I'll see to it right away.","Я негайно цим займуся."
"M04S09_INT_NurseWelcome_Loca296","II’ve done an exam. Deborah is looking after him.","Я зробив огляд. Дебора доглядає за ним."
"M04S09_INT_NurseWelcome_Loca255","And the family of Mrs Harding is asking to see her medical file.","А сім'я місіс Хардинг просить показати її медичну картку."
"M04S09_INT_NurseWelcome_Loca256","I'll never understand why it's so hard to see patient's files around here.","Ніколи не зрозумію, чому так важко побачити медичні картки пацієнтів тут."
"M04S09_INT_NurseWelcome_Loca257","Rules are rules. See with Dr. Fuller, he's in charge.","Правила є правилами. Поговоріть з доктором Фуллером, він відповідає за це."
"M04S09_INT_NurseWelcome_Loca263","Anyhow, they're still waiting, and I don't think they'll leave until they get what they want.","В будь-якому випадку, вони все ще чекають, і я не думаю, що вони підуть, поки не отримають те, що хочуть."
"M04S09_INT_NurseWelcome_Loca258","Understood... Anything else?","Зрозуміло... Ще щось?"
"M04S09_INT_NurseWelcome_Loca259","As a matter of fact, yes. A man has been brought up from the basement.","Якраз так, так. Людина була піднята з підвалу."
"M04S09_INT_NurseWelcome_Loca298","And we had a patient come up from the psychiatric wing. Were you able to see him?","І до нас піднявся пацієнт з психіатричного відділення. Ви змогли його оглянути?"
"M04S09_INT_NurseWelcome_Loca260","Oh… What state is he in now?","О... В якому він зараз стані?"
"M04S09_INT_NurseWelcome_Loca261","You should go see for yourself, doctor.","Вам слід піти і подивитися самій, лікарю."
"M04S09_INT_NurseWelcome_Loca299","I saw him, yes... It's always the same thing.","Я його бачила, так... Це завжди одне й те саме."
"M04S09_INT_NurseWelcome_Loca302","They bring them up, without any explanation, with a multitude of self-inflicted injuries... We take care of the wounds and, then, they leave.","Привозять їх, без жодних пояснень, з безліччю поранень, які вони самі собі нанесли... Ми обробляємо рани, і вони йдуть."
"M04S09_INT_NurseWelcome_Loca300","Each time I feel like I'm sending them back to hell.","Щоразу мені здається, що я відправляю їх назад у пекло."
"M04S09_INT_NurseWelcome_Loca301","Their affliction is not our responsibility. You can not save everybody, doctor.","Їхнє страждання не є нашою відповідальністю. Ви не можете врятувати всіх, лікарю."
"M04S09_INT_NurseWelcome_Loca270","Where is the key to the boiler room?","Де ключ від котельні?"
"M04S09_INT_NurseWelcome_Loca271","Would you know where the key to the boiler room is?","Ви не знаєте, де ключ від котельні?"
"M04S09_INT_NurseWelcome_Loca272","Betty didn't put it back in its place? She took it to lock the door.","Бетті не повернула його на місце? Вона взяла його, щоб замкнути двері."
"M04S09_INT_NurseWelcome_Loca277","I'll ask her. Thank you.","Я запитаю її. Дякую."
"M04S09_INT_NurseWelcome_Loca273","But if I may say so, doctor, I think that the problems of our patients are more urgent than the plumbing.","Якщо я можу так сказати, лікарю, я думаю, що проблеми наших пацієнтів є більш терміновими, ніж сантехніка."
"M04S09_INT_NurseWelcome_Loca294","M04S09_INT_NurseWelcome_Loca294",""
"M04S09_INT_NurseWelcome_Loca278","[Leave]","[Залишити]"
"M04S09_INT_NurseWelcome_Loca287","I'll be going.","Я піду."
"M04S09_INT_NurseWelcome_Loca285","Alright, I'm going.","Добре, я йду."
"M04S09_INT_NurseWelcome_Loca267","I'll tend to it, don't worry.","Я про це подбаю, не хвилюйся."
"M04S09_INT_NurseWelcome_Loca264","M04S09_INT_NurseWelcome_Loca264",""
"M04S09_INT_NurseWelcome_Loca266","Doctor? Those people need you at the dormitory.","Доктор? Ці люди потребують вас у гуртожитку."
"M04S09_INT_NurseWelcome_Loca303","M04S09_INT_NurseWelcome_Loca303",""
"M04S09_INT_NurseWelcome_Loca289","M04S09_INT_NurseWelcome_Loca289",""
"M04S09_INT_NurseWelcome_Loca290","Dr. Colden?","Доктор Колден?"
"M04S09_INT_NurseWelcome_Loca292","M04S09_INT_NurseWelcome_Loca292",""
"M04S09_INT_NurseWelcome_Loca249","M04S09_INT_NurseWelcome_Loca249",""
"M04S09_INT_NurseWelcome_Loca251","Thank you for your help, doctor.","Дякую за вашу допомогу, лікарю."
"M04S09_INT_NurseWelcome_Loca293","Thank you.","Дякую."
"M04S09_INT_NurseWelcome_Loca288","M04S09_INT_NurseWelcome_Loca288",""
"M04S09_INT_NurseWelcome_Keys_Loca1","M04S09_INT_NurseWelcome_Keys_Loca1",""
"M04S09_INT_NurseWelcome_Keys_Loca2","Doctor, you're expected at dormitory B. The patients are agitated and there aren't enough doctors!","Докторе, вас чекають у гуртожитку Б. Пацієнти збуджені, і лікарів не вистачає!"
"M04S09_INT_NurseWelcome_Keys_Loca3","How about Dr. Fuller? I saw him a minute ago!","А як щодо доктора Фуллера? Я бачила його хвилину тому!"
"M04S09_INT_NurseWelcome_Keys_Loca4","He left, just after Captain Fitzroy.","Він пішов, якраз після капітана Фіцроя."
"M04S09_INT_NurseWelcome_Keys_Loca5","Did he? What could they be up to?","Він? Що вони задумали?"
"M04S09_INT_NurseWelcome_Keys_Loca6","I'm sorry?","Вибачте?"
"M04S09_INT_NurseWelcome_Keys_Loca7","Nothing. I'll go see the patients.","Нічого. Піду до пацієнтів."
"M04S09_INT_Opportunity_01_Nurse_Bathroom_Loca1","M04S09_INT_Opportunity_01_Nurse_Bathroom_Loca1",""
"M04S09_INT_Opportunity_01_Nurse_Bathroom_Loca160","M04S09_INT_Opportunity_01_Nurse_Bathroom_Loca160",""
"M04S09_INT_Opportunity_01_Nurse_Bathroom_Loca179","M04S09_INT_Opportunity_01_Nurse_Bathroom_Loca179",""
"M04S09_INT_Opportunity_01_Nurse_Bathroom_Loca162","Everything alright, Dr. Colden?","Все гаразд, доктор Колден?"
"M04S09_INT_Opportunity_01_Nurse_Bathroom_Loca181","All is well, Elizabeth, thank you. I was making sure the water wasn't cut off yet again.","Все гаразд, Елізабет, дякую. Я перевіряла, чи знову не відключили воду."
"M04S09_INT_Opportunity_01_Nurse_Bathroom_Loca220","Thank God no, the water's running! I have no desire to call Donovan for help.","Дякувати Богу, ні, вода тече! Я не хочу знову дзвонити Доновану по допомогу."
"M04S09_INT_Opportunity_01_Nurse_Bathroom_Loca222","M04S09_INT_Opportunity_01_Nurse_Bathroom_Loca222",""
"M04S09_INT_Opportunity_01_Nurse_Bathroom_Loca178","M04S09_INT_Opportunity_01_Nurse_Bathroom_Loca178",""
"M04S09_INT_Opportunity_01_Nurse_Bathroom_Loca163","Dr. Colden... Might there be a problem with the water?","Доктор Колден... Чи може бути проблема з водою?"
"M04S09_INT_Opportunity_01_Nurse_Bathroom_Loca208","I was about to mention it. It seems it's been cut off yet again.","Я якраз збиралася про це згадати. Схоже, що її знову відключили."
"M04S09_INT_Opportunity_01_Nurse_Bathroom_Loca182","I can't take this, Marie... I feel I'm gonna burst.","Я не можу це витримати, Марі... Відчуваю, що ось-ось вибухну."
"M04S09_INT_Opportunity_01_Nurse_Bathroom_Loca218","It's not your fault if we have defective plumbing!","Це не твоя провина, що у нас погана сантехніка!"
"M04S09_INT_Opportunity_01_Nurse_Bathroom_Loca209","And yet I'm the one who gets punished, because I'm gonna have to square off with that annoying old witch!","І все ж я та, хто отримує покарання, бо мені доведеться змагатися з цією дратівливою старою відьмою!"
"M04S09_INT_Opportunity_01_Nurse_Bathroom_Loca219","Courage, Elizabeth… Here we go. And hold your tongue, this time.","Мужність, Елізабет... Ось і все. І тримай язик за зубами цього разу."
"M04S09_INT_Opportunity_01_Nurse_Bathroom_Loca184","M04S09_INT_Opportunity_01_Nurse_Bathroom_Loca184",""
"M04S09_INT_Opportunity_01_Nurse_Bathroom_Loca156","Elizabeth? Are you alright? Why is this room in such a state?","Елізабет? Все гаразд? Чому ця кімната в такому стані?"
"M04S09_INT_Opportunity_01_Nurse_Bathroom_Loca199","Because as always I'm cleaning it by myself.","Бо, як завжди, я прибираю її сама."
"M04S09_INT_Opportunity_01_Nurse_Bathroom_Loca210","And the water was once again shut off this morning.","А вода знову була відключена сьогодні вранці."
"M04S09_INT_Opportunity_01_Nurse_Bathroom_Loca204","I had to bother Mrs Donovan again, giving her a new excuse to belittle me.","Мені довелося знову турбувати місіс Донован, даючи їй новий привід принизити мене."
"M04S09_INT_Opportunity_01_Nurse_Bathroom_Loca171","M04S09_INT_Opportunity_01_Nurse_Bathroom_Loca171",""
"M04S09_INT_Opportunity_01_Nurse_Bathroom_Loca173","Why go through her?","Чому звертатися до неї?"
"M04S09_INT_Opportunity_01_Nurse_Bathroom_Loca189","Do you really need miss Donovan to open a valve? Why not ask the janitor?","Чи справді вам потрібна міс Донован, щоб відкрити вентиль? Чому б не запитати прибиральника?"
"M04S09_INT_Opportunity_01_Nurse_Bathroom_Loca183","I can't make these decisions without her approval. Imagine if there were a leak.","Я не можу приймати ці рішення без її схвалення. Уявіть, якщо буде витік води."
"M04S09_INT_Opportunity_01_Nurse_Bathroom_Loca216","Anyhow, the boiler room is locked half the time.","В будь-якому випадку, котельня закрита половину часу."
"M04S09_INT_Opportunity_01_Nurse_Bathroom_Loca217","So everytime the water gets shut off, I have to go and endure her reproach until she's settled the problem.","Тож кожного разу, коли воду відключають, мені доводиться йти і терпіти її докори, поки вона не вирішить проблему."
"M04S09_INT_Opportunity_01_Nurse_Bathroom_Loca214","I see...","Я бачу..."
"M04S09_INT_Opportunity_01_Nurse_Bathroom_Loca224","M04S09_INT_Opportunity_01_Nurse_Bathroom_Loca224",""
"M04S09_INT_Opportunity_01_Nurse_Bathroom_Loca192","Hang in there.","Тримайся."
"M04S09_INT_Opportunity_01_Nurse_Bathroom_Loca194","Come now, don't let that witch sap your morale.","Не дозволяй цій відьмі зламати твій дух."
"M04S09_INT_Opportunity_01_Nurse_Bathroom_Loca213","We're lacking in qualified personnel and she knows it. Her petty punishments won't last forever.","Нам не вистачає кваліфікованих кадрів, і вона це знає. Її дрібні покарання не триватимуть вічно."
"M04S09_INT_Opportunity_01_Nurse_Bathroom_Loca195","I'm trying, doctor, I'm trying. It's just that...","Я намагаюся, лікарю, я намагаюся. Просто..."
"M04S09_INT_Opportunity_01_Nurse_Bathroom_Loca211","Sometimes I imagine she shuts down the water herself just for the pleasure of harassing me!","Іноді мені здається, що вона сама відключає воду, тільки щоб мати задоволення від того, щоб мене дратувати!"
"M04S09_INT_Opportunity_01_Nurse_Bathroom_Loca207","Her time is much too precious for these kind of petty games.","Її час занадто цінний для таких дрібних ігор."
"M04S09_INT_Opportunity_01_Nurse_Bathroom_Loca215","Anyway, I've learned my lesson. I'll hold my tongue, next time!","Будь-як, я винесла урок. Наступного разу я триматиму язик за зубами!"
"M04S09_INT_Opportunity_01_Nurse_Bathroom_Loca225","M04S09_INT_Opportunity_01_Nurse_Bathroom_Loca225",""
"M04S09_INT_Opportunity_01_Nurse_Bathroom_Loca223","[Go]","[Йти]"
"M04S09_INT_Opportunity_01_Nurse_Bathroom_Loca221","Courage, Elizabeth.","Мужність, Елізабет."
"M04S09_INT_Opportunity_01_Nurse_Bathroom_Loca212","Thank you, doctor.","Дякую, лікарю."
"M04S09_MON_AboutPatientLooksPale_Loca1","M04S09_MON_AboutPatientLooksPale_Loca1",""
"M04S09_MON_AboutPatientLooksPale_Loca2","There's a problem with his treatment.","З його лікуванням щось не так."
"M04S09_MON_Administration_DontWantToGoBack_Loca1","M04S09_MON_Administration_DontWantToGoBack_Loca1",""
"M04S09_MON_Administration_DontWantToGoBack_Loca2","If Donovan finds me, my career is over. I better be discrete.","Якщо Донован мене знайде, моя кар'єра закінчиться. Мені краще бути обережною."
"M04S09_MON_Administration_WantOutWithoutFile_Loca1","M04S09_MON_Administration_WantOutWithoutFile_Loca1",""
"M04S09_MON_Administration_WantOutWithoutFile_Loca2","I should go another way.","Мені слід піти іншим шляхом."
"M04S09_MON_Administration_WantOutWithoutKey_Loca1","M04S09_MON_Administration_WantOutWithoutKey_Loca1",""
"M04S09_MON_Administration_WantOutWithoutKey_Loca2","Even though I work here I can't go wherever I want.","Навіть якщо я працюю тут, я не можу йти куди завгодно."
"M04S09_MON_AfterMissingFiles_Loca1","M04S09_MON_AfterMissingFiles_Loca1",""
"M04S09_MON_AfterMissingFiles_Loca2","I must go back downstairs to find out what sort of treatment they underwent.","Мені потрібно повернутися вниз, щоб дізнатися, яке лікування вони пройшли."
"M04S09_MON_BoardKey_Boiler_Loca1","M04S09_MON_BoardKey_Boiler_Loca1",""
"M04S09_MON_BoardKey_Boiler_Loca9","M04S09_MON_BoardKey_Boiler_Loca9",""
"M04S09_MON_BoardKey_Boiler_Loca4","In theory, this is where we hang the key to the boiler room.","В теорії, це місце, де ми вішаємо ключ від котельні."
"M04S09_MON_BoardKey_Boiler_Loca7","M04S09_MON_BoardKey_Boiler_Loca7",""
"M04S09_MON_BoardKey_Boiler_Loca3","The boiler room key is not in its place!","Ключ від котельні не на своєму місці!"
"M04S09_MON_BoardKey_Boiler_Loca5","M04S09_MON_BoardKey_Boiler_Loca5",""
"M04S09_MON_BoardKey_Boiler_Loca2","The key to the boiler room is missing.","Ключ від котельні відсутній."
"M04S09_MON_BoilerDoor_Loca1","M04S09_MON_BoilerDoor_Loca1",""
"M04S09_MON_BoilerDoor_Loca4","M04S09_MON_BoilerDoor_Loca4",""
"M04S09_MON_BoilerDoor_Loca6","I don't have any business in the boiler room.","У мене немає справи в котельні."
"M04S09_MON_BoilerDoor_Loca7","M04S09_MON_BoilerDoor_Loca7",""
"M04S09_MON_BoilerDoor_Loca8","The door to the boiler room is locked.","Двері до котельні зачинені."
"M04S09_MON_BoilerDoor_Loca13","M04S09_MON_BoilerDoor_Loca13",""
"M04S09_MON_BoilerDoor_Loca2","Where did I see that key? Ah, yes: the office in block B.","Де я бачив цей ключ? А, так: в офісі в блоці Б."
"M04S09_MON_BoilerDoor_Loca11","M04S09_MON_BoilerDoor_Loca11",""
"M04S09_MON_BoilerDoor_Loca9","I have to get the key if I wish to get rid of Donovan.","Я мушу дістати ключ, якщо хочу позбутися Донована."
"M04S09_MON_BoilerKey_Loca1","M04S09_MON_BoilerKey_Loca1",""
"M04S09_MON_BoilerKey_Loca7","M04S09_MON_BoilerKey_Loca7",""
"M04S09_MON_BoilerKey_Loca8","What is the boiler room key doing here?","Що ключ від котельні робить тут?"
"M04S09_MON_BoilerKey_Loca4","M04S09_MON_BoilerKey_Loca4",""
"M04S09_MON_BoilerKey_Loca5","The key to the boiler room.","Ключ від котельні."
"M04S09_MON_BoilerKey_Loca10","Not where I expected to find it…","Не там, де я очікував його знайти…"
"M04S09_MON_BoilerKey_Loca11","All I have to do is shut off the water and hope Donovan takes the bait.","Все, що мені потрібно зробити, це перекрити воду і сподіватися, що Донован клюне на гачок."
"M04S09_MON_BradleyFile_Loca1","M04S09_MON_BradleyFile_Loca1",""
"M04S09_MON_BradleyFile_Loca2","Ethan Bradley? What does he have a file here?","Ітан Бредлі? Що він робить тут у медкартці?"
"M04S09_MON_Calendar_Loca1","M04S09_MON_Calendar_Loca1",""
"M04S09_MON_Calendar_Loca4","This place draws you in, and never lets you go.","Це місце затягує тебе і ніколи не відпускає."
"M04S09_MON_ClipBoardPierce_Loca1","M04S09_MON_ClipBoardPierce_Loca1",""
"M04S09_MON_ClipBoardPierce_Loca2","This man, Edward Pierce, his file is incomplete. What did Fuller do to him?","Цей чоловік, Едвард Пірс, його медкартка неповна. Що з ним зробив Фуллер?"
"M04S09_MON_Cup_Loca1","M04S09_MON_Cup_Loca1",""
"M04S09_MON_Cup_Loca2","I don’t have time for a cup of tea.","У мене нема часу на чаювання."
"M04S09_MON_DiscoverBoat_Loca1","M04S09_MON_DiscoverBoat_Loca1",""
"M04S09_MON_DiscoverBoat_Loca2","Something is wrong with these masts.","Щось не так з цими щоглами."
"M04S09_MON_DiscoverBoat_Loca3","It's some sort of puzzle.","Це якийсь пазл."
"M04S09_MON_Door_Front_Fuller_01_Loca1","M04S09_MON_Door_Front_Fuller_01_Loca1",""
"M04S09_MON_Door_Front_Fuller_01_Loca2","Locked. And here I am trying to break in to my employer's office.","Зачинено. І ось я намагаюся вламатися в офіс свого роботодавця."
"M04S09_MON_Door_Front_Fuller_02_Loca1","M04S09_MON_Door_Front_Fuller_02_Loca1",""
"M04S09_MON_Door_Front_Fuller_02_Loca2","I need to find another way into this office.","Мені потрібно знайти інший шлях до цього офісу."
"M04S09_MON_Door_Surgery_Area_Loca1","M04S09_MON_Door_Surgery_Area_Loca1",""
"M04S09_MON_Door_Surgery_Area_Loca2","The operating room is never accessible after an operation.","Операційна ніколи не доступна після операції."
"M04S09_MON_Doors_Find_Stuff_02_Loca1","M04S09_MON_Doors_Find_Stuff_02_Loca1",""
"M04S09_MON_Doors_Find_Stuff_02_Loca2","Hmmm...","Гм..."
"M04S09_MON_DyingPatient01_Loca1","M04S09_MON_DyingPatient01_Loca1",""
"M04S09_MON_DyingPatient01_Loca7","M04S09_MON_DyingPatient01_Loca7",""
"M04S09_MON_DyingPatient01_Loca5","His skin shows abnormal loss of color and seems dried out. He's totally dehydrated.","Його шкіра має ненормальну втрату кольору і здається висушеною. Він повністю зневоднений."
"M04S09_MON_DyingPatient01_Loca2","His fingertips and toes seem to feature a slight ring under the skin, tender at the touch, slightly sticky.","Його пальці на руках і ногах здаються злегка обведеними під шкірою, чутливими на дотик, трохи липкими."
"M04S09_MON_DyingPatient01_Loca6","My God! What am I looking at?","Дідько! На що я дивлюся?"
"M04S09_MON_DyingPatient02_Loca1","M04S09_MON_DyingPatient02_Loca1",""
"M04S09_MON_DyingPatient02_Loca10","M04S09_MON_DyingPatient02_Loca10",""
"M04S09_MON_DyingPatient02_Loca2","Severe malnutrition. Swollen abdomen, with traces of petechia. Hmm... doesn't seem like an oedema.","Сильне недоїдання. Збільшений живіт, з ознаками петехії. Гм... не здається мені, що це набряк."
"M04S09_MON_DyingPatient02_Loca4","Slight protuberances seem to indicate the presence of a foreign body.","Легкі виступи здаються вказівкою на наявність чужорідного тіла."
"M04S09_MON_DyingPatient03_Loca1","M04S09_MON_DyingPatient03_Loca1",""
"M04S09_MON_DyingPatient03_Loca7","M04S09_MON_DyingPatient03_Loca7",""
"M04S09_MON_DyingPatient03_Loca4","Thirty year-old subject, severe hypothermia.","Тридцятирічний хворий, важка гіпотермія."
"M04S09_MON_DyingPatient03_Loca2","Erythematous papules around the eyes and eardrums, necrosed palupbral tissue... Lord, this smell.","Еритематозні папули навколо очей і барабанних перетинок, некротизована тканина повік... Господи, як же смердить."
"M04S09_MON_EmptyRow_Loca1","M04S09_MON_EmptyRow_Loca1",""
"M04S09_MON_EmptyRow_Loca2","We've been waiting to be restocked for weeks.","Ми чекаємо на поповнення запасів вже тижнями."
"M04S09_MON_EnterFullerOffice_Loca1","M04S09_MON_EnterFullerOffice_Loca1",""
"M04S09_MON_EnterFullerOffice_Loca2","At last. The missing files must be hidden here.","Нарешті. Відсутня документація, напевно, захована тут."
"M04S09_MON_FindCode_Loca1","M04S09_MON_FindCode_Loca1",""
"M04S09_MON_FindCode_Loca3","So that’s what Fuller was desperate to hide.","Ось що Фуллер так відчайдушно намагався приховати."
"M04S09_MON_Flowers_Loca1","M04S09_MON_Flowers_Loca1",""
"M04S09_MON_Flowers_Loca2","Ethanoffered these flowers.","Ітан подарував ці квіти."
"M04S09_MON_FullerPrescription_Loca1","M04S09_MON_FullerPrescription_Loca1",""
"M04S09_MON_FullerPrescription_Loca2","The doses prescribed by Fuller are far too high.","Призначені Фуллером дози занадто діючі."
"M04S09_MON_Generic_PatientsMedicalRecord_01_Loca1","M04S09_MON_Generic_PatientsMedicalRecord_01_Loca1",""
"M04S09_MON_Generic_PatientsMedicalRecord_01_Loca2","Hospitalized for hay fever.","Госпіталізований через сінну лихоманку."
"M04S09_MON_Generic_PatientsMedicalRecord_02_Loca1","M04S09_MON_Generic_PatientsMedicalRecord_02_Loca1",""
"M04S09_MON_Generic_PatientsMedicalRecord_02_Loca2","He broke his back in an accident down by the docks.","Він зламав спину в аварії біля доків."
"M04S09_MON_Generic_PatientsMedicalRecord_03_Loca1","M04S09_MON_Generic_PatientsMedicalRecord_03_Loca1",""
"M04S09_MON_Generic_PatientsMedicalRecord_03_Loca2","He's recovering slowly. But he still has nightmares.","Він повільно одужує. Але все ще має кошмари."
"M04S09_MON_Generic_PatientsMedicalRecord_07_Loca1","M04S09_MON_Generic_PatientsMedicalRecord_07_Loca1",""
"M04S09_MON_Generic_PatientsMedicalRecord_07_Loca2","Who left the medical file of the deceased patient?","Хто залишив медичну картку померлого пацієнта?"
"M04S09_MON_GetFullersKey_Loca1","M04S09_MON_GetFullersKey_Loca1",""
"M04S09_MON_GetFullersKey_Loca2","Dr. Fuller always keeps his key with him.","Доктор Фуллер завжди тримає свій ключ при собі."
"M04S09_MON_HospitalExit_Loca1","M04S09_MON_HospitalExit_Loca1",""
"M04S09_MON_HospitalExit_Loca2","There is no way I'm leaving until I find what Fuller is hiding.","Я ні за що не піду, поки не дізнаюся, що приховує Фуллер."
"M04S09_MON_InspectAlbert_Loca1","M04S09_MON_InspectAlbert_Loca1",""
"M04S09_MON_InspectAlbert_Loca2","Sir, I am going to examine you. Do you understand ?","Сер, я збираюся вас оглянути. Ви це розумієте?"
"M04S09_MON_InspectAlbert_Loca3","Inject him with a dose of pentobarbital. Intramuscular, so that I can conduct the clinical examination.","Введіть йому дозу пентобарбіталу. Внутрішньом'язово, щоб я міг провести клінічне обстеження."
"M04S09_MON_InspectAlbert_01_Loca1","M04S09_MON_InspectAlbert_01_Loca1",""
"M04S09_MON_InspectAlbert_01_Loca2","He bit his lips so much they're still bleeding.","Він так сильно прикусив губи, що вони досі кровоточать."
"M04S09_MON_InspectAlbert_01_Loca3","White froth, evidently because of such drooling.","Біла піна, очевидно, через таку слинотечу."
"M04S09_MON_InspectAlbert_03_Loca1","M04S09_MON_InspectAlbert_03_Loca1",""
"M04S09_MON_InspectAlbert_03_Loca3","His binds left bloody wounds.","Його зв'язки залишили криваві рани."
"M04S09_MON_Investigate_Treatment_SkillTest_Loca1","M04S09_MON_Investigate_Treatment_SkillTest_Loca1",""
"M04S09_MON_Investigate_Treatment_SkillTest_Loca23","M04S09_MON_Investigate_Treatment_SkillTest_Loca23",""
"M04S09_MON_Investigate_Treatment_SkillTest_Loca24","An unknown medicine… Judging by the other ones, it causes heavy side effects...","Невідома медицина... Судячи з інших, вона викликає серйозні побічні ефекти..."
"M04S09_MON_Irenesbody_Loca1","M04S09_MON_Irenesbody_Loca1",""
"M04S09_MON_Irenesbody_Loca4","M04S09_MON_Irenesbody_Loca4",""
"M04S09_MON_Irenesbody_Loca5","Mrs Sanders?","Місіс Сандерс?"
"M04S09_MON_Irenesbody_Loca3","M04S09_MON_Irenesbody_Loca3",""
"M04S09_MON_Irenesbody_Loca6","Mrs Sanders?  God!","Місіс Сандерс? О, боже!"
"M04S09_MON_IrenesPatientFile_Loca1","M04S09_MON_IrenesPatientFile_Loca1",""
"M04S09_MON_IrenesPatientFile_Loca3","M04S09_MON_IrenesPatientFile_Loca3",""
"M04S09_MON_IrenesPatientFile_Loca4","Why did nobody tell me about her admission?","Чому ніхто не повідомив мені про її госпіталізацію?"
"M04S09_MON_IrenesPatientFile_Loca5","M04S09_MON_IrenesPatientFile_Loca5",""
"M04S09_MON_IrenesPatientFile_Loca6","Could this have been avoided?","Чи можна було би цього уникнути?"
"M04S09_MON_Kitchen_Loca1","M04S09_MON_Kitchen_Loca1",""
"M04S09_MON_Kitchen_Loca2","Patients and hospital personnel eat the same food.","Пацієнти та медичний персонал їдять однакову їжу."
"M04S09_MON_LockedDoor_Loca1","M04S09_MON_LockedDoor_Loca1",""
"M04S09_MON_LockedDoor_Loca2","Not opening.","Не відчиняються."
"M04S09_MON_LockPick_Loca1","M04S09_MON_LockPick_Loca1",""
"M04S09_MON_LockPick_Loca2","Lockpicking is not one of my talents…","Зламування замків це не моє…"
"M04S09_MON_LookAtAdministration_Loca1","M04S09_MON_LookAtAdministration_Loca1",""
"M04S09_MON_LookAtAdministration_Loca2","The administrative office.","Адміністрація."
"M04S09_MON_LookAtAdministration_Loca3","I must get rid of Mrs Donovan to sneak into Fuller’s office.","Я мушу позбутися місіс Донован, щоб пробратися в офіс Фуллера."
"M04S09_MON_Name_Loca1","M04S09_MON_Name_Loca1",""
"M04S09_MON_Name_Loca2","I should have taken the time to personalize my desk.","Я мав би знайти час, щоб оснащити свій стіл."
"M04S09_MON_NeedDiversion_Loca1","M04S09_MON_NeedDiversion_Loca1",""
"M04S09_MON_NeedDiversion_Loca2","As long as Donovan is around, entering the office is out of question.","Поки Донован тут, увійти в офіс неможливо."
"M04S09_MON_Newlines_Loca1","M04S09_MON_Newlines_Loca1",""
"M04S09_MON_Newlines_Loca2","Ethan never told me about a treatment. That’s odd.","Ітан ніколи не розповідав мені про лікування. Це дивно."
"M04S09_MON_Newlines_Loca3","Of course Mr Pierce’s file is incomplete.","Звичайно, що медкартка містера Пірса неповна."
"M04S09_MON_Newlines_Loca4","I must go back downstairs. To find out what sort of treatment they underwent.","Треба повернутися вниз. Щоб дізнатись, яке лікування вони пройшли."
"M04S09_MON_Opportunity_01_Boiler_Room_Loca1","M04S09_MON_Opportunity_01_Boiler_Room_Loca1",""
"M04S09_MON_Opportunity_01_Boiler_Room_Loca2","From here, I can control the entire water system of the hospital.","Звідси я зможу контролювати всю водопровідну систему лікарні."
"M04S09_MON_Opportunity_01_Valve_With_tool_Loca1","M04S09_MON_Opportunity_01_Valve_With_tool_Loca1",""
"M04S09_MON_Opportunity_01_Valve_With_tool_Loca2","Exactly what I need to keep Donovan busy…","Саме те, що мені потрібно, щоб зайняти Донован…"
"M04S09_MON_Opportunity_01_Valve_Without_tool_Loca1","M04S09_MON_Opportunity_01_Valve_Without_tool_Loca1",""
"M04S09_MON_Opportunity_01_Valve_Without_tool_Loca2","I can't shut this with my bare hands. I need a tool.","Я не зможу закрити це голими руками. Мені потрібен інструмент."
"M04S09_MON_Opportunity_02_Show_perfusion_Loca1","M04S09_MON_Opportunity_02_Show_perfusion_Loca1",""
"M04S09_MON_Opportunity_02_Show_perfusion_Loca3","The liquid is murky... The pouch must be changed right away!","Рідина якась каламутна... Потрібно змінити мішок негайно!"
"M04S09_MON_Patient1_Record_Loca1","M04S09_MON_Patient1_Record_Loca1",""
"M04S09_MON_Patient1_Record_Loca2","Chronic insomnia... Like half the island.","Хронічне безсоння... Як і в половини острова."
"M04S09_MON_Patient2_Record_Loca1","M04S09_MON_Patient2_Record_Loca1",""
"M04S09_MON_Patient2_Record_Loca2","Hay fever? What's he doing here?","Сінна лихоманка? А вона тут що забула?"
"M04S09_MON_Patient3_Record_Loca1","M04S09_MON_Patient3_Record_Loca1",""
"M04S09_MON_Patient3_Record_Loca3","M04S09_MON_Patient3_Record_Loca3",""
"M04S09_MON_Patient3_Record_Loca5","His perfusion of a semi physiological solution doesn't seem to work.","Його перфузія напівфізіологічним розчином, здається, не працює."
"M04S09_MON_Patient3_Record_Loca6","He's undergoing a venticular fibrillation!","Він переживає фібриляцію шлуночків!"
"M04S09_MON_Patient4_Record_Loca1","M04S09_MON_Patient4_Record_Loca1",""
"M04S09_MON_Patient4_Record_Loca2","He broke his back in an accident down by the docks.","Він зламав спину в аварії біля доків."
"M04S09_MON_Patient5_Record_Loca1","M04S09_MON_Patient5_Record_Loca1",""
"M04S09_MON_Patient5_Record_Loca3","M04S09_MON_Patient5_Record_Loca3",""
"M04S09_MON_Patient5_Record_Loca5","Ah, so there's Harding. She’s still sleeping.","А, ось і Гардін. Вона ще спить."
"M04S09_MON_Patient5_Record_Loca11","M04S09_MON_Patient5_Record_Loca11",""
"M04S09_MON_Patient5_Record_Loca8","M04S09_MON_Patient5_Record_Loca8",""
"M04S09_MON_Patient5_Record_Loca2","She recently came back from the surgical block. She's stable.","Її нещодавно повернули з операційної. Її стан стабільний."
"M04S09_MON_Patient5_Record_Loca7","Given her file, a nephrectomy would've be inevitable, but Fuller was able to save her kidney.","Враховуючи її документацію, нефректомія була б неминучою, але Фуллер зміг зберегти її нирку."
"M04S09_MON_Patient6_Record_Loca1","M04S09_MON_Patient6_Record_Loca1",""
"M04S09_MON_Patient6_Record_Loca2","Intoxication from breathing organic vapors...","Отруєння від вдихання органічних парів..."
"M04S09_MON_Patient7_Record_Loca1","M04S09_MON_Patient7_Record_Loca1",""
"M04S09_MON_Patient7_Record_Loca2","Another insomniac! I should find the cause for such a widespread trouble.","Ще один безсонняк! Мені слід знайти причину такої поширеної проблеми."
"M04S09_MON_Patient8_Record_Loca1","M04S09_MON_Patient8_Record_Loca1",""
"M04S09_MON_Patient8_Record_Loca2","Let's see his file... Loss of orientation in time and space... cooperative enough to answer questions.","Нумо, гляньмо його медкартку... Втрата орієнтації в часі та просторі... достатньо співпрацює, щоб відповідати на запитання."
"M04S09_MON_PlanningNurse_Loca1","M04S09_MON_PlanningNurse_Loca1",""
"M04S09_MON_PlanningNurse_Loca7","Elizabeth gets cleaning chores again for the rest of the month.","Елізабет знову отримує доручення з прибирання на решту місяця."
"M04S09_MON_R1_BloodSample_Loca1","M04S09_MON_R1_BloodSample_Loca1",""
"M04S09_MON_R1_BloodSample_Loca4","M04S09_MON_R1_BloodSample_Loca4",""
"M04S09_MON_R1_BloodSample_Loca2","The poor souls downstairs are not Fuller's only subjects.","Бідолашні душі внизу не єдині піддослідні Фуллера."
"M04S09_MON_R1_BloodSample_Loca3","M04S09_MON_R1_BloodSample_Loca3",""
"M04S09_MON_R1_BloodSample_Loca6","Was Sarah Hawkins suffering from a medical condition?","Чи страждала Сара Гокінс від якогось медичного стану?"
"M04S09_MON_R1_BradleyTreatment_Loca1","M04S09_MON_R1_BradleyTreatment_Loca1",""
"M04S09_MON_R1_BradleyTreatment_Loca3","M04S09_MON_R1_BradleyTreatment_Loca3",""
"M04S09_MON_R1_BradleyTreatment_Loca4","Ichoride? I have never heard of such a medication.","Іхорид? Я ніколи не чув про таку медицину."
"M04S09_MON_R1_BradleyTreatment_Loca2","M04S09_MON_R1_BradleyTreatment_Loca2",""
"M04S09_MON_R1_BradleyTreatment_Loca5","Why is Ethan on medication?","Чому Ітан приймає ліки?"
"M04S09_MON_R1_Conclusion_Loca1","M04S09_MON_R1_Conclusion_Loca1",""
"M04S09_MON_R1_Conclusion_Loca2","I must go back to the basement.","Мушу повернутися до підвалу."
"M04S09_MON_R1_FullerConflict_Loca1","M04S09_MON_R1_FullerConflict_Loca1",""
"M04S09_MON_R1_FullerConflict_Loca2","Hawkins, Fitzroy and Fuller. What is the connection between these three?","Гокінс, Фіцрой і Фуллер. Який же зв'язок між цими трьома?"
"M04S09_MON_R1_SarahInterview_Loca1","M04S09_MON_R1_SarahInterview_Loca1",""
"M04S09_MON_R1_SarahInterview_Loca2","Why does Doctor Fuller write psychological reports about Sarah Hawkins?","Чому доктор Фуллер пише психологічні звіти про Сару Гокінс?"
"M04S09_MON_R1_SarahsFinger_Loca1","M04S09_MON_R1_SarahsFinger_Loca1",""
"M04S09_MON_R1_SarahsFinger_Loca6","M04S09_MON_R1_SarahsFinger_Loca6",""
"M04S09_MON_R1_SarahsFinger_Loca7","The formaldehyde solution has evaporated. This specimen is old.","Розчин формальдегіду випарувався. Цей зразок застарий."
"M04S09_MON_R1_SarahsFinger_Loca3","M04S09_MON_R1_SarahsFinger_Loca3",""
"M04S09_MON_R1_SarahsFinger_Loca2","This finger belonged to a woman. Why keep it here?","Цей палець належав жінці. Чому він тут зберігається?"
"M04S09_MON_R1_SarahsShoes_Loca1","M04S09_MON_R1_SarahsShoes_Loca1",""
"M04S09_MON_R1_SarahsShoes_Loca2","Of course! Sarah Hawkins is the connection!","Ну звісно! Сара Гокінс — це і є зв'язок!"
"M04S09_MON_SeeFullerKeys_Loca1","M04S09_MON_SeeFullerKeys_Loca1",""
"M04S09_MON_SeeFullerKeys_Loca2","The key to Dr. Fuller's office.","Ключ від офісу доктора Фуллера."
"M04S09_MON_SeeFullerKeys_Loca4","I just need a diversion to sneak inside and take it.","Мені просто потрібен відволікаючий маневр, щоб непомітно увійти і взяти його."
"M04S09_MON_SeeWater_Loca1","M04S09_MON_SeeWater_Loca1",""
"M04S09_MON_SeeWater_Loca2","It's temperamental, if I understood correctly.","Він примхливий, якщо я правильно зрозумів."
"M04S09_MON_SpareKey_Loca1","M04S09_MON_SpareKey_Loca1",""
"M04S09_MON_SpareKey_Loca3","Let’s hope I can go through the administration office.","Сподіваюсь, я зможу пройти через адміністрацію."
"M04S09_MON_StendhalBook_Loca1","M04S09_MON_StendhalBook_Loca1",""
"M04S09_MON_StendhalBook_Loca2","The Stendhal Syndrome, of course. This is where Fuller found his diagnosis for Francis Sanders.","Синдром Стендаля, звичайно. Саме тут Фуллер знайшов свій діагноз для Френсіса Сандерса."
"M04S09_MON_UnlockBoat_Loca1","M04S09_MON_UnlockBoat_Loca1",""
"M04S09_MON_UnlockBoat_Loca2","I have unlocked something.","Схоже, я щось відкрив."
"M04S09_MON_UnlockBoat_Loca4","Patient files! I was right!","Медичні картки пацієнтів! Я був правий!"
"M04S09_MON_UnlockPadlock_Loca1","M04S09_MON_UnlockPadlock_Loca1",""
"M04S09_MON_UnlockPadlock_Loca2","The door is unlocked. Now I can go to the basement.","Двері відчинені. Тепер я можу спуститися до підвалу."
"M04S09_MON_UnlockWater_Loca1","M04S09_MON_UnlockWater_Loca1",""
"M04S09_MON_UnlockWater_Loca4","I feel guilty about Elizabeth,but I need the diversion.","Мені шкода Елізабет, але мені потрібен відволікаючий маневр."
"M04S09_MON_ValveStuck_Loca1","M04S09_MON_ValveStuck_Loca1",""
"M04S09_MON_ValveStuck_Loca2","The valve is stuck. I must find a tool.","Вентиль застряг. Мені потрібен інструмент."
"M04S09_MON_WhatFullerHides_Loca1","M04S09_MON_WhatFullerHides_Loca1",""
"M04S09_MON_WhatFullerHides_Loca2","The answers must be hidden in Fuller's office.","Відповіді, певно, приховані в офісі Фуллера."
"M04S18_AMB_ElectricMachine_Diversion_Loca1","M04S18_AMB_ElectricMachine_Diversion_Loca1",""
"M04S18_AMB_ElectricMachine_Diversion_Loca2","Damnit!","Блять!"
"M04S18_AMB_ElectricMachine_Diversion_Loca3","What's going on? Is there somebody…","Що відбувається? Тут хтось…"
"M04S18_AMB_ElectricMachine_Diversion_Loca4","We must let Fuller know... You can bet that he'll blame us!","Ми повинні повідомити Фуллера... Можете бути певні, що він звинуватить нас!"
"M04S18_AMB_ExitGuards_Discussion_Loca1","M04S18_AMB_ExitGuards_Discussion_Loca1",""
"M04S18_AMB_ExitGuards_Discussion_Loca10","Damn it. I'll have to find a way of getting rid of those two myself.","Курва. Мені доведеться знайти спосіб позбутися цих двох самостійно."
"M04S18_AMB_ExitGuards_Discussion_Loca3","I told you not to let her come down.","Я ж казав тобі не пускати її сюди."
"M04S18_AMB_ExitGuards_Discussion_Loca4","I know.","Я знаю."
"M04S18_AMB_ExitGuards_Discussion_Loca6","If you do it again, I'll report you.","Якщо ти зробиш це знову, я це докладу."
"M04S18_AMB_ExitGuards_Discussion_Loca8","Alright! I know.","Добре! Я знаю."
"M04S18_AMB_ExitGuards_GameOver_Loca1","M04S18_AMB_ExitGuards_GameOver_Loca1",""
"M04S18_AMB_ExitGuards_GameOver_Loca2","This one'll regret escaping his cozy cell.","Цей пожалкує, що втік зі своєї затишної камери."
"M04S18_AMB_GazMachine_Diversion_Loca1","M04S18_AMB_GazMachine_Diversion_Loca1",""
"M04S18_AMB_GazMachine_Diversion_Loca2","*coughs*","*кашляє*"
"M04S18_AMB_GazMachine_Diversion_Loca3","Who did this? Is somebody here?","Хто це зробив? Тут хтось є?"
"M04S18_AMB_GazMachine_Diversion_Loca5","Hell’s teeth... Fuller’s gonna think we did this.","Шляк би нас трафив... Фуллер подумає, що це ми зробили."
"M04S18_AMB_GazMachine_Diversion_Loca6","We gotta tell though.","Мусимо повідомити про це."
"M04S18_AMB_Guards_AboutBrokenGazMachine_Loca1","M04S18_AMB_Guards_AboutBrokenGazMachine_Loca1",""
"M04S18_AMB_Guards_AboutBrokenGazMachine_Loca3","The machine is working again, but the control wheels haven't been put back on.","Машина знову працює, але маховики не повернуті на місце."
"M04S18_AMB_Guards_AboutBrokenGazMachine_Loca8","I was just going to the storage room. I can bring’em to you.","Я просто йшов до складу. Я можу принести їх тобі."
"M04S18_AMB_Guards_AboutBrokenGazMachine_Loca9","No. Dr. Fuller doesn't want us touching the pressure valves.","Ні. Доктор Фуллер не хоче, щоб ми чіпали клапани тиску."
"M04S18_AMB_Guards_AboutBrokenGazMachine_Loca7","As you want. I'm going to see if there are sleeping pills left. They've run out again, upstairs.","Як скажеш. Я піду подивлюся, чи залишилися снодійні. Вони знову закінчилися, на верхньому поверсі."
"M04S18_AMB_Guards_AboutBrokenGazMachine_Loca10","Put a few aside for me, will you? And, above all, leave the wheels where they are.","Відкладіть кілька для мене, гаразд? І, перш за все, залиште колеса на місці."
"M04S18_AMB_Sanders_Death_Loca1","M04S18_AMB_Sanders_Death_Loca1",""
"M04S18_AMB_Sanders_Death_Loca5","No!","Ні!"
"M04S18_AMB_Sanders_Death_Loca3","Sanders?","Сандерсе?"
"M04S18_AMB_Sanders_Death_Loca7","*wheezing breath*","*хрипке дихання*"
"M04S18_AMB_Sanders_Death_Loca9","What the hell ?","Що за чортівня ?"
"M04S18_AMB_Sanders_Taken_Loca1","M04S18_AMB_Sanders_Taken_Loca1",""
"M04S18_AMB_Sanders_Taken_Loca3","Mr Sanders, you have to come with us.","Містер Сандерсе, ви повинні піти з нами."
"M04S18_AMB_Sanders_Taken_Loca4","No! Please. I can't leave here.","Ні! Будь ласка. Я не можу залишити це місце."
"M04S18_AMB_Sanders_Taken_Loca5","You've got no choice, Sanders. And neither do we.","У вас немає вибору, Сандерсе. І в нас теж."
"M04S18_AMB_Sanders_Taken_Loca6","You don't understand! If I go out, he'll see me!","Ви не розумієте! Якщо я вийду, він побачить мене!"
"M04S18_AMB_Sanders_Taken_Loca12","No, no!","Ні, ні!"
"M04S18_AMB_Sanders_Taken_Loca10","You’re leaving this cell!","Ви залишаєте цю камеру!"
"M04S18_AMB_Sanders_Taken_Loca8","Please! I don't want him to find me!","Будь ласка! Я не хочу, щоб він знайшов мене!"
"M04S18_AMB_Sanders_Treatment_Loca1","M04S18_AMB_Sanders_Treatment_Loca1",""
"M04S18_AMB_Sanders_Treatment_Loca2","He'll find me! He can see me!","Він знайде мене! Він може побачити мене!"
"M04S18_AMB_Sanders_Treatment_Loca3","Let's calm down, please.","Давайте заспокоїмося, будь ласка."
"M04S18_AMB_Sanders_Treatment_Loca4","No, no!","Ні, ні!"
"M04S18_AMB_Sanders_Treatment_Loca5","Pain is just information, dear Francis.","Біль - це просто інформація, дорогий Френсісе."
"M04S18_AMB_Sanders_Treatment_Loca10","Invaluable information for my research.","Безцінна інформація для мого дослідження."
"M04S18_AMB_Sanders_Treatment_Loca7","Kill me! Kill me!","Убий мене! Убий мене!"
"M04S18_AMB_Sanders_Treatment_Loca8","What?","Що?"
"M04S18_AMB_Sanders_Treatment_Loca9","If you don't kill me, he will!","Якщо ти не вб'єш мене, це зробить він!"
"M04S18_AMB_Sanders_Treatment_Loca11","My poor friend. I fear your mind is lost forever.","Мій бідний друже. Боюся, твій розум втрачен назавжди."
"M04S18_AMB_Sanders_Treatment_Loca12","*howl of pain*","*вити від болю*"
"M04S18_AMB_SleeplessInmate_AboutDiversion_Loca1","M04S18_AMB_SleeplessInmate_AboutDiversion_Loca1",""
"M04S18_AMB_SleeplessInmate_AboutDiversion_Loca2","You! Yes, you, there! Come here!","Ти! Так, ти, там! Підійди сюди!"
"M04S18_AMB_SleeplessInmate_AboutDiversion_Loca3","I don't know what you're doing there, but you don't seem to be friends with the nurses.","Я не знаю, що ти там робиш, але ти не здаєшся другом медсестер."
"M04S18_AMB_SleeplessInmate_AboutDiversion_Loca4","I can help you! Help me and I'll owe you one.","Я можу тобі допомогти! Допоможи мені, і я буду тобі вдячний."
"M04S18_AMB_SleeplessInmate_Diversion_Loca1","M04S18_AMB_SleeplessInmate_Diversion_Loca1",""
"M04S18_AMB_SleeplessInmate_Diversion_Loca2","Nurse! Nurse, help me!","Медсестро! Медсестро, допоможи мені!"
"M04S18_AMB_SleeplessInmate_Diversion_Loca3","Shut up! Dr. Fuller warned us that it was just a sham. We won't be had again.","Замовкни! Доктор Фуллер попереджав нас, що це всього лише обман. Нас більше не обмануть."
"M04S18_AMB_SleeplessInmate_Diversion_Loca13","Your little birds won't bring you any sleeping pills this time.","Твої маленькі пташки не принесуть тобі жодних снодійних цього разу."
"M04S18_AMB_SleeplessInmate_Diversion_Loca11","You believe that, don't you? But they've already done it! A whole box, even!","Ти в це віриш, чи не так? Але вони вже це зробили! Навіть цілу коробку!"
"M04S18_AMB_SleeplessInmate_Diversion_Loca4","Right. Well, so much the better. So go visit the land of dreams and leave me in peace!","Правильно. Що ж, тим краще. Тож йди відвідай країну снів і залиш мене в спокої!"
"M04S18_AMB_SleeplessInmate_Diversion_Loca5","Dreams! You're crazy! You ought to be locked up, my friend!","Сни! Ти божевільний! Тобі слід бути за ґратами, мій друже!"
"M04S18_AMB_SleeplessInmate_Diversion_Loca7","I don't want to dream.","Я не хочу спати."
"M04S18_AMB_SleeplessInmate_Diversion_Loca6","Start by saying something interesting. Then we'll see... And stop turning like that, damn it!","Почни з того, щоб сказати щось цікаве. Тоді ми подивимося... І перестань так вертітися, чорт забирай!"
"M04S18_AMB_SleeplessInmate_Diversion_Loca12","I'm not going to sleep. I'm not going to hear it any more. Never again. I bet that impresses you, huh?","Я не збираюся спати. Я більше не хочу це чути. Ніколи більше. Боюсь, це вражає тебе, га?"
"M04S18_AMB_SleeplessInmate_Diversion_Loca8","What would impress me would be to not hear any more from you.","Те, що б вразило мене, це не чути більше тебе ніколи."
"M04S18_AMB_SleeplessInmate_Diversion_Loca10","And do you know what? My shift is over.","І знаєш що? Моя зміна закінчилася."
"M04S18_AMB_SleeplessInmate_Diversion_Loca14","You can go to sleep or keep on screaming it’s no longer my problem.","Ти можеш йти спати або продовжувати кричати, це більше не моя проблема."
"M04S18_AMB_SleeplessInmate_StartDiversion_Loca1","M04S18_AMB_SleeplessInmate_StartDiversion_Loca1",""
"M04S18_AMB_SleeplessInmate_StartDiversion_Loca2","The crows! They're everywhere! Make them go away!","Ворони! Вони всюди! Прожени їх!"
"M04S18_AMB_SleeplessInmate_StartDiversion_Loca13","Help!","Допоможіть!"
"M04S18_AMB_SleeplessInmate_StartDiversion_Loca3","What now?","Що тепер?"
"M04S18_AMB_SleeplessInmate_StartDiversion_Loca14","The birds! They're attacking!","Птахи! Вони нападають!"
"M04S18_AMB_SleeplessInmate_StartDiversion_Loca15","That nonsense again.","Знову ця нісенітниця."
"M04S18_CIN_ColdenOut_Loca1","M04S18_CIN_ColdenOut_Loca1",""
"M04S18_CIN_ColdenOut_Loca2","Dr. Colden! I would like to say that I'm surprised to see you.","Докторе Колден! Я хотів би сказати, що здивований вас бачити."
"M04S18_CIN_ColdenOut_Loca3","But we all know that your curiosity will be your ruin.","Але ми всі знаємо, що твоя цікавість стане твоєю загибеллю."
"M04S18_CIN_ColdenOut_Loca4","I don't understand. These people need care. You keep them in this terrible place as if -","Я не розумію. Ці люди потребують догляду. Ти тримаєш їх у цьому жахливому місці, ніби -"
"M04S18_CIN_ColdenOut_Loca6","Go back upstairs, where your patients are waiting for you to treat them.","Повернися нагору, де твої пацієнти чекають, щоб ти їх лікував."
"M04S18_CIN_ColdenOut_Loca7","As for you, gentlemen, do not disappoint me any more. No one enters or leaves.","Що стосується вас, джентльмени, не розчаруйте мене більше. Ніхто не входить і не виходить."
"M04S18_CIN_ColdenOut_Loca8","Yes, doctor.","Так, докторе."
"M04S18_CIN_Escape_A_Loca1","M04S18_CIN_Escape_A_Loca1",""
"M04S18_CIN_Escape_A_Loca2","Damn!","Прокляття!"
"M04S18_CIN_Escape_A_Loca3","The gas...","Газ..."
"M04S18_CIN_Escape_B_Loca1","M04S18_CIN_Escape_B_Loca1",""
"M04S18_CIN_Escape_B_Loca2","Pierce, wake up!","Пірс, прокинься!"
"M04S18_CIN_Escape_B_Loca3","My head...","Моя голова..."
"M04S18_CIN_Escape_B_Loca4","Later. We need to move on!","Пізніше. Нам потрібно рухатися далі!"
"M04S18_CIN_EscapeWithColden_Loca1","M04S18_CIN_EscapeWithColden_Loca1",""
"M04S18_CIN_EscapeWithColden_Loca11","You obviously do not have the slightest idea of how much the upkeep of such a machine costs us.","Ви, очевидно, не маєте найменшого уявлення про те, скільки коштує утримання такої машини."
"M04S18_CIN_EscapeWithColden_Loca12","But we didn't touch a thing, doctor... I swear it!","Але ми нічого не чіпали, докторе... Клянуся!"
"M04S18_CIN_EscapeWithColden_Loca13","Of course!","Звісно ж!"
"M04S18_CIN_EscapeWithColden_Loca17","If your mere presence is enough to disrupt my machines, then I'd be better off to get rid of you straight away.","Якщо твоя присутність достатня, щоб порушити роботу моїх машин, тоді мені краще позбутися тебе відразу."
"M04S18_CIN_EscapeWithColden_Loca14","Before you cause the ruin of this institute.","Перш ніж ти спричиниш загибель цього інституту."
"M04S18_CIN_EscapeWithColden_Loca18","I think that I have only made things worse...","Я думаю, що тільки зіпсував ситуацію..."
"M04S18_CIN_EscapeWithColden_Loca16","Bradley.","Бредлі."
"M04S18_CIN_EscapeWithColden_Loca6","Mr Pierce!","Містере Пірс!"
"M04S18_CIN_EscapeWithColden_Loca19","You did it...","Ти це зробив..."
"M04S18_CIN_EscapeWithColden_Loca7","We were beginning to give up hope.","Ми починали втрачати надію."
"M04S18_CIN_EscapeWithColden_Loca10","We must leave this place.","Нам потрібно покинути це місце."
"M04S18_CIN_EscapeWithColden_Loca15","And not a second too soon! Come on, my car is waiting up front.","І не на секунду раніше! Хучіш, моя автівка чекає спереду."
"M04S18_CIN_MeetColden_Loca1","M04S18_CIN_MeetColden_Loca1",""
"M04S18_CIN_MeetColden_Loca2","You there! Wake up!","Ти там! Прокинься!"
"M04S18_CIN_MeetColden_Loca4","Come on, stand up!","Давай, вставай!"
"M04S18_CIN_MeetColden_Loca5","We don't have much time.","У нас не так багато часу."
"M04S18_CIN_SandersDiscovery_Loca1","M04S18_CIN_SandersDiscovery_Loca1",""
"M04S18_CIN_SandersDiscovery_Loca4","M04S18_CIN_SandersDiscovery_Loca4",""
"M04S18_CIN_SandersDiscovery_Loca5","Someone's escaped! He's put the gas pipe out of action!","Хтось втік! Він вивів з ладу газову трубу!"
"M04S18_CIN_SandersDiscovery_Loca6","M04S18_CIN_SandersDiscovery_Loca6",""
"M04S18_CIN_SandersDiscovery_Loca7","Someone's escaped! He's put the resuscitator out of action!","Хтось втік! Він вивів з ладу реанімаційний апарат!"
"M04S18_CIN_SandersDiscovery_Loca9","Go get Dr. Fuller!","Іди поклич доктора Фуллера!"
"M04S18_CIN_SandersDiscovery_Loca8","Are you Francis Sanders? What happened to your eyes?","Ти Френсіс Сандерс? Що сталося з твоїми очима?"
"M04S18_CIN_SandersDiscovery_Loca10","You're not from the institute! Leave before he comes back.","Ти не з інституту! Іди, поки він не повернувся."
"M04S18_CIN_WakeUpHospital_Loca1","M04S18_CIN_WakeUpHospital_Loca1",""
"M04S18_CIN_WakeUpHospital_Loca2","There, he's opening his eyes.","Ось, він відкриває очі."
"M04S18_CIN_WakeUpHospital_Loca3","You saved him, Fuller.","Ти врятував його, Фуллер."
"M04S18_CIN_WakeUpHospital_Loca4","I can't get up.","Я не можу встати."
"M04S18_CIN_WakeUpHospital_Loca5","Don't move, Pierce.","Не рухайся, Пірсе."
"M04S18_CIN_WakeUpHospital_Loca6","You can certainly say that you gave us a scare...","Ти точно можеш сказати, що налякав нас..."
"M04S18_CIN_WakeUpHospital_Loca7","What did you do to me?","Що ти зі мною зробив?"
"M04S18_CIN_WakeUpHospital_Loca8","Undo these straps!","Скинь ці ремені!"
"M04S18_CIN_WakeUpHospital_Loca9","Go easy, my friend.","Обережно, мій друже."
"M04S18_CIN_WakeUpHospital_Loca10","You were dead! He killed you!","Ти був мертвий! Він вбив тебе!"
"M04S18_CIN_WakeUpHospital_Loca11","Are you sure he's better?","Ти впевнений, що йому краще?"
"M04S18_CIN_WakeUpHospital_Loca12","He was dead! Me too! We were dead! What are you doing?","Він був мертвий! Я теж! Ми були мертвими! Що ти надумав?"
"M04S18_CIN_WakeUpHospital_Loca13","Sorry, my friend.","Вибач, мій друже."
"M04S18_CIN_WakeUpHospital_Loca14","No!","Ні!"
"M04S18_INT_Colden_Loca1","M04S18_INT_Colden_Loca1",""
"M04S18_INT_Colden_Loca8","Can you stand up?","Ти можеш встати?"
"M04S18_INT_Colden_Loca3","Who are you?","Хто ти?"
"M04S18_INT_Colden_Loca4","A friend of Ethan Bradley... It was he who told me that you had been interned here.","Друг Ітана Бредлі... Саме він сказав мені, що тебе тут інтерновано."
"M04S18_INT_Colden_Loca132","Wait... Bradley is really alive? I don't understand.","Зачекай... Бредлі справді живий? Я не розумію."
"M04S18_INT_Colden_Loca214","You've filled me so full of drugs, I can't distinguish dream from reality!","Ти так напхав мене наркотиками, що я не можу відрізнити сон від реальності!"
"M04S18_INT_Colden_Loca204","Please believe that I have nothing to do with these disgraceful treatments!","Будь ласка, повір, що я не маю нічого спільного з цими ганебними методами лікування!"
"M04S18_INT_Colden_Loca222","Look, I don't have time to explain everything. I am not really supposed to be here...","Слухай, у мене немає часу все пояснювати. Я насправді не повинен бути тут..."
"M04S18_INT_Colden_Loca213","And the same goes for you, according to Ethan. You must leave as soon as possible... and as unobtrusively as possible.","І те саме стосується тебе, як сказав Ітан. Ти повинен піти якнайшвидше... і якнайменш помітно."
"M04S18_INT_Colden_Loca230","I've brought you your clothes. Let me go ahead, we’ll meet upstairs.","Я приніс тобі твій одяг. Дай мені пройти попереду, ми зустрінемося нагорі."
"M04S18_INT_Colden_Loca216","Wait a minute!","Зачекай-но!"
"M04S18_INT_Colden_Loca148","M04S18_INT_Colden_Loca148",""
"M04S18_INT_Colden_Loca149","I don't even know who I'm dealing with.","Я навіть не знаю, з ким маю справу."
"M04S18_INT_Colden_Loca162","Why should I trust you? I don't even know your name.","Чому я повинен тобі довіряти? Я навіть не знаю твого імені."
"M04S18_INT_Colden_Loca217","All I have is a woman dressed as a doctor. Which is not particularly reassuring!","Все, що в мене є - це жінка, одягнена як лікар. Що не дуже втішає!"
"M04S18_INT_Colden_Loca163","I am Dr. Marie Colden... I work in this institute.","Я доктор Марі Колден... Я працюю в цьому інституті."
"M04S18_INT_Colden_Loca165","But that does not mean I approve of everything Dr. Fuller does.","Але це не означає, що я схвалюю все, що робить доктор Фуллер."
"M04S18_INT_Colden_Loca218","He hides a lot of things from me, especially on this floor...","Він приховує від мене багато чого, особливо на цьому поверсі..."
"M04S18_INT_Colden_Loca225","M04S18_INT_Colden_Loca225",""
"M04S18_INT_Colden_Loca150","How am I supposed to escape from here?","Як я повинен втекти звідси?"
"M04S18_INT_Colden_Loca167","I saw the nurses at work on a patient. It wouldn't be good for me to get caught.","Я бачив, як медсестри працюють з пацієнтом. Мені буде непереливки, якщо мене спіймають."
"M04S18_INT_Colden_Loca170","You must avoid them at all costs.","Ти повинен уникати їх за будь-яку ціну."
"M04S18_INT_Colden_Loca228","If someone found out that I released you from your room, I'd never find work in a hospital again.","Якщо хтось дізнається, що я випустила тебе з кімнати, я більше ніколи не знайду роботу в лікарні."
"M04S18_INT_Colden_Loca206","It's so nice of you to worry about me like that.","Тобі так приємно турбуватися про мене."
"M04S18_INT_Colden_Loca229","Do not be unpleasant, Mr Pierce.","Не будь гівнюком, містере Пірс."
"M04S18_INT_Colden_Loca171","M04S18_INT_Colden_Loca171",""
"M04S18_INT_Colden_Loca151","You're not getting in too deep...","Ти не бачиш всієї картини..."
"M04S18_INT_Colden_Loca155","Your colleague has me locked up; you open the door telling me that I've got to escape, and then you leave me in the lurch.","Твій колега замкнув мене; ти відчиняєш двері і кажеш, що я повинен втекти, а потім залишаєш мене на призволяще."
"M04S18_INT_Colden_Loca152","Why shouldn't I think it's a trap? What will happen to me if I get caught by the staff?","Чому я не повинен вважати це пасткою? Що зі мною станеться, якщо мене спіймає персонал?"
"M04S18_INT_Colden_Loca176","If the nurses see you, they'll drug you; put you in a straitjacket and strap you to your bed.","Якщо медсестри тебе побачать, вони тебе накачують наркотиками; одягнуть у білий халат і прив'яжуть до ліжка."
"M04S18_INT_Colden_Loca227","You'll be at the mercy of Fuller and I will not be able to help you any more because I, too, will be in a tight spot.","Ти опинишся на призволяще Фуллеру, і я більше не зможу тобі допомогти, тому що я також буду в скрутному становищі."
"M04S18_INT_Colden_Loca240","Ethan warned me that you were temperamental, but you'll have to trust me, Mr Pierce.","Ітан попереджав мене, що ти імпульсивний, але ти повинен мені довіряти, містере Пірс."
"M04S18_INT_Colden_Loca156","M04S18_INT_Colden_Loca156",""
"M04S18_INT_Colden_Loca224","What do they do to patients here?","Що вони роблять з пацієнтами тут?"
"M04S18_INT_Colden_Loca231","What's going on here? What do they do to the patients to make them so terrified?","Що тут відбувається? Що вони роблять з пацієнтами, щоб ті були такими нажаханими?"
"M04S18_INT_Colden_Loca237","I'd really like to know. I only see them when we they are brought up for medical treatment.","Мені справді цікаво. Я бачу їх лише тоді, коли їх приводять на медичне обстеження."
"M04S18_INT_Colden_Loca223","For problems they didn't have before going downstairs... but this is neither the time nor the place to talk about that.","Щодо проблем, яких вони не мали до спуску в підвал... але зараз не час і не місце, щоб про це обговорювати."
"M04S18_INT_Colden_Loca238","M04S18_INT_Colden_Loca238",""
"M04S18_INT_Colden_Loca158","We must not stay here.","Ми не повинні залишатися тут."
"M04S18_INT_Colden_Loca136","There are two men standing guard near the stairs. It's the only way to the floor above.","Поруч зі сходами стоять двоє чоловіків. Це єдиний шлях на поверх вище."
"M04S18_INT_Colden_Loca137","I shall try to distract them and get, at least, one to come with me.","Я спробую відволікти їх і змусити хоча б одного піти зі мною."
"M04S18_INT_Colden_Loca242","All you need to do is to follow me as soon as the way is free.","Все, що тобі потрібно зробити, це слідувати за мною, як тільки шлях буде вільний."
"M04S18_INT_Colden_Loca241","Understood.","Зрозумів."
"M04S18_INT_Sanders_Loca1","M04S18_INT_Sanders_Loca1",""
"M04S18_INT_Sanders_Loca216","Doctor? Is that you?","Докторе? Це ти?"
"M04S18_INT_Sanders_Loca6","Don't you worry about the doctor. Right now, he'll have plenty to keep him busy with his precious machine.","Не хвилюйся про доктора. Зараз у нього буде багато справ, щоб зайняти його з його дорогою машиною."
"M04S18_INT_Sanders_Loca217","It gives us time to get away. I'll undo you.","Це дає нам трохи часу, щоб втекти. Я тебе звільню."
"M04S18_INT_Sanders_Loca218","Get away? Get away where? I can't go anywhere. It will find me, like it found me here.","Втекти? Втекти куди? Я не можу нікуди піти. Воно знайде мене, як знайшло тут."
"M04S18_INT_Sanders_Loca7","You're mistaken about the beast. Don't stay with me or you'll end up the same way.","Ти помиляєшся щодо звіра. Не залишайся зі мною, або ти закінчиш так само."
"M04S18_INT_Sanders_Loca146","M04S18_INT_Sanders_Loca146",""
"M04S18_INT_Sanders_Loca147","What did they do to you?","Що вони з тобою зробили?"
"M04S18_INT_Sanders_Loca181","You are Sanders, aren't you? I heard you from my cell.","Ти Сандерс, чи не так? Я чув тебе зі своєї камери."
"M04S18_INT_Sanders_Loca185","What did they do to you? What does Fuller want with you?","Що вони з тобою зробили? Що Фуллер хоче від тебе?"
"M04S18_INT_Sanders_Loca182","The doctor? You think it's the doctor who scares me?","Доктор? Ти думаєш, що саме доктор лякає мене?"
"M04S18_INT_Sanders_Loca180","The doctor wants to heal me... But he's the one who's crazy. He wants to restore my sight! He wants to give me back my eyes!","Доктор хоче мене вилікувати... Але саме він божевільний. Він хоче відновити мій зір! Він хоче повернути мені мої очі!"
"M04S18_INT_Sanders_Loca186","And yet I told him that I didn't want them! I do not want to see it any more!","І все ж я сказав йому, що не хочу їх! Я більше не хочу це бачити!"
"M04S18_INT_Sanders_Loca184","M04S18_INT_Sanders_Loca184",""
"M04S18_INT_Sanders_Loca148","You need treatment!","Тобі потрібне лікування!"
"M04S18_INT_Sanders_Loca150","Continue with this treatment and you will die. Come with me. Another doctor is waiting for us. She will take care of you.","Продовжуй це лікування, і ти помреш. Іди зі мною. Інший лікар чекає на нас. Вона подбає про тебе"
"M04S18_INT_Sanders_Loca219","She? Are you talking about Dr. Colden?","Вона? Ти говориш про доктора Колден?"
"M04S18_INT_Sanders_Loca175","No, no, no. Don't get her involved or she'll die, too! He has designs on her.","Ні, ні, ні. Не втягуй її в це, або вона теж помре! Він має на неї плани."
"M04S18_INT_Sanders_Loca176","Who got you in this state? Dr. Fuller?","Хто довів тебе до такого стану? Доктор Фуллер?"
"M04S18_INT_Sanders_Loca178","No, that butcher only made things worse.","Ні, цей м'ясник тільки погіршив ситуацію."
"M04S18_INT_Sanders_Loca177","M04S18_INT_Sanders_Loca177",""
"M04S18_INT_Sanders_Loca149","I don't abandon the wounded.","Я не залишу поранених."
"M04S18_INT_Sanders_Loca153","I’m not leaving without you.","Я не піду без тебе."
"M04S18_INT_Sanders_Loca154","No, don't inflict this on yourself!","Ні, не завдавай цього собі!"
"M04S18_INT_Sanders_Loca155","Come on Sanders, do it for my conscience.","Давай, Сандерсе, зроби це заради моєї совісті."
"M04S18_INT_Sanders_Loca156","You are making a mistake, sir. My fate is not your responsibility.","Ти помиляєшся, сер. Моя доля - не твоя відповідальність."
"M04S18_INT_Sanders_Loca159","M04S18_INT_Sanders_Loca159",""
"M04S18_INT_Sanders_Loca157","I sense something unnatural...","Я відчуваю щось надприродне..."
"M04S18_INT_Sanders_Loca167","What is the exact nature of the beast you're running away from?","Який самий тип звіра, від якого ти втікаєш?"
"M04S18_INT_Sanders_Loca168","You've got instinct. A sensitivity for the Invisible. It puts you in danger!","У тебе є інстинкт. Чутливість до Невидимого. Це ставить тебе під загрозу!"
"M04S18_INT_Sanders_Loca169","The creature that is pursuing me is not from our world.","Створіння, яке переслідує мене, не з нашого світу."
"M04S18_INT_Sanders_Loca170","After what I've seen so far on this island, I'm ready to believe you.","Після того, що я вже бачив на цьому острові, я готовий тобі повірити."
"M04S18_INT_Sanders_Loca171","Don't do that! Do not believe! Or you'll end up like us all!","Не роби цього! Не вір! А то закінчиш як ми всі!"
"M04S18_INT_Sanders_Loca172","What happened to you, Sanders?","Що з тобою трапилось, Сандерсе?"
"M04S18_INT_Sanders_Loca173","M04S18_INT_Sanders_Loca173",""
"M04S18_INT_Sanders_Loca158","The real culprit is Sarah. Her and her accursed paintings!","Справжня винуватиця - це Сара. Вона і її прокляті картини!"
"M04S18_INT_Sanders_Loca160","You're kidding me? You're talking about Sarah Hawkins?","Ти жартуєш? Ти говориш про Сару Гокінс?"
"M04S18_INT_Sanders_Loca161","The one and only. The legendary. There is no artist more enlightened or cursed than Sarah Hawkins.","Єдина і неповторна. Легендарна. Немає художника більш просвітленого або проклятого, ніж Сара Гокінс."
"M04S18_INT_Sanders_Loca165","M04S18_INT_Sanders_Loca165",""
"M04S18_INT_Sanders_Loca187","It was Sarah Hawkins who invoked this curse?","Це прокляття наклала Сара Гокінс?"
"M04S18_INT_Sanders_Loca191","In her office, I saw signs of a ritual… Perhaps an invocation.","У її кабінеті я бачив ознаки ритуалу... Можливо, заклику."
"M04S18_INT_Sanders_Loca192","These things, that's what makes you say she's cursed ?","Ці речі, це те, що змушує тебе сказати, що вона проклята?"
"M04S18_INT_Sanders_Loca193","You're wrong. It was not an invocation, but a revocation.","Ти помиляєшся. Це був не заклик, а скасування."
"M04S18_INT_Sanders_Loca220","But she failed, and that's what counts.","Але вона зазнала невдачі, і це має значення."
"M04S18_INT_Sanders_Loca200","M04S18_INT_Sanders_Loca200",""
"M04S18_INT_Sanders_Loca221","It was Sarah Hawkins who invoked this curse?","Це прокляття наклала Сара Гокінс?"
"M04S18_INT_Sanders_Loca222","I saw the traces of a revocation ritual in Sarah Hawkins' office.","У її кабінеті я бачив ознаки ритуалу скасування."
"M04S18_INT_Sanders_Loca223","It's connected to this curse?","Це пов'язано з цим прокляттям?"
"M04S18_INT_Sanders_Loca224","She tried to correct her mistake, yes... She tried everything... She told me.","Вона намагалася виправити свою помилку, так... Вона перепробувала все... Вона мені сказала це."
"M04S18_INT_Sanders_Loca225","M04S18_INT_Sanders_Loca225",""
"M04S18_INT_Sanders_Loca188","That's the secret of Sarah Hawkins?","Ось у чому секрет Сари Гокінс?"
"M04S18_INT_Sanders_Loca201","She is cursed because of something she did to you?","Вона проклята через те, що зробила тобі?"
"M04S18_INT_Sanders_Loca202","No, no, it's because she's cursed that she harmed me.","Ні, ні, це тому що вона проклята через те, що вона завдала мені шкоди."
"M04S18_INT_Sanders_Loca203","On purpose? You say that Sarah Hawkins harmed you?","Так навмисно? Ти кажеш, що Сара Гокінс завдала тобі шкоди?"
"M04S18_INT_Sanders_Loca204","If it were only me! Her conscience, her guilt, were eating her away! But she never wanted all that.","Якби це стосувалося лише мене! Її совість та провина, з'їдали її! Але вона ніколи не хотіла всього цього."
"M04S18_INT_Sanders_Loca205","Well, not really.","Ну, не зовсім."
"M04S18_INT_Sanders_Loca206","M04S18_INT_Sanders_Loca206",""
"M04S18_INT_Sanders_Loca189","What do you know about the Hawkins?","Що ти знаєш про Гокінсів?"
"M04S18_INT_Sanders_Loca227","What can you tell me about the Hawkins?","Що ти можеш розповісти мені про Гокінсів?"
"M04S18_INT_Sanders_Loca228","You... you should leave before it's too late.","Ти... ти повинен піти, поки не стало занадто пізно."
"M04S18_INT_Sanders_Loca226","I inspected the scene of the fire and something is not right.","Я оглянув місце пожежі, і щось там не так."
"M04S18_INT_Sanders_Loca210","Do you think that Charles Hawkins could have killed his wife and faked his own death?","Ти думаєш, що Чарльз Гокінс міг вбити свою дружину і сфабрикувати власну смерть"
"M04S18_INT_Sanders_Loca211","What? No, of course not. He would never have done such a thing!","Що? Ні, звичайно, ні. Він ніколи б не зробив такого!"
"M04S18_INT_Sanders_Loca212","She was the sole purpose of his life.","Вона була єдиною метою його життя."
"M04S18_INT_Sanders_Loca213","I don't understand.","Не зрозумів."
"M04S18_INT_Sanders_Loca214","M04S18_INT_Sanders_Loca214",""
"M04S18_INT_Sanders_Loca199","What's going on on this island?","Що відбувається на цьому острові?"
"M04S18_INT_Sanders_Loca194","I’m so sorry. We should never have met.","Мені так шкода. Ми ніколи не мали зустрітися."
"M04S18_INT_Sanders_Loca195","What are you talking about?","Про що ти говориш?"
"M04S18_INT_Sanders_Loca207","Destiny! It has trapped you. Don't let it see you or you won't be able to escape it! Don't look at it. That's how it finds you!","Фатум! Він загнав тебе в кут. Не дай йому тебе побачити, інакше не втечеш! Не дивися на нього. Так він знайде тебе!"
"M04S18_INT_Sanders_Loca208","What finds me?","Хто мене знайде?"
"M04S18_INT_Sanders_Loca196","Sarah Hawkins' visitor! The Shambler!","Гість Сари Гокінс! Волоцюга!"
"M04S18_INT_Sanders_Loca197","Sanders! Pull yourself together!","Сандерс! Зберися!"
"M04S18_INT_Sanders_Loca209","Without her, it's no longer possible to save me!","Без неї мене вже не врятувати!"
"M04S18_INT_SleeplessInmate_Loca1","M04S18_INT_SleeplessInmate_Loca1",""
"M04S18_INT_SleeplessInmate_Loca13","M04S18_INT_SleeplessInmate_Loca13",""
"M04S18_INT_SleeplessInmate_Loca59","What do you want?","Що ти хочеш?"
"M04S18_INT_SleeplessInmate_Loca14","Sleep. That's all.","Спати. От і все."
"M04S18_INT_SleeplessInmate_Loca60","Sleep? You don't wanna leave?","Спати? Ти не хочеш вибратися?"
"M04S18_INT_SleeplessInmate_Loca61","No! Have you seen the storm that's brewing? I'm fine here. Except for one problem.","Ні! Ти бачив бурю, яка насувається? Мені й тут добре. Хіба що є одна проблемка."
"M04S18_INT_SleeplessInmate_Loca62","You want sleeping pills, right?","Тобі потрібно снодійне, так?"
"M04S18_INT_SleeplessInmate_Loca16","Yes! And in exchange, I can make noise. Lots of noise.","Так! А натомість з мене гучна послуга. Дуже гучна"
"M04S18_INT_SleeplessInmate_Loca64","You'll draw the guards to your cell to allow me to escape.","Ти привернеш увагу охоронців до своєї палати, щоб я міг втекти."
"M04S18_INT_SleeplessInmate_Loca65","So… you in? Find something to make me sleep, and I'll take care of the guards for you.","Отже... домовилися? Знайди щось, щоб я міг заснути, і я відволічу охоронців."
"M04S18_INT_SleeplessInmate_Loca30","M04S18_INT_SleeplessInmate_Loca30",""
"M04S18_INT_SleeplessInmate_Loca31","I won't promise anything.","Нічого не обіцяю."
"M04S18_INT_SleeplessInmate_Loca37","If I find something, who knows what I'll do?","Якщо щось знайду — хто знає, що я зроблю?"
"M04S18_INT_SleeplessInmate_Loca49","Don't play the wise guy because you're on the outside and I'm not!","Не прикидайся розумником, тільки тому, що ти на волі, а я ні!"
"M04S18_INT_SleeplessInmate_Loca33","Your sleeping problems...","Твої проблеми зі сном..."
"M04S18_INT_SleeplessInmate_Loca39","Is it the noise that disturbs you?","Це через шум?"
"M04S18_INT_SleeplessInmate_Loca57","No, it's the nightmares. We all have them here. That's what wakes us up.","Ні, це кошмари. У нас тут у всіх вони. Вони нас і будять."
"M04S18_INT_SleeplessInmate_Loca58","And afterwards, there's no way to get back to sleep.","А потім неможливо знову заснути."
"M04S18_INT_SleeplessInmate_Loca69","M04S18_INT_SleeplessInmate_Loca69",""
"M04S18_INT_SleeplessInmate_Loca66","It's a deal.","Домовилися."
"M04S18_INT_SleeplessInmate_Loca67","I'll find you some pills.","Я знайду тобі пігулки."
"M04S18_INT_SleeplessInmate_Loca68","Go look in the storage room! There must be sleeping pills there.","Піди пошукай на складі! Там, напевно, є снодійне."
"M04S18_INT_SleeplessInmate_Loca4","M04S18_INT_SleeplessInmate_Loca4",""
"M04S18_INT_SleeplessInmate_Loca26","So, have you got them?","То, ти їх знайшов?"
"M04S18_INT_SleeplessInmate_Loca27","Not yet.","Ще ні."
"M04S18_INT_SleeplessInmate_Loca28","Hurry up if you don't want them to find you.","Давай швидше, якщо не хочеш, щоб тебе помітили."
"M04S18_INT_SleeplessInmate_Loca3","M04S18_INT_SleeplessInmate_Loca3",""
"M04S18_INT_SleeplessInmate_Loca19","I've got what you want.","Я маю те, що ти хочеш."
"M04S18_INT_SleeplessInmate_Loca20","Show me!","Показуй!"
"M04S18_INT_SleeplessInmate_Loca8","M04S18_INT_SleeplessInmate_Loca8",""
"M04S18_INT_SleeplessInmate_Loca9","[Give the sleeping pills]","[Дати снодійне]"
"M04S18_INT_SleeplessInmate_Loca21","There you go! And remember, they don't come for free.","Ось! І не забувай, з тебе послуга."
"M04S18_INT_SleeplessInmate_Loca22","Don't you worry! You'll have your diversion.","Розслабся! Зараз все буде."
"M04S18_INT_SleeplessInmate_Loca23","So go on now! Go hide yourself!","Давай, йди вже! Ховайся!"
"M04S18_INT_SleeplessInmate_Loca10","[Keep the sleeping pills]","[Залишити снодійне]"
"M04S18_INT_SleeplessInmate_Loca24","Sorry, I don't have what you want.","Вибач, у мене немає того, що ти хочеш."
"M04S18_INT_SleeplessInmate_Loca25","It's ain’t polite to give me false hope. Really not nice.","Якось не дуже гарно ти вчинив. Ой негарно."
"M04S18_MON_ChainedDoor_Loca1","M04S18_MON_ChainedDoor_Loca1",""
"M04S18_MON_ChainedDoor_Loca2","It's impossible to break this chain with my bare hands.","Неможливо розірвати цей ланцюг голими руками."
"M04S18_MON_ElectricMachine_Discover_Loca1","M04S18_MON_ElectricMachine_Discover_Loca1",""
"M04S18_MON_ElectricMachine_Discover_Loca3","Good god! What could this machine be used for?","Боже правий! Для чого може використовуватися ця машина?"
"M04S18_MON_ElectricMachine_Diversion_Loca1","M04S18_MON_ElectricMachine_Diversion_Loca1",""
"M04S18_MON_ElectricMachine_Diversion_Loca2","This machine seems to consume a great deal of electricity.","Ця машина, здається, споживає дуже багато електрики."
"M04S18_MON_ElectricMachine_Fail_Loca1","M04S18_MON_ElectricMachine_Fail_Loca1",""
"M04S18_MON_ElectricMachine_Fail_Loca2","It doesn't work. Come on Pierce, find something!","Не працює. Ну ж бо, Пірс, знайди щось!"
"M04S18_MON_ElectricMachine_FailedForever_Loca1","M04S18_MON_ElectricMachine_FailedForever_Loca1",""
"M04S18_MON_ElectricMachine_FailedForever_Loca2","What happened? I must find something else.","Що сталося? Мені потрібно знайти щось інше."
"M04S18_MON_ElectricMachine_FailedForever_Loca3","Shit! I've blown the three primers.","Чорт! Я вивів з ладу три запобіжники."
"M04S18_MON_ElectricMachine_NothingHappened_Loca1","M04S18_MON_ElectricMachine_NothingHappened_Loca1",""
"M04S18_MON_ElectricMachine_NothingHappened_Loca2","Nothing happened.","Нічого не відбулося."
"M04S18_MON_ElectricMachine_Purpose_Loca1","M04S18_MON_ElectricMachine_Purpose_Loca1",""
"M04S18_MON_ElectricMachine_Purpose_Loca3","M04S18_MON_ElectricMachine_Purpose_Loca3",""
"M04S18_MON_ElectricMachine_Purpose_Loca4","This is madness. Are they seriously thinking of transmitting the properties of this meat by electric current?","Це божевілля. Вони серйозно думають, що можуть передати властивості цього м'яса за допомогою електричного струму?"
"M04S18_MON_ElectricMachine_Purpose_Loca5","M04S18_MON_ElectricMachine_Purpose_Loca5",""
"M04S18_MON_ElectricMachine_Purpose_Loca8","Vats of rotten flesh… an elaborate electrical system… Like a dumb pulp novel.","Бочки з гнилою плоттю... складна електрична система... Як у дурному романі."
"M04S18_MON_ElectricMachine_WeirdTank_Loca1","M04S18_MON_ElectricMachine_WeirdTank_Loca1",""
"M04S18_MON_ElectricMachine_WeirdTank_Loca4","M04S18_MON_ElectricMachine_WeirdTank_Loca4",""
"M04S18_MON_ElectricMachine_WeirdTank_Loca7","The liquid connects it to the electric current. What are its properties?","Рідина з'єднує його з електричним струмом. Які її властивості?"
"M04S18_MON_ElectricMachine_WeirdTank_Loca3","M04S18_MON_ElectricMachine_WeirdTank_Loca3",""
"M04S18_MON_ElectricMachine_WeirdTank_Loca6","What’s the connection between this meat and their electrical installation?","Яке відношення має це м'ясо до їхньої електричної установки?"
"M04S18_MON_ElectricMachine_Works_Loca1","M04S18_MON_ElectricMachine_Works_Loca1",""
"M04S18_MON_ElectricMachine_Works_Loca2","At last! I've got to hide before the guards come back.","Нарешті! Потрібно сховатися, перш ніж охоронці повернуться."
"M04S18_MON_ExperimentsReports_Loca1","M04S18_MON_ExperimentsReports_Loca1",""
"M04S18_MON_ExperimentsReports_Loca5","The Interpretation of Dreams, by Freud. The patients' nightmares seem to be taken very seriously.","«Тлумачення сновидінь», Фройд. Нічні жахи пацієнтів, здається, сприймаються дуже серйозно."
"M04S18_MON_FullerGazExperiments_Loca1","M04S18_MON_FullerGazExperiments_Loca1",""
"M04S18_MON_FullerGazExperiments_Loca3","I breathed in this shit in my cell!","Я дихав цим лайном у своїй камері!"
"M04S18_MON_GazMachine_Discover_Loca1","M04S18_MON_GazMachine_Discover_Loca1",""
"M04S18_MON_GazMachine_Discover_Loca2","The green gas leaves from here and it runs through the whole building.","Зелений газ виходить звідси і проходить через всю будівлю."
"M04S18_MON_GazMachine_Diversion_Loca1","M04S18_MON_GazMachine_Diversion_Loca1",""
"M04S18_MON_GazMachine_Diversion_Loca4","If the piping were to rupture, it would make one hell of a noise.","Якщо б труби прорвало, це було б дуже гучно."
"M04S18_MON_GazMachine_Fail_Loca1","M04S18_MON_GazMachine_Fail_Loca1",""
"M04S18_MON_GazMachine_Fail_Loca2","The piping hasn't burst. Not yet, anyway.","Труби не прорвало. Поки що, принаймні."
"M04S18_MON_GazMachine_Instructions_Loca1","M04S18_MON_GazMachine_Instructions_Loca1",""
"M04S18_MON_GazMachine_Instructions_Loca2","The machine seems sensitive and the piping quite fragile. Interesting...","Здається, машина нестабільна, а труби досить крихкі. Цікаво..."
"M04S18_MON_GazMachine_MissingPart_Loca1","M04S18_MON_GazMachine_MissingPart_Loca1",""
"M04S18_MON_GazMachine_MissingPart_Loca2","The control wheel is missing on this valve.","На цьому клапані відсутня ручка керування."
"M04S18_MON_GazMachine_WeirdGaz_Loca1","M04S18_MON_GazMachine_WeirdGaz_Loca1",""
"M04S18_MON_GazMachine_WeirdGaz_Loca10","M04S18_MON_GazMachine_WeirdGaz_Loca10",""
"M04S18_MON_GazMachine_WeirdGaz_Loca28","This green color reminds me of the stocks of oil under the warehouse.","Цей зелений колір нагадує мені про запаси топленого китового жиру під складом."
"M04S18_MON_GazMachine_WeirdGaz_Loca11","M04S18_MON_GazMachine_WeirdGaz_Loca11",""
"M04S18_MON_GazMachine_WeirdGaz_Loca27","I thought it was whale fat, but this obnoxious, green smoke must come from another source.","Я думав, що це китовий жир, але цей огидний зелений дим, напевно, походить з іншого джерела."
"M04S18_MON_GazMachine_WeirdGaz_Loca5","M04S18_MON_GazMachine_WeirdGaz_Loca5",""
"M04S18_MON_GazMachine_WeirdGaz_Loca25","What are they trying to do with this gas?","Що вони намагаються зробити з цим газом?"
"M04S18_MON_GazMachine_WeirdGaz_Loca14","M04S18_MON_GazMachine_WeirdGaz_Loca14",""
"M04S18_MON_GazMachine_WeirdGaz_Loca15","M04S18_MON_GazMachine_WeirdGaz_Loca15",""
"M04S18_MON_GazMachine_WeirdGaz_Loca24","I would have thought it was whale fat, given their long whaling tradition.","Я б подумав, що це китовий жир, враховуючи їхню давню традицію полювання на китів."
"M04S18_MON_GazMachine_WeirdGaz_Loca16","But this obnoxious, green smoke must come from another source.","Але цей огидний зелений дим, напевно, походить з іншого джерела."
"M04S18_MON_GazMachine_WeirdGaz_Loca17","M04S18_MON_GazMachine_WeirdGaz_Loca17",""
"M04S18_MON_GazMachine_WeirdGaz_Loca29","M04S18_MON_GazMachine_WeirdGaz_Loca29",""
"M04S18_MON_GazMachine_Works_Loca1","M04S18_MON_GazMachine_Works_Loca1",""
"M04S18_MON_GazMachine_Works_Loca2","*coughs*","*кашляє*"
"M04S18_MON_GazMachine_Works_Loca3","I've got to hide before the guards see me.","Мені потрібно сховатися, перш ніж охоронці побачать мене."
"M04S18_MON_MaintenanceDoor_Loca1","M04S18_MON_MaintenanceDoor_Loca1",""
"M04S18_MON_MaintenanceDoor_Loca2","It's locked.","Замкнено."
"M04S18_MON_Sanders_File_Loca1","M04S18_MON_Sanders_File_Loca1",""
"M04S18_MON_Sanders_File_Loca2","This patient is called Francis Sanders.","Цього пацієнта звуть Франсіс Сандерс."
"M04S18_MON_Sanders_File_Loca3","According to his record, he suffers from psychosis and has disfigured himself. No wonder he's here.","Згідно з його медичними записами, він страждає на психоз і сам себе калічить. Не дивно, що він тут."
"M04S18_MON_SandersCell_Loca1","M04S18_MON_SandersCell_Loca1",""
"M04S18_MON_SandersCell_Loca3","What does this mean?","Що це означає?"
"M04S18_MON_SandersCell_WallSymbols_Loca1","M04S18_MON_SandersCell_WallSymbols_Loca1",""
"M04S18_MON_SandersCell_WallSymbols_Loca5","M04S18_MON_SandersCell_WallSymbols_Loca5",""
"M04S18_MON_SandersCell_WallSymbols_Loca4","In his eyes, this symbol must have some protective virtues.","На його думку, цей символ, напевно, має якісь захисні властивості."
"M04S18_MON_SandersCell_WallSymbols_Loca7","M04S18_MON_SandersCell_WallSymbols_Loca7",""
"M04S18_MON_SandersCell_WallSymbols_Loca9","Why the strange symbol repeated over and over?","Чому цей дивний символ повторюється знову і знову?"
"M04S18_MON_SandersCorpse_Loca1","M04S18_MON_SandersCorpse_Loca1",""
"M04S18_MON_SandersCorpse_Loca2","M04S18_MON_SandersCorpse_Loca2",""
"M04S18_MON_SandersCorpse_Loca9","He came apart like a puppet, right under my eyes...","Його розірвало, немов ляльку, прямо у мене на очах..."
"M04S18_MON_SandersCorpse_Loca4","M04S18_MON_SandersCorpse_Loca4",""
"M04S18_MON_SandersCorpse_Loca22","Something… Invisible… Not in the same dimension as me…","Щось... Невидиме... Не з цього виміру..."
"M04S18_MON_SandersCorpse_Loca7","M04S18_MON_SandersCorpse_Loca7",""
"M04S18_MON_SandersCorpse_Loca11","But his body… What did this…","Але його тіло... Що це..."
"M04S18_MON_SandersCorpse_Loca21","Could it be this creature? This... Shambler?","Чи може це бути ця істота? Цей... Волоцюга?"
"M04S18_MON_SandersDead_Loca1","M04S18_MON_SandersDead_Loca1",""
"M04S18_MON_SandersDead_Loca2","This is insane! What killed him?","Це божевілля! Що його вбило?"
"M04S18_MON_SandersInternmentPaper_Loca1","M04S18_MON_SandersInternmentPaper_Loca1",""
"M04S18_MON_SandersInternmentPaper_Loca2","That doctor Fuller again...","Знову цей доктор Фуллер..."
"M04S18_MON_SandersInternmentPaper_Loca3","Dementia... Self inflicted wounds...","Деменція... Самоушкодження..."
"M04S18_MON_SarahInternmentFile_Loca1","M04S18_MON_SarahInternmentFile_Loca1",""
"M04S18_MON_SarahInternmentFile_Loca2","Sarah Hawkins! She was a patient here?","Сара Гокінс! Вона була пацієнткою тут?"
"M04S18_MON_SearchingMedicine_Loca1","M04S18_MON_SearchingMedicine_Loca1",""
"M04S18_MON_SearchingMedicine_Loca3","The pharmacy seems normal to me.","Здається, тут нічого особливого — звичайні ліки."
"M04S18_MON_SearchingMedicine_Loca5","Where do they keep their sleeping pills ?","Де вони ховають снодійне?"
"M04S18_MON_SleepingPills_Loca1","M04S18_MON_SleepingPills_Loca1",""
"M04S18_MON_SleepingPills_Loca2","My new friend's sleeping pills.","Снодійне для мого нового друга."
"M04S18_MON_SleepingPills_Loca3","It's not as good as my favorite remedy..., but it's not recommended to mix them.","Не настільки добре, як ті, що я люблю вживати... але краще їх не змішувати."
"M04S18_MON_StrangeMedicines_Loca1","M04S18_MON_StrangeMedicines_Loca1",""
"M04S18_MON_StrangeMedicines_Loca3","M04S18_MON_StrangeMedicines_Loca3",""
"M04S18_MON_StrangeMedicines_Loca11","Scopolamine F""? There's no such thing.","«Скополамін F»? Такого не існує."
"M04S18_MON_StrangeMedicines_Loca14","They've created derivatives of all common medicines !","Вони створили похідні всіх найпоширеніших ліків!"
"M04S18_MON_StrangeMedicines_Loca7","M04S18_MON_StrangeMedicines_Loca7",""
"M04S18_MON_StrangeMedicines_Loca10","Scopolamine, morphine, opium... Nothing but common drugs.","Скополамін, морфін, опій... Нічого, крім звичайних наркотиків."
"M04S18_MON_WakeUp_Loca1","M04S18_MON_WakeUp_Loca1",""
"M04S18_MON_WakeUp_Loca3","What happened to me? Where am I?","Що зі мною сталося? Де я?"
"M05S07_AMB_Safe01_Loca1","M05S07_AMB_Safe01_Loca1",""
"M05S07_AMB_Safe01_Loca5","And these red drops, like precious stones, lie fixed, set in divine gold.","І ці червоні краплі, мов коштовне каміння, лежать, застиглі, вправлені у божественне золото."
"M05S07_AMB_Safe01_Loca6","To be the guardian of the grail does not protect me from its attractions, Henry.","Бути охоронцем святого грааля не захищає мене від його спокус, Генрі."
"M05S07_AMB_Safe01_Loca4","And I do confess it: I am willing to pay to know its secrets.","І я зізнаюся в цьому: я готовий заплатити, аби пізнати його таємниці."
"M05S07_AMB_Safe02_Loca1","M05S07_AMB_Safe02_Loca1",""
"M05S07_AMB_Safe02_Loca2","I finally understood that we were only pieces on the chessboard of the gods.","Я нарешті збагнув, що ми лише фігури на шахівниці богів."
"M05S07_AMB_Safe02_Loca3","Let those of us who are still standing protect our white queen from their dark soldiers.","Хай ті з нас, хто ще тримається на ногах, захистять нашу білу королеву від їхніх чорних воїнів."
"M05S07_AMB_Safe02_Loca4","I see our number dwindling, and my will strengthens as my apprehension grows.","Я бачу, як нас стає дедалі менше, і чим більше зростає тривога, тим міцнішою стає моя воля."
"M05S07_AMB_Safe02_Loca5","We shall refuse to be the playthings of destiny.","Ми відмовимося бути іграшками в руках долі."
"M05S07_AMB_Safe03_Loca1","M05S07_AMB_Safe03_Loca1",""
"M05S07_AMB_Safe03_Loca2","Dear friend. I thank you again for the anthology of the works of Arkham Editions that you sent me.","Дорогий друже. Ще раз дякую тобі за антологію творів Аркгемського видання, яку ти мені надіслав."
"M05S07_AMB_Safe03_Loca3","Volume nine, ""Azathoth and other Horrors"" seemed particularly relevant to my research.","Дев'ятий том, «Азатот та інші жахи», видався мені особливо доречним для моїх досліджень."
"M05S07_AMB_Safe03_Loca6","I never tire of browsing through them.","Я ніколи не втомлююся їх переглядати."
"M05S07_CIN_SUB_Necronomicon_Loca1","M05S07_CIN_SUB_Necronomicon_Loca1",""
"M05S07_CIN_SUB_Necronomicon_Loca17","If you're gonna shoot me, at least have the decency to look me in the eyes.","Якщо ти збираєшся вистрілити в мене, то хоча б подивися мені в очі."
"M05S07_CIN_SUB_Necronomicon_Loca18","Turn around, slowly!","Повернись, повільно!"
"M05S07_CIN_SUB_NecronomiconPart1_Loca1","M05S07_CIN_SUB_NecronomiconPart1_Loca1",""
"M05S07_CIN_SUB_NecronomiconPart1_Loca2","[reactions of Pierce to Necro and the vision that follows]","[реакція Пірса на «Некрономікон» і наступне видіння]"
"M05S07_INT_DrakeVSPierce_Loca1","M05S07_INT_DrakeVSPierce_Loca1",""
"M05S07_INT_DrakeVSPierce_Loca2","Talk, filthy thief, or I swear I'll shoot!","Говори, брудний злодію, або клянуся, я вистрілю!"
"M05S07_INT_DrakeVSPierce_Loca3","M05S07_INT_DrakeVSPierce_Loca3",""
"M05S07_INT_DrakeVSPierce_Loca4","You’re not a killer.","Ти не вбивця."
"M05S07_INT_DrakeVSPierce_Loca6","I have seen your place. Books, knowledge...","Я бачив твою книгарню. Книги, знання..."
"M05S07_INT_DrakeVSPierce_Loca7","These are your weapons.","Ось твоя зброя."
"M05S07_INT_DrakeVSPierce_Loca8","What am I supposed to do against men like you?","А, що ще мені робити з такими, як ти?"
"M05S07_INT_DrakeVSPierce_Loca9","I understand. You have to protect yourself.","Я розумію. Тобі потрібно захищатися."
"M05S07_INT_DrakeVSPierce_Loca10","It’s true.","Це правда."
"M05S07_INT_DrakeVSPierce_Loca11","M05S07_INT_DrakeVSPierce_Loca11",""
"M05S07_INT_DrakeVSPierce_Loca5","You’re going to regret it.","Ти про це пошкодуєш."
"M05S07_INT_DrakeVSPierce_Loca12","Lower the gun or you’ll be sorry.","Опусти зброю, або буде гірше."
"M05S07_INT_DrakeVSPierce_Loca13","I am the one with the weapon!","Не дуже переконливо, враховуючи, що тільки в мене пістолет!"
"M05S07_INT_DrakeVSPierce_Loca14","For now.","Поки що."
"M05S07_INT_DrakeVSPierce_Loca15","...","..."
"M05S07_INT_DrakeVSPierce_Loca16","Alright. I just need to protect myself.","Гаразд. Я змушений захищатися."
"M05S07_INT_DrakeVSPierce_Loca17","M05S07_INT_DrakeVSPierce_Loca17",""
"M05S07_INT_DrakeVSPierce_Loca18","It was Charles Hawkins.","Це був Чарльз Гокінс."
"M05S07_INT_DrakeVSPierce_Loca19","Take a minute to look around you.","Озирнись навколо себе."
"M05S07_INT_DrakeVSPierce_Loca20","Everything points to Charles Hawkins.","Все вказує на Чарльза Гокінса."
"M05S07_INT_DrakeVSPierce_Loca21","He’s dead.","Він мертвий."
"M05S07_INT_DrakeVSPierce_Loca22","No. He was here for a very specific item.","Ні. Він прийшов за дуже специфічним предметом."
"M05S07_INT_DrakeVSPierce_Loca23","No.","Ні."
"M05S07_INT_DrakeVSPierce_Loca24","M05S07_INT_DrakeVSPierce_Loca24",""
"M05S07_INT_DrakeVSPierce_Loca25","I’ve done nothing wrong.","Я нічого поганого не зробив."
"M05S07_INT_DrakeVSPierce_Loca26","I came to this island to investigate a death, and ended up in your shop.","Я прибув на цей острів, щоб розслідувати смерть, і опинився у твоїй крамниці."
"M05S07_INT_DrakeVSPierce_Loca27","How convenient.","Як зручно."
"M05S07_INT_DrakeVSPierce_Loca28","I’m serious.","Я не жартую."
"M05S07_INT_DrakeVSPierce_Loca29","I saw the broken glass and followed the path.","Я побачив розбиті вікна і пішов за слідами."
"M05S07_INT_DrakeVSPierce_Loca30","M05S07_INT_DrakeVSPierce_Loca30",""
"M05S07_INT_DrakeVSPierce_Loca32","The book, why was it in the safe?","Чому книга була в сейфі?"
"M05S07_INT_DrakeVSPierce_Loca33","Have you read it?","Чи читав ти її?"
"M05S07_INT_DrakeVSPierce_Loca34","Answer the question.","Відповідай на запитання."
"M05S07_INT_DrakeVSPierce_Loca35","How foolish of you!","Як нерозумно з твого боку."
"M05S07_INT_DrakeVSPierce_Loca36","Now, you won’t be able to escape his will!","Тепер ви не зможете втекти від його волі!"
"M05S07_INT_DrakeVSPierce_Loca37","What did it show you?","Що вона тобі показала?"
"M05S07_INT_DrakeVSPierce_Loca38","M05S07_INT_DrakeVSPierce_Loca38",""
"M05S07_INT_DrakeVSPierce_Loca39","I saw through someone’s eyes.","Я бачив через чиїсь очі."
"M05S07_INT_DrakeVSPierce_Loca42","One moment I was reading the book.","Один момент я читав книгу."
"M05S07_INT_DrakeVSPierce_Loca47","And the moment after, I was someone else.","А в наступний момент я був кимось іншим."
"M05S07_INT_DrakeVSPierce_Loca48","A vision. Who?","Видіння. Кого?"
"M05S07_INT_DrakeVSPierce_Loca49","M05S07_INT_DrakeVSPierce_Loca49",""
"M05S07_INT_DrakeVSPierce_Loca43","Marie Colden was there.","Марі Колден була там."
"M05S07_INT_DrakeVSPierce_Loca44","She went in Fuller's office.","Вона зайшла в кабінет Фуллера."
"M05S07_INT_DrakeVSPierce_Loca50","She was looking for Sarah Hawkins' corpse.","Вона шукала тіло Сари Гокінс."
"M05S07_INT_DrakeVSPierce_Loca51","Sarah Hawkins, you said?","Сара Гокінс, ти сказала?"
"M05S07_INT_DrakeVSPierce_Loca52","Let's get back to the start, shall we?","Повернемося до початку, гаразд?"
"M05S07_INT_DrakeVSPierce_Loca53","M05S07_INT_DrakeVSPierce_Loca53",""
"M05S07_INT_DrakeVSPierce_Loca45","I’m not sure…","Я не впевнений..."
"M05S07_INT_DrakeVSPierce_Loca46","I was there, and then, I was elsewhere.","Я був там, а потім я був десь ще."
"M05S07_INT_DrakeVSPierce_Loca55","No, no, the Book can’t transport you.","Ні, ні, Книга не може тебе перенести."
"M05S07_INT_DrakeVSPierce_Loca56","It must have been a vision.","Це, напевно, було видіння."
"M05S07_INT_DrakeVSPierce_Loca57","M05S07_INT_DrakeVSPierce_Loca57",""
"M05S07_INT_DrakeVSPierce_Loca54","Who’s life did the Necronomicon choose to show you?","Чиє життя Книга Небезпечних Таємниць вибрала, щоб показати тобі?"
"M05S07_INT_DrakeVSPierce_Loca58","Doctor Colden. She was at the Riverside Institute...","Доктор Колден. Вона була в Інституті Ріверсайду..."
"M05S07_INT_DrakeVSPierce_Loca59","She is in danger!","Вона в небезпеці!"
"M05S07_INT_DrakeVSPierce_Loca60","I have to go.","Мені треба йти."
"M05S07_INT_DrakeVSPierce_Loca61","Wait, no one knows the occult better than me.","Зачекай, ніхто не знає окультизм краще за мене."
"M05S07_INT_DrakeVSPierce_Loca62","You might need my help.","Тобі може знадобитися моя допомога."
"M05S07_INT_DrakeVSPierce_Loca63","M05S07_INT_DrakeVSPierce_Loca63",""
"M05S07_INT_DrakeVSPierce_Loca64","Yes.","Так."
"M05S07_INT_DrakeVSPierce_Loca67","Alright, alright.","Добре, добре."
"M05S07_INT_DrakeVSPierce_Loca69","I might need you after all.","Можливо, ти мені ще знадобишся."
"M05S07_INT_DrakeVSPierce_Loca70","M05S07_INT_DrakeVSPierce_Loca70",""
"M05S07_INT_DrakeVSPierce_Loca65","No.","Ні."
"M05S07_INT_DrakeVSPierce_Loca68","No. You stay out of my way.","Ні. Ти не втручайся в мої справи."
"M05S07_INT_DrakeVSPierce_Loca71","M05S07_INT_DrakeVSPierce_Loca71",""
"M05S07_INT_DrakeVSPierce_Loca73","M05S07_INT_DrakeVSPierce_Loca73",""
"M05S07_INT_DrakeVSPierce_Loca74","Perfect. Let’s meet later at the Hawkins' mansion.","Чудово. Зустрінемося пізніше в маєтку Гокінсів."
"M05S07_INT_DrakeVSPierce_Loca76","Now, go! Rescue the doctor!","Тепер йди! Рятуй доктора!"
"M05S07_INT_DrakeVSPierce_Loca77","Thank you, Drake.","Дякую, Дрейк."
"M05S07_INT_DrakeVSPierce_Loca72","M05S07_INT_DrakeVSPierce_Loca72",""
"M05S07_INT_DrakeVSPierce_Loca75","You won’t get rid of me that easily.","Ти так просто від мене не позбудешся."
"M05S07_INT_DrakeVSPierce_Loca78","Marie Colden might die while you’re still talking.","Марі Колден може померти, поки ти ще розмовляєш."
"M05S07_INT_DrakeVSPierce_Loca79","Move!","Рухайся!"
"M05S07_INT_MalleusMonstrorum_Loca1","M05S07_INT_MalleusMonstrorum_Loca1",""
"M05S07_INT_MalleusMonstrorum_Loca9","Would you read the book ?","Чи прочитаєте ви цю книгу ?"
"M05S07_INT_MalleusMonstrorum_Loca23","M05S07_INT_MalleusMonstrorum_Loca23",""
"M05S07_INT_MalleusMonstrorum_Loca24","M05S07_INT_MalleusMonstrorum_Loca24",""
"M05S07_INT_MalleusMonstrorum_Loca2","M05S07_INT_MalleusMonstrorum_Loca2",""
"M05S07_INT_MalleusMonstrorum_Loca3","[Read the book]","[Прочитати книгу]"
"M05S07_INT_MalleusMonstrorum_Loca6","What does this strange book contain?","Що містить ця дивна книга?"
"M05S07_INT_MalleusMonstrorum_Loca4","[Do not read]","[Не читати]"
"M05S07_INT_MalleusMonstrorum_Loca5","No.","Ні."
"M05S07_INT_MalleusMonstrorum_Loca10","M05S07_INT_MalleusMonstrorum_Loca10",""
"M05S07_INT_MalleusMonstrorum_Loca18","[Read the book]","[Прочитати книгу]"
"M05S07_INT_MalleusMonstrorum_Loca20","[Do not read]","[Не читати]"
"M05S07_INT_R2_Conclusion_Loca1","M05S07_INT_R2_Conclusion_Loca1",""
"M05S07_INT_R2_Conclusion_Loca2","Drake put in a great deal of effort to hide whatever is in here.","Дрейк доклав багато зусиль, щоб приховати те, що тут знаходиться."
"M05S07_INT_R2_Conclusion_Loca3","Everything is linked to the Sarah Hawkins case.","Все пов'язано зі справою Сари Гокінс."
"M05S07_INT_R2_Start_Loca1","M05S07_INT_R2_Start_Loca1",""
"M05S07_INT_R2_Start_Loca4","What the…","Що це…"
"M05S07_INT_R2_Start_Loca6","Charles Hawkins?","Чарльз Гокінс?"
"M05S07_MON_AboutArmitageBook1_Loca1","M05S07_MON_AboutArmitageBook1_Loca1",""
"M05S07_MON_AboutArmitageBook1_Loca3","M05S07_MON_AboutArmitageBook1_Loca3",""
"M05S07_MON_AboutArmitageBook1_Loca4","So these are the volumes that Drake was talking about in his message.","Це ті томи, про які говорив Дрейк у своєму повідомленні."
"M05S07_MON_AboutArmitageBook1_Loca2","Arkham Editions? Never heard of them.","Видавництво Аркхема? Ніколи про них не чув."
"M05S07_MON_AboutArmitageBook2_Loca1","M05S07_MON_AboutArmitageBook2_Loca1",""
"M05S07_MON_AboutArmitageBook2_Loca3","M05S07_MON_AboutArmitageBook2_Loca3",""
"M05S07_MON_AboutArmitageBook2_Loca4","What did Drake say about this collection?","Що сказав Дрейк про цю колекцію?"
"M05S07_MON_AboutArmitageBook2_Loca2","How many volumes are there in this collection?","Скільки томів у цій колекції?"
"M05S07_MON_AboutArmitageBook3_Loca1","M05S07_MON_AboutArmitageBook3_Loca1",""
"M05S07_MON_AboutArmitageBook3_Loca3","M05S07_MON_AboutArmitageBook3_Loca3",""
"M05S07_MON_AboutArmitageBook3_Loca4","Drake talked about a particular volume...","Дрейк говорив про особливий том..."
"M05S07_MON_AboutArmitageBook3_Loca2","Another volume by Arkham Editions.","Ще один том видавництва Аркхема."
"M05S07_MON_AboutBrokenJar_Loca1","M05S07_MON_AboutBrokenJar_Loca1",""
"M05S07_MON_AboutBrokenJar_Loca3","M05S07_MON_AboutBrokenJar_Loca3",""
"M05S07_MON_AboutBrokenJar_Loca6","No sign of struggle. If the burglar smashed this jar, it wasn't intentionnaly.","Ніяких слідів боротьби. Якщо грабіжник і розбив цю банку, то не навмисно."
"M05S07_MON_AboutBrokenJar_Loca7","Was he hurt, then?","Він був поранений, тоді?"
"M05S07_MON_AboutBrokenJar_Loca4","M05S07_MON_AboutBrokenJar_Loca4",""
"M05S07_MON_AboutBrokenJar_Loca2","This burglar seems to be rather clumsy.","Цей грабіжник здається досить незграбним."
"M05S07_MON_AboutChessGame_Loca1","M05S07_MON_AboutChessGame_Loca1",""
"M05S07_MON_AboutChessGame_Loca8","M05S07_MON_AboutChessGame_Loca8",""
"M05S07_MON_AboutChessGame_Loca3","The queen has little protection.","У королеви майже немає захисту."
"M05S07_MON_AboutChessGame_Loca2","Things are not looking good.","Положення не дуже хороше."
"M05S07_MON_AboutDrakeMessage_Loca1","M05S07_MON_AboutDrakeMessage_Loca1",""
"M05S07_MON_AboutDrakeMessage_Loca2","Drake left instructions on how to find the combination of his safe.","Дрейк залишив інструкції, як знайти комбінацію його сейфу."
"M05S07_MON_AboutDrakeMessage_Loca6","First of all, I must find the safe in question.","Перше, що я маю зробити, це знайти сейф, про який йдеться."
"M05S07_MON_AboutFootprint_Loca1","M05S07_MON_AboutFootprint_Loca1",""
"M05S07_MON_AboutFootprint_Loca3","M05S07_MON_AboutFootprint_Loca3",""
"M05S07_MON_AboutFootprint_Loca4","Someone tall left this footprint. A man, probably.","Хтось високий залишив цей слід. Напевно, чоловік."
"M05S07_MON_AboutFootprint_Loca6","M05S07_MON_AboutFootprint_Loca6",""
"M05S07_MON_AboutFootprint_Loca2","To whom does this footprint belong?","Кому належить цей слід?"
"M05S07_MON_AboutMessyDesk_Loca1","M05S07_MON_AboutMessyDesk_Loca1",""
"M05S07_MON_AboutMessyDesk_Loca2","I met a man who lived in a clutter like this. He was brilliant.","Я познайомився з людиною, яка жила в такому безладі. Він був геніальним."
"M05S07_MON_AboutThiefBag_Loca1","M05S07_MON_AboutThiefBag_Loca1",""
"M05S07_MON_AboutThiefBag_Loca2","Left by someone in a hurry. The thief?","Хтось поспішав. Злодій?"
"M05S07_MON_AmuletHound_Loca1","M05S07_MON_AmuletHound_Loca1",""
"M05S07_MON_AmuletHound_Loca2","What a strange amulet. I have the feeling that I'd better not touch it.","Який дивний амулет. У мене таке відчуття, що мені краще його не чіпати."
"M05S07_MON_Bookseller_Musty_Loca1","M05S07_MON_Bookseller_Musty_Loca1",""
"M05S07_MON_Bookseller_Musty_Loca3","The sweet smell of must and mothballs.","Солодкий запах сусла та нафталіну."
"M05S07_MON_BooksellerMissing_Loca1","M05S07_MON_BooksellerMissing_Loca1",""
"M05S07_MON_BooksellerMissing_Loca2","What happened here?","Що тут трапилося?"
"M05S07_MON_BrokenGlass_Loca1","M05S07_MON_BrokenGlass_Loca1",""
"M05S07_MON_BrokenGlass_Loca2","Blood. Seems like amateur work.","Кров. Схоже, що це робота аматора."
"M05S07_MON_Calice_Loca1","M05S07_MON_Calice_Loca1",""
"M05S07_MON_Calice_Loca2","M05S07_MON_Calice_Loca2",""
"M05S07_MON_Calice_Loca3","The chalice of knowledge...","Чаша знань..."
"M05S07_MON_Calice_Loca4","A kind of chalice.","Схоже на чашу."
"M05S07_MON_Crowbar_Loca1","M05S07_MON_Crowbar_Loca1",""
"M05S07_MON_Crowbar_Loca2","What sort of thief leaves his tools at the crime scene?","Який злодій залишає свої інструменти на місці злочину?"
"M05S07_MON_DarkWaterHistory_Loca1","M05S07_MON_DarkWaterHistory_Loca1",""
"M05S07_MON_DarkWaterHistory_Loca3","A collection on the history of Darkwater.","Колекція про історію Темної Води."
"M05S07_MON_DecoyBookshop_Loca1","M05S07_MON_DecoyBookshop_Loca1",""
"M05S07_MON_DecoyBookshop_Loca2","That's not what I'm looking for.","Це не те, що я шукаю."
"M05S07_MON_DrakesMemoires_Loca1","M05S07_MON_DrakesMemoires_Loca1",""
"M05S07_MON_DrakesMemoires_Loca2","It looks like this document contains clues to the combination of a safe.","Схоже, що в цьому документі містяться ключі до комбінації сейфу."
"M05S07_MON_DzyanBook_Loca1","M05S07_MON_DzyanBook_Loca1",""
"M05S07_MON_DzyanBook_Loca2","The Book of Dzyan is the foundational work behind Helena Blavatsky's Theosophical movement. Its followers place truth on the same footing as a religion.","Книга Дзян є фундаментальною працею, що лежить в основі теософського руху Олени Блаватської. Її послідовники ставлять істину на один щабель з релігією."
"M05S07_MON_EldersProtection_Loca1","M05S07_MON_EldersProtection_Loca1",""
"M05S07_MON_EldersProtection_Loca3","M05S07_MON_EldersProtection_Loca3",""
"M05S07_MON_EldersProtection_Loca4","Looks like the symbol rejected Hawkins.","Схоже, що символ відкинув Гокінса."
"M05S07_MON_EldersProtection_Loca10","Where did I see it?","Де я це бачив?"
"M05S07_MON_EldersProtection_Loca6","M05S07_MON_EldersProtection_Loca6",""
"M05S07_MON_EldersProtection_Loca2","What's happening to Hawkins?","Що відбувається з Гокінсом?"
"M05S07_MON_FileHawkinsAmulet_Loca1","M05S07_MON_FileHawkinsAmulet_Loca1",""
"M05S07_MON_FileHawkinsAmulet_Loca3","What link did he find between Charles Hawkins and an old amulet?","Який зв'язок він знайшов між Чарльзом Гокінсом та старим амулетом?"
"M05S07_MON_FindBookRyleh_Loca1","M05S07_MON_FindBookRyleh_Loca1",""
"M05S07_MON_FindBookRyleh_Loca2","Ryleh... Never heard of it.","Райлех... Ніколи не чув про це."
"M05S07_MON_FindBookZanthu_Loca1","M05S07_MON_FindBookZanthu_Loca1",""
"M05S07_MON_FindBookZanthu_Loca2","These exotic names evoke unknown religions.","Ці екзотичні назви викликають асоціації з невідомими релігіями."
"M05S07_MON_FindDrakeCylinder_Loca1","M05S07_MON_FindDrakeCylinder_Loca1",""
"M05S07_MON_FindDrakeCylinder_Loca2","It must be the three cylinders Drake spoke about in his memoirs.","Це, напевно, три циліндри, про які говорив Дрейк у своїх спогадах."
"M05S07_MON_FindDrakeCylinder_Loca3","Cylinders that Drake tried to hide. I should, perhaps, listen to them.","Циліндри, які Дрейк намагався приховати. Можливо, мені варто їх послухати."
"M05S07_MON_FindHermitageBooks_Loca1","M05S07_MON_FindHermitageBooks_Loca1",""
"M05S07_MON_FindHermitageBooks_Loca2","I must find all these books. They are linked to the combination of the safe.","Я маю знайти всі ці книги. Вони пов'язані з комбінацією сейфу."
"M05S07_MON_FindMecanism_Loca1","M05S07_MON_FindMecanism_Loca1",""
"M05S07_MON_FindMecanism_Loca3","I must find the combination.","Я маю знайти комбінацію."
"M05S07_MON_FreudBook_Loca1","M05S07_MON_FreudBook_Loca1",""
"M05S07_MON_FreudBook_Loca2","Freud’s Interpretation of Dreams. It is the work that laid the foundations of psychoanalysis at the beginning of this century.","Тлумачення сновидінь» Фройда. Саме ця праця заклала основи психоаналізу на початку цього століття."
"M05S07_MON_GetAllBooks_Loca1","M05S07_MON_GetAllBooks_Loca1",""
"M05S07_MON_GetAllBooks_Loca2","CUT","ЗНЯТО"
"M05S07_MON_HermitageBook_Loca1","M05S07_MON_HermitageBook_Loca1",""
"M05S07_MON_HermitageBook_Loca2","One of Armitage's books.","Один з томів Армітажу."
"M05S07_MON_MalleusMonstrorum_Loca1","M05S07_MON_MalleusMonstrorum_Loca1",""
"M05S07_MON_MalleusMonstrorum_Loca4","M05S07_MON_MalleusMonstrorum_Loca4",""
"M05S07_MON_MalleusMonstrorum_Loca2","This book contains unholy knowledge.","Ця книга містить нечестиві знання."
"M05S07_MON_MalleusMonstrorum_Loca3","M05S07_MON_MalleusMonstrorum_Loca3",""
"M05S07_MON_MalleusMonstrorum_Loca6","I do not want to read it.","Я не хочу її читати."
"M05S07_MON_PuritanDiary3_Loca1","M05S07_MON_PuritanDiary3_Loca1",""
"M05S07_MON_PuritanDiary3_Loca3","M05S07_MON_PuritanDiary3_Loca3",""
"M05S07_MON_PuritanDiary3_Loca4","Another volume of the Reverend's wife's diary.","Ще один том щоденника дружини пастора."
"M05S07_MON_PuritanDiary3_Loca5","An old diary...","Старий щоденник..."
"M05S07_MON_R1_End_Loca1","M05S07_MON_R1_End_Loca1",""
"M05S07_MON_R1_End_Loca2","Sarah Hawkins helped hide something in this safe.","Сара Гокінс допомогла приховати щось у цьому сейфі."
"M05S07_MON_R1_Start_Loca1","M05S07_MON_R1_Start_Loca1",""
"M05S07_MON_R1_Start_Loca2","Let's start over. Where did they break in from?","Давайте почнемо спочатку. Звідки вони вдерлися?"
"M05S07_MON_R2_Necronomicon_Loca1","M05S07_MON_R2_Necronomicon_Loca1",""
"M05S07_MON_R2_Necronomicon_Loca2","*exclamation*","*вигук*"
"M05S07_MON_R2_SarahPaint_Loca1","M05S07_MON_R2_SarahPaint_Loca1",""
"M05S07_MON_R2_SarahPaint_Loca2","What sort of power did Sarah Hawkins's painting possess?","Яку силу мала картина Сари Гокінс?"
"M05S07_MON_SafeFound_Loca1","M05S07_MON_SafeFound_Loca1",""
"M05S07_MON_SafeFound_Loca3","What happened that made the burglar flee before finishing his work?","Що сталося, що грабіжник втік, не закінчивши свою роботу?"
"M05S07_MON_SandersTreaty_Loca1","M05S07_MON_SandersTreaty_Loca1",""
"M05S07_MON_SandersTreaty_Loca2","The book on Francis Sanders' art collection. Drake and he were close?","Книга про колекцію творів мистецтва Френсіса Сандерса. Дрейк і він були близькі?"
"M05S07_MON_SarahsBook_Loca1","M05S07_MON_SarahsBook_Loca1",""
"M05S07_MON_SarahsBook_Loca2","These books were meant for Sarah Hawkins.","Ці книги були призначені для Сари Гокінс."
"M05S07_MON_SleepingPills_Loca1","M05S07_MON_SleepingPills_Loca1",""
"M05S07_MON_SleepingPills_Loca2","Is everyone on this island taking sleeping pills?","Чи всі на цьому острові приймають снодійні?"
"M05S07_MON_SomeoneHere_Loca1","M05S07_MON_SomeoneHere_Loca1",""
"M05S07_MON_SomeoneHere_Loca2","Where is the bookseller?","Де продавець книг?"
"M05S07_MON_TheBookList_Loca1","M05S07_MON_TheBookList_Loca1",""
"M05S07_MON_TheBookList_Loca2","Let's see if I can find the books by this Armitage...","Спробую знайти книжки цього Армітажа..."
"M05S13_AMB_Cat_Busy_Loca1","M05S13_AMB_Cat_Busy_Loca1",""
"M05S13_AMB_Cat_Busy_Loca6","M05S13_AMB_Cat_Busy_Loca6",""
"M05S13_AMB_Cat_Busy_Loca3","Go take a hike, detective.","Ідіть до бісової матері, детективе."
"M05S13_AMB_Cat_Busy_Loca4","M05S13_AMB_Cat_Busy_Loca4",""
"M05S13_AMB_Cat_Busy_Loca2","Not now, sweetheart. I'd like to read this without some snoop looking over my shoulder.","Не зараз, люба. Я б хотів прочитати це без того, щоб якийсь допитливий тип заглядав мені через плече."
"M05S13_AMB_Francis_Cylinder_Loca1","M05S13_AMB_Francis_Cylinder_Loca1",""
"M05S13_AMB_Francis_Cylinder_Loca2","Irene... I made a mistake. I fear that it might be too late for me.","Ірен... Я зробив помилку. Боюся, що для мене може бути вже занадто пізно."
"M05S13_AMB_Francis_Cylinder_Loca7","Nobody should enter, except to burn everything. I never had the courage. Pay somebody to do it.","Ніхто не повинен заходити, хіба що спалити все. У мене ніколи не вистачало сміливості. Заплати комусь, щоб це зробили."
"M05S13_AMB_Francis_Cylinder_Loca5","He's inside my head! I see him behind my eyelids each time I shut my eyes.","Він у мене в голові! Я бачу його за повіками щоразу, коли заплющую очі."
"M05S13_AMB_Francis_Cylinder_Loca8","I can't take any more! I can't hold him back! Forgive me!","Я більше не можу! Я не можу його стримати! Пробач мені!"
"M05S13_AMB_Irene_AfterCylinder_Loca1","M05S13_AMB_Irene_AfterCylinder_Loca1",""
"M05S13_AMB_Irene_AfterCylinder_Loca4","M05S13_AMB_Irene_AfterCylinder_Loca4",""
"M05S13_AMB_Irene_AfterCylinder_Loca3","Francis... I should never have let them take you away. What have I done? Everything is my fault.","Френсіс... Я ніколи не мала дозволяти їм забрати тебе. Що я накоїла? Все це моя провина."
"M05S13_AMB_Irene_AfterCylinder_Loca7","M05S13_AMB_Irene_AfterCylinder_Loca7",""
"M05S13_AMB_Irene_AfterCylinder_Loca2","That accursed gallery. Those accursed paintings. That accursed Sarah!","Ця клята галерея. Ці прокляті картини. Ця клята Сара!"
"M05S13_AMB_Irene_CylinderDiscovery_Loca1","M05S13_AMB_Irene_CylinderDiscovery_Loca1",""
"M05S13_AMB_Irene_CylinderDiscovery_Loca2","What...?","Що...?"
"M05S13_AMB_Irene_CylinderDiscovery_Loca3","I'm sorry, Mr Pierce. Francis used to keep the key in this box.","Вибачте, містере Пірс. Френсіс завжди тримав ключ у цій коробці."
"M05S13_AMB_Irene_CylinderDiscovery_Loca4","But it only contains this drawing... and a phonograph cylinder! Could he have left me a message?","Але в ній лише цей малюнок... і циліндр фонографа! Чи міг він залишити мені повідомлення?"
"M05S13_AMB_Irene_LivingRoom_Loca1","M05S13_AMB_Irene_LivingRoom_Loca1",""
"M05S13_AMB_Irene_LivingRoom_Loca7","M05S13_AMB_Irene_LivingRoom_Loca7",""
"M05S13_AMB_Irene_LivingRoom_Loca8","All this is my fault. It's finished. Who would marry a woman who killed her own husband?","Все це моя провина. Все закінчено. Хто одружиться з жінкою, яка вбила свого чоловіка?"
"M05S13_AMB_Irene_LivingRoom_Loca5","M05S13_AMB_Irene_LivingRoom_Loca5",""
"M05S13_AMB_Irene_LivingRoom_Loca2","All these years... a lifetime... What am I saying? Our two lives!","Всі ці роки... все життя... Що я кажу? Наші два життя!"
"M05S13_AMB_Irene_LivingRoom_Loca4","I refuse to let it end this way. I can start over again...","Я відмовляюся, щоб це закінчилося так. Я можу почати все спочатку..."
"M05S13_AMB_Irene_LivingRoom_Loca3","CUT","ЗНЯТО"
"M05S13_CIN_GoSit_Loca1","M05S13_CIN_GoSit_Loca1",""
"M05S13_CIN_GoSit_Loca2","Well, since this business has got nothing to do with me, I’ll be in your husband’s office, Irene. We’ll carry on later.","Що ж, оскільки ця справа не має до мене жодного стосунку, я буду в кабінеті вашого чоловіка, Ірен. Ми продовжимо пізніше."
"M05S13_CIN_GoSit_Loca3","Very well, Miss Baker.","Дуже добре, міс Бейкер."
"M05S13_CIN_GoSit_Loca4","This way, Mr Pierce. And do make yourself comfortable. It would seem that you have much to tell me.","Сюди, містере Пірс. І влаштовуйтеся зручніше. Здається, вам є що мені розповісти."
"M05S13_INT_Cat_AfterDS_Loca1","M05S13_INT_Cat_AfterDS_Loca1",""
"M05S13_INT_Cat_AfterDS_Loca3","M05S13_INT_Cat_AfterDS_Loca3",""
"M05S13_INT_Cat_AfterDS_Loca61","You sure you won't be needing that hand?","Ви впевнені, що вам не знадобиться ця рука?"
"M05S13_INT_Cat_AfterDS_Loca6","You're losing it, detective. At this rate, you're right: the bottle will get you before I do.","Ви втрачаєте контроль, детективе. Такими темпами, ви маєте рацію: пляшка дістане вас раніше, ніж я."
"M05S13_INT_Cat_AfterDS_Loca10","M05S13_INT_Cat_AfterDS_Loca10",""
"M05S13_INT_Cat_AfterDS_Loca4","M05S13_INT_Cat_AfterDS_Loca4",""
"M05S13_INT_Cat_AfterDS_Loca5","Don't tell me that you're going crazy, too.","Тільки не кажи мені, що ти теж божеволієш."
"M05S13_INT_Cat_AfterDS_Loca13","M05S13_INT_Cat_AfterDS_Loca13",""
"M05S13_INT_Cat_AfterDS_Loca2","You didn't see anything?","Ти нічого не бачив?"
"M05S13_INT_Cat_AfterDS_Loca7","I saw you within an inch of putting a dagger through your forearm... Did I miss something more interesting?","Я бачив, як ти був за дюйм від того, щоб встромити кинджал собі в передпліччя... Я пропустив щось цікавіше?"
"M05S13_INT_Cat_AfterDS_Loca15","M05S13_INT_Cat_AfterDS_Loca15",""
"M05S13_INT_Cat_AfterDS_Loca16","The painting was cursed.","Картина була проклята."
"M05S13_INT_Cat_AfterDS_Loca19","Sanders was right. This painting is cursed.","Сандерс був правий. Ця картина проклята."
"M05S13_INT_Cat_AfterDS_Loca23","What are you talking about?","Про що ти говориш?"
"M05S13_INT_Cat_AfterDS_Loca25","M05S13_INT_Cat_AfterDS_Loca25",""
"M05S13_INT_Cat_AfterDS_Loca17","I was attacked... by a creature.","На мене напала... істота."
"M05S13_INT_Cat_AfterDS_Loca20","I was attacked by a creature. I pushed it back... I think.","На мене напала якась істота. Я відштовхнув його... Здається."
"M05S13_INT_Cat_AfterDS_Loca24","I think so too.","Я теж так думаю."
"M05S13_INT_Cat_AfterDS_Loca30","M05S13_INT_Cat_AfterDS_Loca30",""
"M05S13_INT_Cat_AfterDS_Loca18","No, I just drank a bit too much.","Ні, я просто трохи перебрав з випивкою."
"M05S13_INT_Cat_AfterDS_Loca21","It’s nothing... I think that I just drank too much.","Нічого... Думаю, я просто перебрав."
"M05S13_INT_Cat_AfterDS_Loca22","That goes without saying.","Це само собою зрозуміло."
"M05S13_INT_Cat_AfterDS_Loca26","If you can't tell the difference between reality and fiction, then you're in real trouble.","Якщо ви не можете відрізнити реальність від вигадки, то у вас справжні проблеми."
"M05S13_INT_Cat_AfterDS_Loca27","Reality? Let's talk about reality!","Реальність? Поговоримо про реальність!"
"M05S13_INT_Cat_AfterDS_Loca29","M05S13_INT_Cat_AfterDS_Loca29",""
"M05S13_INT_Cat_AfterDS_Loca28","M05S13_INT_Cat_AfterDS_Loca28",""
"M05S13_INT_Cat_AfterDS_Loca31","You didn't hear anything?","Ви нічого не чули?"
"M05S13_INT_Cat_AfterDS_Loca35","I ran, screamed, broke a pane of glass... You were in the next room and you didn't hear a thing?","Я бігала, кричала, розбила шибку... Ти був у сусідній кімнаті і нічого не чув?"
"M05S13_INT_Cat_AfterDS_Loca36","If I hadn't heard a thing, I'd still be in the other room.","Якби я нічого не почув, то все одно був би в іншій кімнаті."
"M05S13_INT_Cat_AfterDS_Loca37","The door was blocked. I got in as soon as I could.","Двері були заблоковані. Я зайшов, як тільки зміг."
"M05S13_INT_Cat_AfterDS_Loca76","I like to look after my goods.","Я люблю доглядати за своїми товарами."
"M05S13_INT_Cat_AfterDS_Loca66","M05S13_INT_Cat_AfterDS_Loca66",""
"M05S13_INT_Cat_AfterDS_Loca67","M05S13_INT_Cat_AfterDS_Loca67",""
"M05S13_INT_Cat_AfterDS_Loca69","M05S13_INT_Cat_AfterDS_Loca69",""
"M05S13_INT_Cat_AfterDS_Loca38","You mean me.","Ти маєш на увазі мене."
"M05S13_INT_Cat_AfterDS_Loca39","Don't flatter yourself, sweetheart. I'm talking about the contents of this gallery.","Не лести собі, люба. Я говорю про вміст цієї галереї."
"M05S13_INT_Cat_AfterDS_Loca68","And, by the way, where do you think you're going with that dagger?","І, до речі, куди ти збираєшся з цим кинджалом?"
"M05S13_INT_Cat_AfterDS_Loca41","It saved my life. It’s an extraordinary dagger.","Він врятував мені життя. Це надзвичайний кинджал."
"M05S13_INT_Cat_AfterDS_Loca42","You should talk to Algernon Drake. He’s an antique dealer here on Darkwater. He’ll tell you all about it.","Вам варто поговорити з Елджерноном Дрейком. Він антиквар тут, на Дарквотер. Він тобі все розповість."
"M05S13_INT_Cat_AfterDS_Loca43","From what I saw in the ledgers, it was him who sold it to Sanders.","З того, що я бачив у бухгалтерських книгах, саме він продав його Сандерсу."
"M05S13_INT_Cat_AfterDS_Loca73","M05S13_INT_Cat_AfterDS_Loca73",""
"M05S13_INT_Cat_AfterDS_Loca32","You must have noticed the state of my arm...","Ви, напевно, помітили, в якому стані моя рука..."
"M05S13_INT_Cat_AfterDS_Loca45","My arm was disappearing into this... painting. You must have seen that.","Моя рука розчинялася в цій... картині. Ви, мабуть, бачили це."
"M05S13_INT_Cat_AfterDS_Loca46","I saw you put your trembling hands on a collector's artifact.","Я бачив, як ти тремтячими руками торкався колекційного артефакту."
"M05S13_INT_Cat_AfterDS_Loca47","Where do you think you are going with that dagger?","Куди ти збираєшся з цим кинджалом?"
"M05S13_INT_Cat_AfterDS_Loca48","M05S13_INT_Cat_AfterDS_Loca48",""
"M05S13_INT_Cat_AfterDS_Loca33","You knew, about the monster?","Ти знав про монстра?"
"M05S13_INT_Cat_AfterDS_Loca49","You knew. You knew, about the beast.","Ти знав. Ти знав, про звіра."
"M05S13_INT_Cat_AfterDS_Loca34","M05S13_INT_Cat_AfterDS_Loca34",""
"M05S13_INT_Cat_AfterDS_Loca50","Between what Irene told me and what I read in Sanders's library, I preferred to be cautious.","Між тим, що мені сказала Ірен, і тим, що я прочитав у бібліотеці Сандерса, я вирішив бути обережним."
"M05S13_INT_Cat_AfterDS_Loca52","You seemed pretty keen to go it alone. At worst, you would have confirmed my fears...","Ти, здавалося, був дуже зацікавлений у тому, щоб діяти самостійно. У гіршому випадку ти б підтвердив мої страхи..."
"M05S13_INT_Cat_AfterDS_Loca53","At best, you would have cleared the way to my merchandise. Thank you, detective!","У кращому випадку ти б проклав шлях до моїх товарів. Дякую, детективе!"
"M05S13_INT_Cat_AfterDS_Loca54","M05S13_INT_Cat_AfterDS_Loca54",""
"M05S13_INT_Cat_AfterDS_Loca57","M05S13_INT_Cat_AfterDS_Loca57",""
"M05S13_INT_Cat_AfterDS_Loca58","What are you talking about?","Про що ти говориш?"
"M05S13_INT_Cat_AfterDS_Loca59","Think yourself lucky that I saved your hand... even if it was to save my goods.","Вважай, що тобі пощастило, що я врятував твою руку... навіть якщо це було для того, щоб врятувати свій товар."
"M05S13_INT_Cat_AfterDS_Loca60","M05S13_INT_Cat_AfterDS_Loca60",""
"M05S13_INT_Cat_AfterDS_Loca62","I really should talk to this Drake.","Я справді повинен поговорити з цим Дрейком."
"M05S13_INT_Cat_AfterDS_Loca80","This creature… this dagger was the only weapon capable of pushing it back.","Ця істота... цей кинджал був єдиною зброєю, здатною відштовхнути її."
"M05S13_INT_Cat_AfterDS_Loca78","This symbol, on the dagger... It was all over Sanders' cell. It's what protected him.","Цей символ на кинджалі... Він був на всій камері Сандерса. Це те, що захищало його."
"M05S13_INT_Cat_AfterDS_Loca82","It's what protected me, too.","Це те, що захищало і мене."
"M05S13_INT_Cat_AfterDS_Loca79","If Hawkins was trying to get rid of this ""Shambler"", she might have made contact with Drake.","Якщо Гокінс намагалася позбутися цього ""Шахрая"", вона могла зв'язатися з Дрейком."
"M05S13_INT_Cat_AfterDS_Loca55","This antique dealer has a good knowledge of the occult. I have nothing to lose by meeting him.","Цей антиквар має гарне знання окультизму. Мені нічого не заважає зустрітися з ним."
"M05S13_INT_Cat_AfterDS_Loca75","You've got your spunk back! Go where you want. I'm staying here to talk business with Irene.","У тебе знову з'явився дух! Іди куди хочеш. Я залишаюся тут, щоб поговорити про бізнес з Ірен."
"M05S13_INT_Cat_AfterDS_Loca63","And you give me this information free of charge?","І ти даєш мені цю інформацію безкоштовно?"
"M05S13_INT_Cat_AfterDS_Loca65","It's not your style to give me free information like that.","Це не в твоєму стилі давати мені таку інформацію безкоштовно."
"M05S13_INT_Cat_AfterDS_Loca56","Take it as payment for being my canary. A simple trade-off.","Прийми це як оплату за те, що ти був моєю канаркою. Простий обмін."
"M05S13_INT_Cat_AfterDS_Loca74","Now go see your antique seller. I've still got things to settle with Irene.","А тепер йди до свого антиквара. Мені ще треба залагодити деякі справи з Ірен."
"M05S13_INT_Cat_AfterIntro_Loca1","M05S13_INT_Cat_AfterIntro_Loca1",""
"M05S13_INT_Cat_AfterIntro_Loca3","You know each other?","Ви знайомі один з одним?"
"M05S13_INT_Cat_AfterIntro_Loca10","M05S13_INT_Cat_AfterIntro_Loca10",""
"M05S13_INT_Cat_AfterIntro_Loca8","We had a brief exchange.","Ми мали коротку розмову."
"M05S13_INT_Cat_AfterIntro_Loca17","We met, briefly, but he made a strong impression on me.","Ми зустрічалися недовго, але він справив на мене сильне враження."
"M05S13_INT_Cat_AfterIntro_Loca9","We met, briefly... Time enough to iron out a few matters.","Ми зустрілися, недовго... Достатньо часу, щоб залагодити деякі питання."
"M05S13_INT_Cat_AfterIntro_Loca14","The main thing is that we understood one another.","Головне, що ми зрозуміли один одного."
"M05S13_INT_Cat_AfterIntro_Loca15","M05S13_INT_Cat_AfterIntro_Loca15",""
"M05S13_INT_Cat_AfterIntro_Loca12","M05S13_INT_Cat_AfterIntro_Loca12",""
"M05S13_INT_Cat_AfterIntro_Loca16","Our paths crossed, briefly.","Наші шляхи ненадовго перетнулися."
"M05S13_INT_Cat_AfterIntro_Loca2","The brave detective has a talent for sticking his nose into my business.","Відважний детектив має талант встромляти свого носа в мої справи."
"M05S13_INT_Cat_AfterIntro_Loca4","I bump into her every time I’m investigating someone’s death.","Я стикаюся з нею щоразу, коли розслідую чиюсь смерть."
"M05S13_INT_Cat_AfterIntro_Loca5","It's a small island, detective. My island. It's better that it’s you bumping into me.","Це маленький острів, детективе. Мій острів. Краще, що це ви зіткнулися зі мною."
"M05S13_INT_Cat_AfterIntro_Loca7","You're investigating Francis' death? Why? Who hired you?","Ти розслідуєш смерть Френсіса? Чому? Хто найняв тебе?"
"M05S13_INT_Cat_AfterIntro_Loca6","I spoke to Francis before he died. His story suggests a link to a case I’m working on.","Я розмовляв з Френсісом перед його смертю. Його історія наштовхує на думку про зв'язок зі справою, над якою я працюю."
"M05S13_INT_Cat_Confrontation_Loca1","M05S13_INT_Cat_Confrontation_Loca1",""
"M05S13_INT_Cat_Confrontation_Loca2","That's twice you've stepped on my toes, detective. Try not to make a habit of it.","Ви вже двічі наступили мені на п'яти, детективе. Постарайтеся, щоб це не увійшло в звичку."
"M05S13_INT_Cat_Confrontation_Loca3","I've got a lot of bad habits...","У мене багато шкідливих звичок..."
"M05S13_INT_Cat_Confrontation_Loca8","M05S13_INT_Cat_Confrontation_Loca8",""
"M05S13_INT_Cat_Confrontation_Loca4","Some can be more fatal than others.","Деякі з них можуть бути більш фатальними, ніж інші."
"M05S13_INT_Cat_Confrontation_Loca12","M05S13_INT_Cat_Confrontation_Loca12",""
"M05S13_INT_Cat_Confrontation_Loca5","M05S13_INT_Cat_Confrontation_Loca5",""
"M05S13_INT_Cat_Confrontation_Loca7","That's what's so appealing about you... and that you’re in my debt so soon after arriving on Darkwater.","Це те, що так приваблює в тобі... і те, що ти у мене в боргу так скоро після прибуття на Дарквотер."
"M05S13_INT_Cat_Confrontation_Loca11","M05S13_INT_Cat_Confrontation_Loca11",""
"M05S13_INT_Cat_Confrontation_Loca10","What have you come looking for in this gallery?","Що ви шукали в цій галереї?"
"M05S13_INT_Cat_Confrontation_Loca13","M05S13_INT_Cat_Confrontation_Loca13",""
"M05S13_INT_Cat_Confrontation_Loca14","Another painting by Sarah Hawkins.","Ще одна картина Сари Гокінс."
"M05S13_INT_Cat_Confrontation_Loca19","Another painting by Sarah Hawkins. One connected to the horrors I have discovered on this island.","Ще одна картина Сари Гокінс. Та, що пов'язана з жахіттями, які я відкрив на цьому острові."
"M05S13_INT_Cat_Confrontation_Loca21","M05S13_INT_Cat_Confrontation_Loca21",""
"M05S13_INT_Cat_Confrontation_Loca30","You mean that you always find them in the wrong place? I hope that the irony doesn't escape you.","Ти маєш на увазі, що завжди знаходиш їх не в тому місці? Сподіваюся, іронія тобі зрозуміла."
"M05S13_INT_Cat_Confrontation_Loca39","It depends... Are we talking about me or about you?","Залежить від того... Ми говоримо про мене чи про тебе?"
"M05S13_INT_Cat_Confrontation_Loca65","M05S13_INT_Cat_Confrontation_Loca65",""
"M05S13_INT_Cat_Confrontation_Loca24","M05S13_INT_Cat_Confrontation_Loca24",""
"M05S13_INT_Cat_Confrontation_Loca42","What a surprise. I'm listening...","Яка несподіванка. Я слухаю..."
"M05S13_INT_Cat_Confrontation_Loca64","M05S13_INT_Cat_Confrontation_Loca64",""
"M05S13_INT_Cat_Confrontation_Loca15","It's none of your business.","Це не твоя справа."
"M05S13_INT_Cat_Confrontation_Loca36","It’s got nothing to do with you, Baker. At least, I hope...","Це не має до тебе ніякого відношення, Бейкер. Принаймні, я сподіваюся..."
"M05S13_INT_Cat_Confrontation_Loca29","Bravado, a threat? In the same sentence!","Браво, погроза? В одному реченні!"
"M05S13_INT_Cat_Confrontation_Loca37","M05S13_INT_Cat_Confrontation_Loca37",""
"M05S13_INT_Cat_Confrontation_Loca43","Very well. I'll make as if I have no idea.","Добре. Я зроблю вигляд, що не маю уявлення."
"M05S13_INT_Cat_Confrontation_Loca62","M05S13_INT_Cat_Confrontation_Loca62",""
"M05S13_INT_Cat_Confrontation_Loca46","M05S13_INT_Cat_Confrontation_Loca46",""
"M05S13_INT_Cat_Confrontation_Loca47","I appreciate the effort, detective, but watch your tongue.","Я ціную зусилля, детективе, але стеж за своїм язиком."
"M05S13_INT_Cat_Confrontation_Loca63","M05S13_INT_Cat_Confrontation_Loca63",""
"M05S13_INT_Cat_Confrontation_Loca16","I've got to verify the paintings for a buyer.","Мені потрібно перевірити картини для покупця."
"M05S13_INT_Cat_Confrontation_Loca49","I have a well-off client in Boston who heard about the death of Francis Sanders. He wanted me to size up his estate.","У мене є заможний клієнт у Бостоні, який чув про смерть Френсіса Сандерса. Він хотів, щоб я оцінив його майно."
"M05S13_INT_Cat_Confrontation_Loca51","Before making an offer to his widow.","Перед тим, як зробити пропозицію його вдові."
"M05S13_INT_Cat_Confrontation_Loca50","M05S13_INT_Cat_Confrontation_Loca50",""
"M05S13_INT_Cat_Confrontation_Loca52","Perfect, detective! The pretext, the body language... I would have bought it if it was the first time I'd seen your face.","Чудово, детективе! Привід, мова тіла... Я б купив це, якби це був перший раз, коли я бачу твоє обличчя."
"M05S13_INT_Cat_Confrontation_Loca53","However, I do appreciate a quality yarn.","Однак я ціную якісну байку."
"M05S13_INT_Cat_Confrontation_Loca142","You're a good talker, Pierce: your story will do for the moment.","Ти гарно говориш, Пірс: твоя історія підійде на даний момент."
"M05S13_INT_Cat_Confrontation_Loca66","M05S13_INT_Cat_Confrontation_Loca66",""
"M05S13_INT_Cat_Confrontation_Loca57","M05S13_INT_Cat_Confrontation_Loca57",""
"M05S13_INT_Cat_Confrontation_Loca58","Nice story, bad lie. Learn how to dupe, detective.","Гарна історія, погана брехня. Вчіться дурити, детективе."
"M05S13_INT_Cat_Confrontation_Loca60","M05S13_INT_Cat_Confrontation_Loca60",""
"M05S13_INT_Cat_Confrontation_Loca17","I'm not here to create problems for you.","Я тут не для того, щоб створювати вам проблеми."
"M05S13_INT_Cat_Confrontation_Loca54","I'm not here to cause trouble, if that's what's worrying you.","Я не тут, щоб створювати проблеми, якщо це тебе турбує."
"M05S13_INT_Cat_Confrontation_Loca55","Worry me? Don't overestimate yourself.","Турбувати мене? Не переоцінюй себе."
"M05S13_INT_Cat_Confrontation_Loca144","M05S13_INT_Cat_Confrontation_Loca144",""
"M05S13_INT_Cat_Confrontation_Loca147","If the last beating wasn't enough for you, I can always give it another go.","Якщо останнього побиття було недостатньо, я завжди можу дати тобі ще раз."
"M05S13_INT_Cat_Confrontation_Loca56","But as long as you keep out of my way, you're free to carry on with your visit.","Але поки ти не заважатимеш мені, ти можеш продовжувати свій візит."
"M05S13_INT_Cat_Confrontation_Loca67","M05S13_INT_Cat_Confrontation_Loca67",""
"M05S13_INT_Cat_Confrontation_Loca146","M05S13_INT_Cat_Confrontation_Loca146",""
"M05S13_INT_Cat_Confrontation_Loca148","As I already told you, next time I'll strike first."," Як я вже казав, наступного разу я вдарю першим."
"M05S13_INT_Cat_Confrontation_Loca149","M05S13_INT_Cat_Confrontation_Loca149",""
"M05S13_INT_Cat_Confrontation_Loca61","M05S13_INT_Cat_Confrontation_Loca61",""
"M05S13_INT_Cat_Confrontation_Loca68","And you, what are you doing here?","А ти що тут робиш?"
"M05S13_INT_Cat_Confrontation_Loca69","And you, what brings you to the Sanders home?","А ти, що привело тебе до дому Сандерсів?"
"M05S13_INT_Cat_Confrontation_Loca71","M05S13_INT_Cat_Confrontation_Loca71",""
"M05S13_INT_Cat_Confrontation_Loca72","I'm here on business... Irene asked me to liquidate all these paintings.","Я тут у справах... Ірен попросила мене ліквідувати всі ці картини."
"M05S13_INT_Cat_Confrontation_Loca159","She doesn't intend to hang around here for long...","Вона не має наміру затримуватися тут надовго..."
"M05S13_INT_Cat_Confrontation_Loca93","Why you?","Чому ти?"
"M05S13_INT_Cat_Confrontation_Loca92","Believe it or not there aren’t many collectors on Darkwater. It needs someone with a network. And a means of transport for the mainland.","Вір чи ні, але на Дарквотері не так багато колекціонерів. Потрібен хтось із мережею. І засобами транспорту для материка."
"M05S13_INT_Cat_Confrontation_Loca94","A choice that comes down to Fitzroy and me. And I'm far more pleasant, wouldn't you say?","Вибір зводиться до Фітцроя і мене. А я набагато приємніший, не так ли?"
"M05S13_INT_Cat_Confrontation_Loca73","M05S13_INT_Cat_Confrontation_Loca73",""
"M05S13_INT_Cat_Confrontation_Loca70","What I know does not concern you, detective.","Те, що я знаю, не стосується тебе, детективе."
"M05S13_INT_Cat_Confrontation_Loca75","M05S13_INT_Cat_Confrontation_Loca75",""
"M05S13_INT_Cat_Confrontation_Loca76","I must insist...","Я наполягаю..."
"M05S13_INT_Cat_Confrontation_Loca82","M05S13_INT_Cat_Confrontation_Loca82",""
"M05S13_INT_Cat_Confrontation_Loca84","I'm afraid that I must insist... I'm already trying to convince myself that you have nothing to do with my investigation.","Я боюся, що мушу наполягати... Я вже намагаюся переконати себе, що ти не маєш нічого спільного з моїм розслідуванням."
"M05S13_INT_Cat_Confrontation_Loca90","But you must help me to stick with this assumption","Але ти маєш допомогти мені дотримуватися цього припущення."
"M05S13_INT_Cat_Confrontation_Loca152","Or I’ll have to treat you like a suspect.","Інакше мені доведеться поводитися з тобою, як з підозрюваним."
"M05S13_INT_Cat_Confrontation_Loca101","M05S13_INT_Cat_Confrontation_Loca101",""
"M05S13_INT_Cat_Confrontation_Loca83","M05S13_INT_Cat_Confrontation_Loca83",""
"M05S13_INT_Cat_Confrontation_Loca85","Must I ask good Officer Bradley? I had the impression that the chemistry wasn't that great between the two of you.","Мені слід запитати доброго офіцера Бредлі? У мене склалося враження, що хімія між вами не така вже й велика."
"M05S13_INT_Cat_Confrontation_Loca86","Is that all you've got, detective? I was invited here by Irene, herself. It's got nothing to do with the police.","Це все, що у вас є, детективе? Мене запросила сюди сама Ірен. Поліція тут ні до чого."
"M05S13_INT_Cat_Confrontation_Loca87","As for your Bradley, it's me who gave him his scar.","Щодо вашого Бредлі, то це я подарував йому шрам."
"M05S13_INT_Cat_Confrontation_Loca88","And try that kind of approach on me again, and I promise you, your face will be far more repulsive than his.","І спробуйте ще раз застосувати такий підхід до мене, і я обіцяю вам, що ваше обличчя буде набагато більш відразливим, ніж його."
"M05S13_INT_Cat_Confrontation_Loca89","M05S13_INT_Cat_Confrontation_Loca89",""
"M05S13_INT_Cat_Confrontation_Loca77","Very well","Добре"
"M05S13_INT_Cat_Confrontation_Loca81","All's fair in love and war, I suppose.","Я вважаю, що в коханні та на війні все по-чесному.."
"M05S13_INT_Cat_Confrontation_Loca126","Mrs Sanders knows your real name...","Пані Сандерс знає твоє справжнє ім'я..."
"M05S13_INT_Cat_Confrontation_Loca110","There's more than that, ""Miss Baker""...","Є більше, ніж це, ""Міс Бейкер""..."
"M05S13_INT_Cat_Confrontation_Loca119","So people have been talking behind my back! I was almost beginning to like you, ""Mr Pierce"".","Значить, люди говорили за моєю спиною! Ви мені майже почали подобатися, ""містере Пірс""."
"M05S13_INT_Cat_Confrontation_Loca151","But it stays ""Cat"" for you.","Але для вас залишається ""Кіт""."
"M05S13_INT_Cat_Confrontation_Loca121","You knew the Sanders?","Ви знали Сандерсів?"
"M05S13_INT_Cat_Confrontation_Loca123","Irene is a friend of mine.","Ірен - моя подруга."
"M05S13_INT_Cat_Confrontation_Loca158","M05S13_INT_Cat_Confrontation_Loca158",""
"M05S13_INT_Cat_Confrontation_Loca100","Did you see the dagger in this drawing?","Ти бачив кинджал на цьому малюнку?"
"M05S13_INT_Cat_Confrontation_Loca116","I found this drawing of a dagger. Did you come across anything like it in your reading?","Я знайшов цей малюнок кинджала. Ти натрапляв на щось подібне в своїх читаннях?"
"M05S13_INT_Cat_Confrontation_Loca133","M05S13_INT_Cat_Confrontation_Loca133",""
"M05S13_INT_Cat_Confrontation_Loca135","Perhaps. I saw several daggers in the ledgers. I could always check.","Можливо. Я бачив кілька кинджалів у книгах обліку. Можу завжди перевірити."
"M05S13_INT_Cat_Confrontation_Loca136","What I didn't find, however, was the slightest reason why I should help you, detective.","Що я не знайшов, так це найменшої причини, чому я повинен допомогти вам, детективе."
"M05S13_INT_Cat_Confrontation_Loca137","I don't need your services. I can manage all of my own, thanks.","Я не потребую ваших послуг. Я можу впоратися сам, дякую."
"M05S13_INT_Cat_Confrontation_Loca138","Do it then.","Зроби це тоді."
"M05S13_INT_Cat_Confrontation_Loca139","M05S13_INT_Cat_Confrontation_Loca139",""
"M05S13_INT_Cat_Confrontation_Loca132","I must have seen it in the ledgers, yes... Sanders has a whole collection of ancient weapons.","Я, напевно, бачив його в книгах обліку, так... У Сандерса ціла колекція стародавньої зброї."
"M05S13_INT_Cat_Confrontation_Loca134","I'll take a look. Will you come with me?","Я гляну. Ти підеш зі мною?"
"M05S13_INT_Cat_Confrontation_Loca141","I haven't finished with these ledgers.","Я ще не закінчив з цими бухгалтерськими книгами."
"M05S13_INT_Cat_Confrontation_Loca156","As you wish.","Як бажаєте."
"M05S13_INT_Irene_Intro_Loca1","M05S13_INT_Irene_Intro_Loca1",""
"M05S13_INT_Irene_Intro_Loca15","May I inquire as to when you had the opportunity to talk to my husband?","Можу я запитати, коли ви мали можливість поговорити з моїм чоловіком?"
"M05S13_INT_Irene_Intro_Loca16","Yesterday. I met him at the hospital. He spoke to me about Sarah Hawkins.","Вчора. Я зустрів його в лікарні. Він розповів мені про Сару Гокінс."
"M05S13_INT_Irene_Intro_Loca17","Of course he spoke to you about her. That's all I he talked about. Sarah Hawkins and her paintings.","Звичайно, він говорив з вами про неї. Це все, про що він говорив. Про Сару Гокінс і її картини."
"M05S13_INT_Irene_Intro_Loca18","Please forgive my tone. The fact is that I have not been allowed to see him since he was interned.","Вибачте, будь ласка, за мій тон. Справа в тому, що мені не дозволяли бачитися з ним відтоді, як його інтернували."
"M05S13_INT_Irene_Intro_Loca117","You, on the other hand, a perfect stranger, were able to see him, and even talk with him, the day he died.","Ви ж, зовсім незнайома людина, змогли побачити його і навіть поговорити з ним у день його смерті."
"M05S13_INT_Irene_Intro_Loca53","How was he? Were you present when he had this attack? What happened?","Як він? Ви були присутні, коли в нього стався цей напад? Що сталося?"
"M05S13_INT_Irene_Intro_Loca3","M05S13_INT_Irene_Intro_Loca3",""
"M05S13_INT_Irene_Intro_Loca4","He died screaming, right before my eyes.","Він помер, кричачи, прямо на моїх очах."
"M05S13_INT_Irene_Intro_Loca19","He started raving. Screaming that a ""Dimensional Shambler"" had found him.","Він почав божеволіти. Кричав, що ""Міжвимірний Волоцюга"" знайшов його."
"M05S13_INT_Irene_Intro_Loca20","Mercy, that story again... Why have him interned!?","Мерсі, знову ця історія... Чому його інтернували!?"
"M05S13_INT_Irene_Intro_Loca7","That was when he began to convulse and twist with pain or terror. It's hard to tell.","Тоді він почав битися в конвульсіях і скручуватися від болю чи жаху. Важко сказати."
"M05S13_INT_Irene_Intro_Loca2","I beg your pardon?","Перепрошую?"
"M05S13_INT_Irene_Intro_Loca8","I'm not really sure of what I saw... or what I didn't see.","Я не зовсім впевнений, що я бачив... або чого я не бачив."
"M05S13_INT_Irene_Intro_Loca102","But it is best that you were not there.","Але краще, що вас там не було."
"M05S13_INT_Irene_Intro_Loca29","I should have been there! What you are telling me is outrageous!","Я повинен був бути там! Те, що ви мені розповідаєте, просто обурливо!"
"M05S13_INT_Irene_Intro_Loca23","M05S13_INT_Irene_Intro_Loca23",""
"M05S13_INT_Irene_Intro_Loca5","You must not feel guilty.","Ви не повинні відчувати провину."
"M05S13_INT_Irene_Intro_Loca10","What happened to your husband is terrible, Mrs. Sanders... But, from what I saw, it was inevitable.","Те, що сталося з вашим чоловіком, жахливо, місіс Сандерс... Але з того, що я бачив, це було неминуче."
"M05S13_INT_Irene_Intro_Loca11","The man I met yesterday had lost his reason..","Чоловік, якого я зустрів учора, втратив розум."
"M05S13_INT_Irene_Intro_Loca103","He suffers no longer, if you would allow me such a platitude.","Він більше не страждає, якщо ви дозволите мені таку банальність."
"M05S13_INT_Irene_Intro_Loca9","Of course... Thank you for your kind words. Nobody in that hospital would have deigned to speak them to me.","Авжеж... Дякую за ваші добрі слова. Ніхто в цій лікарні не зважився б сказати їх мені."
"M05S13_INT_Irene_Intro_Loca99","However, it will require more than that to soothe my mind.","Однак для того, щоб заспокоїти мій розум, потрібно більше, ніж це."
"M05S13_INT_Irene_Intro_Loca54","M05S13_INT_Irene_Intro_Loca54",""
"M05S13_INT_Irene_Intro_Loca6","I was no longer there when it happened.","Я вже не був там, коли це сталося."
"M05S13_INT_Irene_Intro_Loca14","We had a short conversation, and then I left. I don't know what happened after that.","Ми мали коротку розмову, а потім я пішов. Я не знаю, що сталося після цього."
"M05S13_INT_Irene_Intro_Loca24","Oh. I see...","О, розумію..."
"M05S13_INT_Irene_Intro_Loca104","Mr. Pierce, you must forgive my audaciousness, but I have had practice of life in high society for over thirty years.","Містер Пірс, ви повинні пробачити мені мою нахабність, але я маю досвід життя в високому суспільстві протягом понад тридцяти років."
"M05S13_INT_Irene_Intro_Loca12","Reading one's interlocutors, recognizing the politeness of a lie are things that are taught very early to young girls from a good family.","Читання своїх співрозмовників, розпізнавання ввічливості брехні - це те, чому дуже рано вчать молодих дівчат з гарної родини."
"M05S13_INT_Irene_Intro_Loca13","But your lie has nothing polite about it. It is crass, insulting and, dare I say, terribly suspicious.","Але ваша брехня не має нічого ввічливого. Вона груба, образлива і, наважуся сказати, страшенно підозріла."
"M05S13_INT_Irene_Intro_Loca105","Try to understand my position.","Спробуйте зрозуміти мою позицію."
"M05S13_INT_Irene_Intro_Loca28","M05S13_INT_Irene_Intro_Loca28",""
"M05S13_INT_Irene_Intro_Loca118","You're taking it quite well...","Ви досить добре це сприймаєте..."
"M05S13_INT_Irene_Intro_Loca119","I expected to find you more grief-stricken than that by the death of your husband.","Я очікував, що ви будете більш засмучені смертю свого чоловіка."
"M05S13_INT_Irene_Intro_Loca121","I do not like the tone of your allusion, sir.","Я не люблю тон вашого натяку, сер."
"M05S13_INT_Irene_Intro_Loca122","I had long months to weep every tear in my body and to accept, if not my fate, at least that of my husband.","Я мала довгі місяці, щоб виплакати кожну сльозу в своєму тілі і прийняти, якщо не свою долю, то принаймні долю свого чоловіка."
"M05S13_INT_Irene_Intro_Loca123","And so I am sorry to disappoint you if you were expecting more hysteria and grieving widow in my voice.","І тому мені шкода розчаровувати вас, якщо ви очікували більше істерики та голосу вдови, що оплакує свого чоловіка."
"M05S13_INT_Irene_Intro_Loca120","Rest assured, however. My anger is real!","Запевняю вас, однак. Мій гнів справжній!"
"M05S13_INT_Irene_Intro_Loca125","M05S13_INT_Irene_Intro_Loca125",""
"M05S13_INT_Irene_Intro_Loca30","I need to understand... How could this happen? In a reputed institute! And right before your eyes!","Мені потрібно зрозуміти... Як це могло статися? У відомому інституті! І прямо на ваших очах!"
"M05S13_INT_Irene_Intro_Loca31","Did you not do anything to help him?","Ви не зробили нічого, щоб допомогти йому?"
"M05S13_INT_Irene_Intro_Loca32","M05S13_INT_Irene_Intro_Loca32",""
"M05S13_INT_Irene_Intro_Loca33","It wasn't me who sent him there...","Це не я відправив його туди... "
"M05S13_INT_Irene_Intro_Loca36","With all due respect, Mrs Sanders, it was you who sent him to this asylum. Not me.","З усією повагою, місіс Сандерс, це ви відправили його до цього притулку. Не я."
"M05S13_INT_Irene_Intro_Loca37","How dare you!","Як ви смієте!"
"M05S13_INT_Irene_Intro_Loca109","What was I supposed to do, detective? Upon seeing such a brilliant mind disintegrate in this way?","Що мені було робити, детективе? Побачивши, як такий блискучий розум розпадається таким чином?"
"M05S13_INT_Irene_Intro_Loca38","Waking with a start every night with him shrieking in horror, petrified before this accursed painting, unable to look away...","Прокидаючись щоночі від його криків жаху, закам’янілий перед цією проклятою картиною, не в змозі відвести погляд..."
"M05S13_INT_Irene_Intro_Loca110","Until he managed to gouge his eyes out with his own hands!","Аж поки йому не вдалося виколоти собі очі власноруч!"
"M05S13_INT_Irene_Intro_Loca40","I should have listened to Dr. Fuller... Let him intern him months ago.","Я повинен був послухати доктора Фуллера... Дозволити йому інтернувати його місяці тому."
"M05S13_INT_Irene_Intro_Loca100","If I am to be condemned, it is because I did not act sooner!","Якщо мене засудять, то лише за те, що я не вжила заходів раніше!"
"M05S13_INT_Irene_Intro_Loca42","M05S13_INT_Irene_Intro_Loca42",""
"M05S13_INT_Irene_Intro_Loca34","The true culprit is Fuller.","Правдивий винуватець - Фуллер."
"M05S13_INT_Irene_Intro_Loca43","So ask Fuller. He's the eminent doctor.","Так запитайте Фуллера. Він видатний лікар."
"M05S13_INT_Irene_Intro_Loca106","But I would caution you’ll find his treatments more terrifying than the illnesses he sets out to cure.","Але я б застеріг вас, що ви знайдете його лікування більш жахливими, ніж хвороби, які він намагається вилікувати."
"M05S13_INT_Irene_Intro_Loca45","That churl no longer takes the trouble to receive me!","Цей грубіян більше не вважає за потрібне приймати мене!"
"M05S13_INT_Irene_Intro_Loca108","He sends his secretary to tell me that I can not see Francis... Me! His own widow!","Він посилає свого секретаря, щоб сказати мені, що я не можу бачити Франсіса... Мене! Його власну вдову!"
"M05S13_INT_Irene_Intro_Loca46","You must think that I am a terrible wife for having abandoned him in such a way... But I only wanted what was best for him.","Ви, напевно, думаєте, що я жахлива дружина, що залишила його в такому стані... Але я лише хотіла найкращого для нього."
"M05S13_INT_Irene_Intro_Loca47","I am not here to condemn you, Mrs Sanders.","Я тут не для того, щоб засуджувати вас, пані Сандерс."
"M05S13_INT_Irene_Intro_Loca55","M05S13_INT_Irene_Intro_Loca55",""
"M05S13_INT_Irene_Intro_Loca35","I share your grief, but I had nothing to do with it!","Я розділяю ваш біль, але я не маю до цього жодного відношення!"
"M05S13_INT_Irene_Intro_Loca49","M05S13_INT_Irene_Intro_Loca49",""
"M05S13_INT_Irene_Intro_Loca48","Mrs. Sanders, I understand your grief and I extend my deepest condolences to you....","Місіс Сандерс, я розумію ваш біль і висловлюю вам свої найглибші співчуття...."
"M05S13_INT_Irene_Intro_Loca51","But I had nothing to do with the death of your husband... I've just arrived on Darkwater. I'm investigating the death of the Hawkins family.","Але я не маю жодного відношення до смерті вашого чоловіка... Я тільки що прибув на Темний Водоспад. Я розслідував смерть родини Гокінсів."
"M05S13_INT_Irene_Intro_Loca56","The death of the Hawkins family? You mean,it was not an accident?","Смерть родини Гокінсів? Ви маєте на увазі, що це не була аварія?"
"M05S13_INT_Irene_Intro_Loca101","This accursed island only knows tragedy after tragedy... You, too, would be advised to flee it like the plague.","Цей проклятий острів знає лише трагедію за трагедією... Вам би теж радили тікати звідси, як від чуми."
"M05S13_INT_Irene_Intro_Loca61","M05S13_INT_Irene_Intro_Loca61",""
"M05S13_INT_Irene_Intro_Loca50","M05S13_INT_Irene_Intro_Loca50",""
"M05S13_INT_Irene_Intro_Loca58","It’s terrible what happened to your husband, but I had nothing to do with it!","Це жахливо, що сталося з вашим чоловіком, але я не маю до цього жодного відношення!"
"M05S13_INT_Irene_Intro_Loca111","I was injured and I came across him in the hospital, quite by chance.","Я був поранений і натрапив на нього в лікарні, абсолютно випадково."
"M05S13_INT_Irene_Intro_Loca57","Injured! Well I am delighted to see you in such fine fettle, detective.","Поранено! Я радий бачити вас у такому чудовому вбранні, детективе."
"M05S13_INT_Irene_Intro_Loca112","Not everybody enjoyed such a prompt recovery!","Не всім пощастило так швидко одужати!"
"M05S13_INT_Irene_Intro_Loca59","I suppose that Fuller does do miracles... now and again.","Я вважаю, що Фуллер дійсно творить дива... час від часу."
"M05S13_INT_Irene_Intro_Loca113","Luck is, obviously, very kind to you.","Удача, вочевидь, дуже прихильна до вас"
"M05S13_INT_Irene_Intro_Loca60","M05S13_INT_Irene_Intro_Loca60",""
"M05S13_INT_Irene_Intro_Loca52","I am tired, Mr. Pierce... I would be grateful if you could tell me what you expect of me, and then leave.","Я втомилася, містере Пірс... Буду вдячна, якщо ви скажете, чого ви від мене очікуєте, а потім підете."
"M05S13_INT_Irene_Intro_Loca62","M05S13_INT_Irene_Intro_Loca62",""
"M05S13_INT_Irene_Intro_Loca64","Since when was your husband psychotic?","З якого часу ваш чоловік страждає на психоз?"
"M05S13_INT_Irene_Intro_Loca70","I learned that your husband was suffering from psychosis... Can you tell me when his troubles began?","Я дізнався, що ваш чоловік страждав на психоз... Можете сказати, коли почалися його проблеми?"
"M05S13_INT_Irene_Intro_Loca72","It would be difficult to establish...","Це було б важко встановити..."
"M05S13_INT_Irene_Intro_Loca114","I have always known him as a devotee of macabre arts. Sarah Hawkins' works only served to accentuate his delusion.","Я завжди знала його як прихильника похмурого мистецтва. Твори Сари Гокінс лише підкреслювали його марення."
"M05S13_INT_Irene_Intro_Loca77","His enthusiasm soon turned to obsession, but it was only six months ago that his condition became alarming.","Його захоплення незабаром перетворилося на одержимість, але лише шість місяців тому його стан став тривожним."
"M05S13_INT_Irene_Intro_Loca79","His last acquisition... That accursed ""Shambler"" haunted him!","Його останнє придбання... Цей проклятий ""Волоцюга"" переслідував його!"
"M05S13_INT_Irene_Intro_Loca115","His passion turned into incessant nightmare... He used to scream like a madman!","Його пристрасть перетворилася на безперервний кошмар... Він кричав, як божевільний!"
"M05S13_INT_Irene_Intro_Loca76","M05S13_INT_Irene_Intro_Loca76",""
"M05S13_INT_Irene_Intro_Loca65","Did he speak to you of a ""Shambler""?","Він говорив вам про ""Волоцюгу""?"
"M05S13_INT_Irene_Intro_Loca73","Did your husband talk to you about Sarah Hawkin's visitor? A ""Shambler"" to use his precise terms...","Він говорив вам про відвідувача Сари Гокінс? ""Волоцюга"", якщо говорити його точними словами..."
"M05S13_INT_Irene_Intro_Loca127","Well, you can’t imagine, that’s all he talked about.","Ну, ви не уявляєте, це все, про що він говорив."
"M05S13_INT_Irene_Intro_Loca137","It is exhibited at the center of the gallery. No better place for the painting that endowed him with the privilege of such a shameful and miserable end to his life!","Вона виставлена в центрі галереї. Немає кращого місця для картини, яка наділила його привілеєм такого ганебного і жалюгідного завершення життя!"
"M05S13_INT_Irene_Intro_Loca138","Hold on. The Shambler is a painting? By Sarah Hawkins?","Почекайте. Волоцюга - це картина? Сари Гокінс?"
"M05S13_INT_Irene_Intro_Loca141","Who else, to paint such horrors. Take a look for yourself, if you feel so inclined.","Хто ще, щоб малювати такі жахи. Подивіться самі, якщо вам так хочеться."
"M05S13_INT_Irene_Intro_Loca126","It is my only lead at this stage... I suppose I have nothing to lose.","Це моя єдина зачіпка на цьому етапі... Я думаю, що мені нічого не залишається втрачати."
"M05S13_INT_Irene_Intro_Loca95","Then you have paid no heed!","Тоді ви не звернули на це уваги!"
"M05S13_INT_Irene_Intro_Loca143","For my part, I refuse to set foot in that gallery again. But if you’re so eager to see it…","Для мене, я відмовляюся знову ступати ногою в цю галерею. Але якщо ви так прагнете її побачити..."
"M05S13_INT_Irene_Intro_Loca97","I would urge you to make the most of your visit, because I count on ridding myself of that thing as soon as I can.","Я б порадив вам скористатися своїм візитом, тому що я маю намір позбутися цієї речі, як тільки зможу."
"M05S13_INT_Irene_Intro_Loca98","Thank you Mrs. Sanders. I won't be long.","Дякую, місіс Сандерс. Я не затримаюся надовго."
"M05S13_INT_Irene_Intro_Loca128","Tell me about this ""Dimensional Shambler"".","Розкажіть мені про цього ""Міжвимірного Волоцюгу""."
"M05S13_INT_Irene_Intro_Loca129","I deduce that your husband had already mentioned this ""Dimensional Shambler""...","Я роблю висновок, що ваш чоловік вже згадував про цього ""Міжвимірного Волоцюгу""..."
"M05S13_INT_Irene_Intro_Loca136","M05S13_INT_Irene_Intro_Loca136",""
"M05S13_INT_Irene_Intro_Loca66","How do you know Sarah Hawkins?","Як ви знаєте Сару Гокінс?"
"M05S13_INT_Irene_Intro_Loca74","How did you come to meet Sarah Hawkins?","Як ви познайомилися з Сарою Гокінс?"
"M05S13_INT_Irene_Intro_Loca78","We were the wealthiest and most influential families on Darkwater... Of course, we would know each other.","Ми були найбагатшими і найвпливовішими сім'ями на Темноводді... Звісно, ми б знали один одного."
"M05S13_INT_Irene_Intro_Loca80","And when Charles returned from Europe with his sweet little artist, she and her sinister paintings were destined to catch my husband's eye.","І коли Чарльз повернувся з Європи зі своєю милою маленькою художницею, їй та її зловісним картинам судилося привернути увагу мого чоловіка."
"M05S13_INT_Irene_Intro_Loca83","He bought many of her works over the last five years. They adorn his macabre gallery.","За останні п'ять років він придбав багато її робіт. Вони прикрашають його похмуру галерею."
"M05S13_INT_Irene_Intro_Loca75","M05S13_INT_Irene_Intro_Loca75",""
"M05S13_INT_Irene_Intro_Loca67","What is Cat doing here?","Що тут робить Кіт?"
"M05S13_INT_Irene_Intro_Loca68","May I ask you what Miss Baker is doing here? How do you know her?","Можу я запитати, що міс Бейкер тут робить? Звідки ви її знаєте?"
"M05S13_INT_Irene_Intro_Loca82","My business with Miss Baker is private, mister Pierce.","Мої справи з міс Бейкер - особисті, містере Пірс."
"M05S13_INT_Irene_Intro_Loca81","But you do know what kind of business ""Miss Baker"" is in, don't you?","Але ви ж знаєте, яким бізнесом займається ""Міс Бейкер"", чи не так?"
"M05S13_INT_Irene_Intro_Loca84","I am no fool. Please believe that much, at least.","Я не ідіот. Будь ласка, повірте, принаймні в це."
"M05S13_INT_Irene_Intro_Loca69","M05S13_INT_Irene_Intro_Loca69",""
"M05S13_INT_MalleusMonstrorum2_Loca1","M05S13_INT_MalleusMonstrorum2_Loca1",""
"M05S13_INT_MalleusMonstrorum2_Loca18","Would you read the book?","Ви б прочитали цю книгу?"
"M05S13_INT_MalleusMonstrorum2_Loca25","M05S13_INT_MalleusMonstrorum2_Loca25",""
"M05S13_INT_MalleusMonstrorum2_Loca24","M05S13_INT_MalleusMonstrorum2_Loca24",""
"M05S13_INT_MalleusMonstrorum2_Loca21","M05S13_INT_MalleusMonstrorum2_Loca21",""
"M05S13_INT_MalleusMonstrorum2_Loca14","[Read the book]","[Читати книгу]."
"M05S13_INT_MalleusMonstrorum2_Loca15","[Don’t read the book]","[Не читати книгу]"
"M05S13_INT_MalleusMonstrorum2_Loca10","M05S13_INT_MalleusMonstrorum2_Loca10",""
"M05S13_INT_MalleusMonstrorum2_Loca11","[Read the book]","[Читати книгу]"
"M05S13_INT_MalleusMonstrorum2_Loca12","[Don’t read the book]","[Не читати книгу]"
"M05S13_INT_Reconstitution_CoveredPainting_Loca1","M05S13_INT_Reconstitution_CoveredPainting_Loca1",""
"M05S13_INT_Reconstitution_CoveredPainting_Loca2","He finally won.","Він нарешті виграв."
"M05S13_INT_Reconstitution_CoveredPainting_Loca3","Was Sanders aware of his imminent doom?","Сандерс був свідомий своєї неминучої загибелі?"
"M05S13_INT_Reconstitution_Irene_Loca1","M05S13_INT_Reconstitution_Irene_Loca1",""
"M05S13_INT_Reconstitution_Irene_Loca2","She despises Sarah Hawkins... But it's the painting that she trully hates. Why?","Вона зневажає Сару Гокінс... Але саме картину вона справді ненавидить. Чому?"
"M05S13_INT_Reconstitution_Irene_Loca3","Was she jalous of Sarah Hawkins?","Вона ревнувала Сару Гокінс?"
"M05S13_INT_Reconstitution_Ledger_Loca1","M05S13_INT_Reconstitution_Ledger_Loca1",""
"M05S13_INT_Reconstitution_Ledger_Loca2","Sanders' accession register. He wrote, beside The Shambler ""Finally!","Реєстр надходжень Сандерса. Він написав поруч з Волоцюгою ""Нарешті!"""
"M05S13_INT_Reconstitution_Ledger_Loca3","What did Sarah Hawkins fear so much she didn't want to sell the painting?","Чого так боялася Сара Гокінс, що не хотіла продавати картину?"
"M05S13_INT_Reconstitution_Painting_Loca1","M05S13_INT_Reconstitution_Painting_Loca1",""
"M05S13_INT_Reconstitution_Painting_Loca2","*exclamation*","*вигук*"
"M05S13_INT_Reconstitution_Piano_Loca1","M05S13_INT_Reconstitution_Piano_Loca1",""
"M05S13_INT_Reconstitution_Piano_Loca2","A house of artists...","Будинок художників..."
"M05S13_INT_Reconstitution_SarahThink_Loca1","M05S13_INT_Reconstitution_SarahThink_Loca1",""
"M05S13_INT_Reconstitution_SarahThink_Loca5","She didn't want Sanders to have the painting. She must have felt devastated.","Вона не хотіла, щоб Сандерс отримав цю картину. Вона, напевно, відчувала себе спустошеною."
"M05S13_INT_Reconstitution_SarahThink_Loca6","She first refused to sell the painting. How did that make her feel?","Вона спочатку відмовилася продавати картину. Як це вплинуло на її почуття?"
"M05S13_INT_Reconstitution_TeaCups_Loca1","M05S13_INT_Reconstitution_TeaCups_Loca1",""
"M05S13_INT_Reconstitution_TeaCups_Loca2","Francis Sanders and Sarah Hawkins were close.","Френсіс Сандерс і Сара Гокінс були близькі."
"M05S13_INT_Reconstitution_TeaCups_Loca3","Friends even?","Друзі навіть?"
"M05S13_MON_AboutFakeDoor_Loca1","M05S13_MON_AboutFakeDoor_Loca1",""
"M05S13_MON_AboutFakeDoor_Loca2","Closed... Anyway, I shouldn't be here.","Закрито... Так чи інакше, я не повинен бути тут."
"M05S13_MON_Barbiturates_Loca1","M05S13_MON_Barbiturates_Loca1",""
"M05S13_MON_Barbiturates_Loca3","M05S13_MON_Barbiturates_Loca3",""
"M05S13_MON_Barbiturates_Loca6","The same medicine as on the prescription in the Hawkins mansion...","Ті самі ліки, що й у рецепті в особняку Хокінса..."
"M05S13_MON_Barbiturates_Loca8","M05S13_MON_Barbiturates_Loca8",""
"M05S13_MON_Barbiturates_Loca9","Barbiturates. Used recently... Nothing surprising, given what she's going through.","Барбітурати. Нещодавно вживали... Нічого дивного, враховуючи, через що вона проходить."
"M05S13_MON_Cylinder_Loca1","M05S13_MON_Cylinder_Loca1",""
"M05S13_MON_Cylinder_Loca2","Let's see what the cylinder has to say, once it is inserted in a phonograph.","Подивимось, що скаже циліндр, коли його вставити у фонограф."
"M05S13_MON_Drawing_Loca1","M05S13_MON_Drawing_Loca1",""
"M05S13_MON_Drawing_Loca2","Is this dagger part of Sanders' collection or was he seeking to acquire it?","Чи є цей кинджал частиною колекції Сандерса, чи він прагнув його придбати?"
"M05S13_MON_Fuller_Letter_Loca1","M05S13_MON_Fuller_Letter_Loca1",""
"M05S13_MON_Fuller_Letter_Loca2","Did she really care for him, after all?","Чи справді вона дбала про нього, зрештою?"
"M05S13_MON_HorrifyingMaiden_Loca1","M05S13_MON_HorrifyingMaiden_Loca1",""
"M05S13_MON_HorrifyingMaiden_Loca3","M05S13_MON_HorrifyingMaiden_Loca3",""
"M05S13_MON_HorrifyingMaiden_Loca5","There was the same figure in the underground caves, below the mansion. These perverts must worship some kind of sea god.","Така ж фігура була і в підземних печерах, під особняком. Ці збоченці, мабуть, поклоняються якомусь морському богу."
"M05S13_MON_HorrifyingMaiden_Loca6","M05S13_MON_HorrifyingMaiden_Loca6",""
"M05S13_MON_HorrifyingMaiden_Loca7","A symbol of the Christian church, disfigured and perverted by another cult...","Символ християнської церкви, спотворений і перекручений іншим культом..."
"M05S13_MON_Nauset_Amulet_Loca1","M05S13_MON_Nauset_Amulet_Loca1",""
"M05S13_MON_Nauset_Amulet_Loca2","A strange Amerindian pendant.","Дивна індіанська підвіска."
"M05S13_MON_Nauset_Spear_Loca1","M05S13_MON_Nauset_Spear_Loca1",""
"M05S13_MON_Nauset_Spear_Loca3","M05S13_MON_Nauset_Spear_Loca3",""
"M05S13_MON_Nauset_Spear_Loca5","The spear of a Nauset warrior... Probably the tribe behind the wall paintings that I saw below the mansion.","Спис воїна-наусета... Ймовірно, це плем'я, що стоїть за настінними розписами, які я бачив під особняком."
"M05S13_MON_Nauset_Spear_Loca4","M05S13_MON_Nauset_Spear_Loca4",""
"M05S13_MON_Nauset_Spear_Loca6","This spear seems to be hundreds of years old... Probably the weapon of an Amerindian tribe.","Цьому спису, здається, сотні років... Ймовірно, це зброя індіанського племені."
"M05S13_MON_Piano_TryAgain_Loca1","M05S13_MON_Piano_TryAgain_Loca1",""
"M05S13_MON_Piano_TryAgain_Loca2","Hmmm, no. It was something like *whistles*.","Хм, ні. Це було щось на кшталт *свисту*."
"M05S13_MON_PuritanDiary_Part2_Loca1","M05S13_MON_PuritanDiary_Part2_Loca1",""
"M05S13_MON_PuritanDiary_Part2_Loca3","M05S13_MON_PuritanDiary_Part2_Loca3",""
"M05S13_MON_PuritanDiary_Part2_Loca4","Another volume of the Reverend's wife's diary.","Ще один том щоденника дружини преподобного."
"M05S13_MON_PuritanDiary_Part2_Loca5","An old diary...","Старий щоденник..."
"M05S13_MON_Reconstitution_End_Loca1","M05S13_MON_Reconstitution_End_Loca1",""
"M05S13_MON_Reconstitution_End_Loca2","The Shambler. I need to see it.","Волоцюга. Я маю його побачити."
"M05S13_MON_RitualDagger_Loca1","M05S13_MON_RitualDagger_Loca1",""
"M05S13_MON_RitualDagger_Loca3","M05S13_MON_RitualDagger_Loca3",""
"M05S13_MON_RitualDagger_Loca2","These are older versions of the daggers I saw in the tunnels...","Це старіші версії кинджалів, які я бачив у тунелях..."
"M05S13_MON_RitualDagger_Loca8","This tip is very sharp. Perhaps for scarification rituals?","Цей наконечник дуже гострий. Можливо, для ритуалів скарифікації?"
"M05S13_MON_RitualDagger_Loca5","M05S13_MON_RitualDagger_Loca5",""
"M05S13_MON_RitualDagger_Loca6","Where have I seen a weapon like this one?","Де я бачив таку зброю?"
"M05S13_MON_RitualDagger_Loca7","What were these daggers used for?","Для чого використовувалися ці кинджали?"
"M05S13_MON_Sarah_Letter_Loca1","M05S13_MON_Sarah_Letter_Loca1",""
"M05S13_MON_Sarah_Letter_Loca2","Strange. For months Sarah Hawkins refused to part with her painting... to finally give it away for nothing!","Дивно. Сара Гокінс місяцями відмовлялася розлучатися зі своєю картиною... щоб нарешті віддати її задарма!"
"M05S13_MON_SleepingPills_Loca1","M05S13_MON_SleepingPills_Loca1",""
"M05S13_MON_SleepingPills_Loca2","I could use one of those.","Я міг би скористатися одним з них."
"M06S13_CIN_SUB_DimensionalShambler_Loca1","M06S13_CIN_SUB_DimensionalShambler_Loca1",""
"M06S13_CIN_SUB_DimensionalShambler_Loca2","[panting, terrified]","[задихаючись, перелякано]"
"M06S13_CIN_SUB_DimensionalShamblerDeath_Loca1","M06S13_CIN_SUB_DimensionalShamblerDeath_Loca1",""
"M06S13_CIN_SUB_DimensionalShamblerDeath_Loca7","What's the matter with you?","Що з тобою?"
"M06S13_CIN_SUB_IntroBuyerHouse_Loca1","M06S13_CIN_SUB_IntroBuyerHouse_Loca1",""
"M06S13_CIN_SUB_IntroBuyerHouse_Loca7","What can I do for you, sir?","Що я можу для вас зробити, сер?"
"M06S13_CIN_SUB_IntroBuyerHouse_Loca8","Mrs Sanders? I am a private detective. We must talk about your husband and his ties to Sarah Hawkins. Can I come in?","Місіс Сандерс? Я приватний детектив. Ми повинні поговорити про вашого чоловіка та його зв'язки з Сарою Гокінс. Можу я увійти?"
"M06S13_CIN_SUB_IntroBuyerHouse_Loca9","You may.","Ви можете."
"M06S13_CIN_SUB_IntroBuyerHouse_Loca10","However, before we go any further, please know that my husband died yesterday.","Однак, перш ніж ми продовжимо, будь ласка, знайте, що мій чоловік помер вчора."
"M06S13_CIN_SUB_IntroBuyerHouse_Loca11","That is precisely what brings me here.","Саме це і привело мене сюди."
"M06S13_CIN_SUB_IntroBuyerHouse_Loca12","Well, well! Look who's here.","Ну, ну! Подивіться, хто тут."
"M06S13_MON_AboutDoor01_Loca1","M06S13_MON_AboutDoor01_Loca1",""
"M06S13_MON_AboutDoor01_Loca2","Damn. I can't even touch it!","Чорт забирай. Я навіть не можу доторкнутися до нього!"
"M06S13_MON_AboutDoor02_Loca1","M06S13_MON_AboutDoor02_Loca1",""
"M06S13_MON_AboutDoor02_Loca2","No way out!","Немає виходу!"
"M06S13_MON_AboutDoor02_Loca3","No choice... I must get rid of this horror somehow!","Немає вибору... Я повинен якось позбутися цього жаху!"
"M06S13_MON_AboutDoors_Loca1","M06S13_MON_AboutDoors_Loca1",""
"M06S13_MON_AboutDoors_Loca2","The public entrance to the gallery.","Громадський вхід до галереї."
"M06S13_MON_AboutHistoryBook_Loca1","M06S13_MON_AboutHistoryBook_Loca1",""
"M06S13_MON_AboutHistoryBook_Loca2","A book on Darkwater History. Might be interesting.","Книга про історію Дарквотера. Повинно бути цікаво."
"M06S13_MON_AboutPhoto_Loca1","M06S13_MON_AboutPhoto_Loca1",""
"M06S13_MON_AboutPhoto_Loca2","The day the Shambler came in the Sanders’ lives.","День, коли Волоцюга увійшов у життя Сандерсів."
"M06S13_MON_AboutShowcase01_Loca1","M06S13_MON_AboutShowcase01_Loca1",""
"M06S13_MON_AboutShowcase01_Loca3","M06S13_MON_AboutShowcase01_Loca3",""
"M06S13_MON_AboutShowcase01_Loca5","These artifacts must date from pre-Columbian times.","Ці артефакти мають датуватися доколумбовими часами."
"M06S13_MON_AboutShowcase01_Loca4","M06S13_MON_AboutShowcase01_Loca4",""
"M06S13_MON_AboutShowcase01_Loca2","This looks expensive.","Це виглядає дорого."
"M06S13_MON_AboutShowcase02_Loca1","M06S13_MON_AboutShowcase02_Loca1",""
"M06S13_MON_AboutShowcase02_Loca2","Mmh…","Ммм..."
"M06S13_MON_AboutShowcase03_Loca1","M06S13_MON_AboutShowcase03_Loca1",""
"M06S13_MON_AboutShowcase03_Loca2","Why was he so interested in old weapons?","Чому його так цікавили старі зброї?"
"M06S13_MON_AboutShowcase04_Loca1","M06S13_MON_AboutShowcase04_Loca1",""
"M06S13_MON_AboutShowcase04_Loca5","Mmh…","Ммм..."
"M06S13_MON_BreakShowcase01_Loca1","M06S13_MON_BreakShowcase01_Loca1",""
"M06S13_MON_BreakShowcase01_Loca2","Damn! Did it hear that?","Блять! Ти чув це?"
"M06S13_MON_EnterTheGallery_Loca1","M06S13_MON_EnterTheGallery_Loca1",""
"M06S13_MON_EnterTheGallery_Loca2","Now I have to find the painting described in the diary.","Тепер мені потрібно знайти картину, описану в щоденнику."
"M06S13_MON_ExaminePainting_Loca1","M06S13_MON_ExaminePainting_Loca1",""
"M06S13_MON_ExaminePainting_Loca2","The thing came out of this painting. There has to be a link!","Ця штука вийшла з цієї картини. Тут має бути зв'язок!"
"M06S13_MON_ExaminePainting_Loca3","Maybe if I destroy it...","Можливо, якщо я її знищу..."
"M06S13_MON_ExamineRightDagger01_Loca1","M06S13_MON_ExamineRightDagger01_Loca1",""
"M06S13_MON_ExamineRightDagger01_Loca2","This dagger looks different...","Цей кинджал виглядає інакше..."
"M06S13_MON_ExamineRightDagger02_Loca1","M06S13_MON_ExamineRightDagger02_Loca1",""
"M06S13_MON_ExamineRightDagger02_Loca2","On the blade... that's the protection sign I saw at the bookstore.","На лезі… Це ж той самий знак захисту, що я бачив у книгарні."
"M06S13_MON_ExamineRightDagger02_Loca4","M06S13_MON_ExamineRightDagger02_Loca4",""
"M06S13_MON_ExamineRightDagger02_Loca3","This might be able to lift the spell on the painting...","Це може зняти закляття з картини..."
"M06S13_MON_ExamineRightDagger02_Loca6","M06S13_MON_ExamineRightDagger02_Loca6",""
"M06S13_MON_ExamineRightDagger02_Loca7","I can't see myself taking on this monster with a knife...","Я не можу уявити, як я буду битися з цим монстром ножем..."
"M06S13_MON_ExamineShowcase01_Loca1","M06S13_MON_ExamineShowcase01_Loca1",""
"M06S13_MON_ExamineShowcase01_Loca2","Blades... A bit light against such a creature...","Леза... Трохи легкі проти такої істоти..."
"M06S13_MON_ExamineShowcase02_Loca1","M06S13_MON_ExamineShowcase02_Loca1",""
"M06S13_MON_ExamineShowcase02_Loca2","The painting had a dagger in it. It can't be a coincidence...","На картині був кинджал. Це не може бути просто збігом..."
"M06S13_MON_FoundKey_Loca1","M06S13_MON_FoundKey_Loca1",""
"M06S13_MON_FoundKey_Loca2","Alright. I can access the gallery with this.","Добре. Я можу потрапити в галерею з цим ключем."
"M06S13_MON_MainGallery_Loca1","M06S13_MON_MainGallery_Loca1",""
"M06S13_MON_MainGallery_Loca2","The man transformed an entire wing of his manor into an art gallery...","Чоловік перетворив ціле крило свого маєтку на художню галерею..."
"M06S13_MON_MeetTheDS_Loca1","M06S13_MON_MeetTheDS_Loca1",""
"M06S13_MON_MeetTheDS_Loca2","What the hell was that?!","Що це в біса було?!"
"M06S13_MON_NeedLetter_Loca1","M06S13_MON_NeedLetter_Loca1","Мені потрібен лист від Ірен."
"M06S13_MON_NeedLetter_Loca2","Before I go, I need that letter from Irene.","Перед тим, як піти, мені потрібен цей лист від Ірен."
"M06S13_MON_SeeElderSign_Loca1","M06S13_MON_SeeElderSign_Loca1",""
"M06S13_MON_SeeElderSign_Loca2","This sigil on the blade... I've seen it in that weird book earlier!","Цей символ на лезі... Я бачив його в тій дивній книзі раніше!"
"M06S13_MON_TakeDagger01_Loca1","M06S13_MON_TakeDagger01_Loca1",""
"M06S13_MON_TakeDagger01_Loca2","Maybe I can use this dagger...","Можливо, я зможу використати цей кинджал..."
"M06S13_MON_TakeDagger02_Loca1","M06S13_MON_TakeDagger02_Loca1",""
"M06S13_MON_TakeDagger02_Loca3","M06S13_MON_TakeDagger02_Loca3",""
"M06S13_MON_TakeDagger02_Loca2","I could try tearing the painting with this thing!","Я міг би спробувати порвати картину цим!"
"M06S13_MON_TakeDagger02_Loca5","M06S13_MON_TakeDagger02_Loca5",""
"M06S13_MON_TakeDagger02_Loca6","Dammit! Give me a rifle...","Блять! Дай мені рушницю..."
"M06S13_MON_WrongDagger01_Loca1","M06S13_MON_WrongDagger01_Loca1",""
"M06S13_MON_WrongDagger01_Loca2","Dammit! This dagger didn’t work.","От бляха! Цей кинджал не спрацював."
"M06S13_MON_WrongDagger02_Loca1","M06S13_MON_WrongDagger02_Loca1",""
"M06S13_MON_WrongDagger02_Loca2","Dammit!","Дідько!"
"M06S13_MON_WrongDagger02_Loca3","Maybe I have to use a specific dagger...","Можливо, мені потрібно використати конкретний кинджал..."
"M06S14_AMB_Bradley_GenericEnd_Loca1","M06S14_AMB_Bradley_GenericEnd_Loca1",""
"M06S14_AMB_Bradley_GenericEnd_Loca2","The other night's events are still confused in my head.","Події минулої ночі досі плутаються в моїй голові."
"M06S14_AMB_Colden_Calling_Loca1","M06S14_AMB_Colden_Calling_Loca1",""
"M06S14_AMB_Colden_Calling_Loca3","You're awake, Mr Pierce. How do you feel?","Ви прокинулися, містере Пірс. Як ви себе почуваєте?"
"M06S14_AMB_Colden_Calling_Loca5","Did I sleep long?","Я довго спав?"
"M06S14_AMB_Colden_Calling_Loca6","The day is only starting. It's fine.","День тільки починається. Все в порядку."
"M06S14_AMB_Colden_GenericEnd_Loca1","M06S14_AMB_Colden_GenericEnd_Loca1",""
"M06S14_AMB_Colden_GenericEnd_Loca2","Let us go now. And learn the truth about what’s happening on this island.","Ідемо зараз. Та дізнаємося правду про те, що відбувається на цьому острові."
"M06S14_AMB_ColdenBradley_Discussion_Loca1","M06S14_AMB_ColdenBradley_Discussion_Loca1",""
"M06S14_AMB_ColdenBradley_Discussion_Loca2","These are grave accusations. Do you realize what they mean?","Це серйозні звинувачення. Ви усвідомлюєте, що вони означають?"
"M06S14_AMB_ColdenBradley_Discussion_Loca3","I have a duty to the patients. That man is toying with their lives!","Я маю обов'язок перед пацієнтами. Цей чоловік грає з їхніми життями!"
"M06S14_AMB_ColdenBradley_Discussion_Loca4","Who knows what he could do if what you say is true.","Хто знає, що він може зробити, якщо те, що ви кажете, правда."
"M06S14_AMB_ColdenBradley_Discussion_Loca5","That is precisely why I'll find evidence.","Саме тому я знайду докази."
"M06S14_AMB_ColdenBradley_Discussion_Loca9","Fine, do what you want. I’m just trying to reason with you.","Добре, роби що хочеш. Я просто намагаюся з тобою поговорити."
"M06S14_INT_ColdenBradley_Debrief_Loca1","M06S14_INT_ColdenBradley_Debrief_Loca1",""
"M06S14_INT_ColdenBradley_Debrief_Loca135","How's our fugitive?","Як наша втікачка?"
"M06S14_INT_ColdenBradley_Debrief_Loca136","Dr. Fuller hasn't reported your disappearance to the force, but that will come soon.","Доктор Фуллер ще не повідомив про ваше зникнення в поліцію, але це станеться незабаром."
"M06S14_INT_ColdenBradley_Debrief_Loca138","Bradley?","Бредлі?"
"M06S14_INT_ColdenBradley_Debrief_Loca374","Who else would it be?","А хто ще це може бути?"
"M06S14_INT_ColdenBradley_Debrief_Loca376","Mr Pierce, are you alright? You look like you saw a ghost.","Містере Пірс, ви в порядку? Ви виглядаєте так, ніби бачили привид."
"M06S14_INT_ColdenBradley_Debrief_Loca375","There are things I can't explain.","Є речі, які я не можу пояснити."
"M06S14_INT_ColdenBradley_Debrief_Loca141","Tell us. What happened?","Розкажіть нам. Що сталося?"
"M06S14_INT_ColdenBradley_Debrief_Loca9","M06S14_INT_ColdenBradley_Debrief_Loca9",""
"M06S14_INT_ColdenBradley_Debrief_Loca142","I might be onto a lead.","Можливо, я знайшов слід."
"M06S14_INT_ColdenBradley_Debrief_Loca177","I met a Francis Sanders. Do you know him?","Я зустрів Франсіса Сандерса. Ви його знаєте?"
"M06S14_INT_ColdenBradley_Debrief_Loca343","Of course, he's a patient. Or was. I haven't see him since Dr. Fuller had him transferred to the basement.","Звісно, він пацієнт. Або був. Я не бачив його з тих пір, як доктор Фуллер перевів його в підвал."
"M06S14_INT_ColdenBradley_Debrief_Loca344","He knew Sarah Hawkins, and that's what killed him.","Він знав Сару Гокінс, і саме це його вбило."
"M06S14_INT_ColdenBradley_Debrief_Loca201","What? How did he die?","Що? Як він помер?"
"M06S14_INT_ColdenBradley_Debrief_Loca207","I'm not sure I can explain it.","Я не впевнений, що можу це пояснити."
"M06S14_INT_ColdenBradley_Debrief_Loca208","Tell me how Mr. Sanders died.","Скажіть мені, як помер містер Сандерс?"
"M06S14_INT_ColdenBradley_Debrief_Loca204","M06S14_INT_ColdenBradley_Debrief_Loca204",""
"M06S14_INT_ColdenBradley_Debrief_Loca205","He called him ''The Shambler''.","Він називав його «Волоцюгою»."
"M06S14_INT_ColdenBradley_Debrief_Loca209","I didn't see what, but something was there, with us.","Я не бачив, що саме, але щось було там, з нами."
"M06S14_INT_ColdenBradley_Debrief_Loca211","Of what do you speak?","Про що ти говориш?"
"M06S14_INT_ColdenBradley_Debrief_Loca212","Sanders said it was ''Sarah Hawkins's visitor''. He spoke of it like a living being.","Сандерс сказав, що це був «відвідувач Сари Гокінс». Він говорив про це, як про живу істоту."
"M06S14_INT_ColdenBradley_Debrief_Loca216","M06S14_INT_ColdenBradley_Debrief_Loca216",""
"M06S14_INT_ColdenBradley_Debrief_Loca206","A sort of crisis.","Своєрідна криза."
"M06S14_INT_ColdenBradley_Debrief_Loca210","Francis started screaming and convulsing.","У Френсіса почався крик і судоми."
"M06S14_INT_ColdenBradley_Debrief_Loca219","Convulsing? That doesn't fit with his history.","Судоми? Це не відповідає його історії."
"M06S14_INT_ColdenBradley_Debrief_Loca220","Then his body got all crooked.","Тоді його тіло викривилося."
"M06S14_INT_ColdenBradley_Debrief_Loca224","What in God's name? And you were alone with him?","Що, дідька лисого? І ти був наодинці з ним?"
"M06S14_INT_ColdenBradley_Debrief_Loca221","He accused Sarah Hawkins of being the culprit.","Він звинуватив Сару Гокінс у тому, що вона винна."
"M06S14_INT_ColdenBradley_Debrief_Loca226","M06S14_INT_ColdenBradley_Debrief_Loca226",""
"M06S14_INT_ColdenBradley_Debrief_Loca271","Sarah Hawkins. Have I missed something here?","Сара Гокінс. Я щось пропустив?"
"M06S14_INT_ColdenBradley_Debrief_Loca213","This makes no sense. I don't see how it can help crack the Hawkins case.","Це не має значення. Я не бачу, як це може допомогти розкрити справу Гокінс."
"M06S14_INT_ColdenBradley_Debrief_Loca270","You really think she's involved? How could she have murdered Mr. Sanders?","Ти справді вважаєш, що вона замішана? Як вона могла вбити містера Сандерса?"
"M06S14_INT_ColdenBradley_Debrief_Loca214","Francis Sanders mentioned Mrs. Hawkins just before dying, it's no coincidence.","Френсіс Сандерс згадав місіс Гокінс перед смертю, це не випадковість."
"M06S14_INT_ColdenBradley_Debrief_Loca272","You know, Francis Sanders was a well-known art collector.","Ти знаєш, Френсіс Сандерс був відомим поціновувачем мистецтва."
"M06S14_INT_ColdenBradley_Debrief_Loca345","I guess you can still pay a visit to his wife, Irene Sanders.","Я думаю, ти все ще можеш відвідати його дружину, Ірен Сандерс."
"M06S14_INT_ColdenBradley_Debrief_Loca218","M06S14_INT_ColdenBradley_Debrief_Loca218",""
"M06S14_INT_ColdenBradley_Debrief_Loca143","[Talk to Colden]","[Поговорити з Колденом]"
"M06S14_INT_ColdenBradley_Debrief_Loca228","M06S14_INT_ColdenBradley_Debrief_Loca228",""
"M06S14_INT_ColdenBradley_Debrief_Loca145","Sarah Hawkins was the object of a cult.","Сара Гокінс була об'єктом культу."
"M06S14_INT_ColdenBradley_Debrief_Loca234","I saw people in hoods. They'd stolen Mrs Hawkins's paintings.","Я бачив людей у капюшонах. Вони вкрали картини місіс Гокінс."
"M06S14_INT_ColdenBradley_Debrief_Loca236","Who are you talking about? Why would they do such a thing?","Про кого ви говорите? Чому вони б це зробили?"
"M06S14_INT_ColdenBradley_Debrief_Loca237","I don't know but they're a threat. They've taken over the caves under the mansion, they were perfoming some kind of ritual.","Не знаю, але вони становлять загрозу. Вони захопили печери під маєтком, проводили там якийсь ритуал."
"M06S14_INT_ColdenBradley_Debrief_Loca346","One of the entryways was under Charles Hawkins's office.","Один з входів був під кабінетом Чарльза Гокінса."
"M06S14_INT_ColdenBradley_Debrief_Loca124","We suspect Mr Hawkins of being involved.","Ми підозрюємо, що містер Гокінс теж замішаний."
"M06S14_INT_ColdenBradley_Debrief_Loca125","You’re kidding me right?","Ви жартуєте, так?"
"M06S14_INT_ColdenBradley_Debrief_Loca173","My patients believe the old islanders used to worship primitive sea gods.","Мої пацієнти вважають, що старі мешканці острова поклонялися примітивним морським богам."
"M06S14_INT_ColdenBradley_Debrief_Loca322","Could they be the focus of the cult?","Чи можуть вони бути об'єктом культу?"
"M06S14_INT_ColdenBradley_Debrief_Loca174","Am I hearing this right?","Мені не почулося?"
"M06S14_INT_ColdenBradley_Debrief_Loca168","M06S14_INT_ColdenBradley_Debrief_Loca168",""
"M06S14_INT_ColdenBradley_Debrief_Loca169","Someone did deface Saint Brendan's statue.","Хтось зіпсував статую Святого Брендана."
"M06S14_INT_ColdenBradley_Debrief_Loca170","Delinquents, hoodlums!","Негідники, покидьки!"
"M06S14_INT_ColdenBradley_Debrief_Loca240","You got nothing more solid than that?","У вас є щось більш конкретне, ніж це?"
"M06S14_INT_ColdenBradley_Debrief_Loca172","M06S14_INT_ColdenBradley_Debrief_Loca172",""
"M06S14_INT_ColdenBradley_Debrief_Loca238","So you think me gullible.","Тож ви вважаєте мене наївною."
"M06S14_INT_ColdenBradley_Debrief_Loca241","No. Not at all.","Ні. Зовсім ні."
"M06S14_INT_ColdenBradley_Debrief_Loca243","What else did you uncover, Mr Pierce?","Що ще вам вдалося виявити, містере Пірс?"
"M06S14_INT_ColdenBradley_Debrief_Loca239","M06S14_INT_ColdenBradley_Debrief_Loca239",""
"M06S14_INT_ColdenBradley_Debrief_Loca146","[Talk to Bradley]","[Поговорити з Бредлі]"
"M06S14_INT_ColdenBradley_Debrief_Loca230","M06S14_INT_ColdenBradley_Debrief_Loca230",""
"M06S14_INT_ColdenBradley_Debrief_Loca147","What they had me endure...","Що вони змусили мене витерпіти..."
"M06S14_INT_ColdenBradley_Debrief_Loca245","I have flashbacks. They haunt me.","Маю спогади. І вони переслідують мене."
"M06S14_INT_ColdenBradley_Debrief_Loca247","What did they do to you?","Що вони з вами зробили?"
"M06S14_INT_ColdenBradley_Debrief_Loca248","There was that doctor, Fuller. And a nurse. Blood. Everywhere.","Був той лікар, Фуллер. І медсестра. Кров. Усе в ній."
"M06S14_INT_ColdenBradley_Debrief_Loca253","My legs, the pain. I couldn't bear it, I was screaming. They injected me with something.","Мої ноги, біль. Я не міг це витримати, я кричав. Вони вкололи мені щось."
"M06S14_INT_ColdenBradley_Debrief_Loca250","Woke up at the institute. Bradley was there.","Прокинувся в інституті. Бредлі був там."
"M06S14_INT_ColdenBradley_Debrief_Loca251","And how you scared us. You seemed demented!","І як ви нас налякали. Ви здавалося, були божевільними!"
"M06S14_INT_ColdenBradley_Debrief_Loca252","You likely woke up during the anesthesia. No wonder those memories haunt you.  What in God's name were they doing to you?","Ти, напевно, прокинувся під час анестезії. Не дивно, що ці спогади переслідують тебе. Що, бляха, вони з тобою робили?"
"M06S14_INT_ColdenBradley_Debrief_Loca254","What happened afterwards?","Що сталося потім?"
"M06S14_INT_ColdenBradley_Debrief_Loca255","When I woke up the second time I was in a padded cell. That's where you found me, doctor.","Коли я прокинувся вдруге, я був у брудній камері. Саме там ви мене знайшли, докторе."
"M06S14_INT_ColdenBradley_Debrief_Loca347","After you released me, I got a good look at what's in store for the ''patients'' of the Riverside institute.","Після того, як ви мене випустили, я добре роздивився, що чекає на ''пацієнтів'' інституту Ріверсайд."
"M06S14_INT_ColdenBradley_Debrief_Loca348","Hallucinogenic gas pumped in the cells, an infernal machine, horrific medical experiments.","У камери закачують галюциногенний газ, бісова машина, жахливі медичні експерименти."
"M06S14_INT_ColdenBradley_Debrief_Loca256","Impossible. Dr. Fuller would never do such a thing.","Неможливо. Доктор Фуллер ніколи б не зробив такого."
"M06S14_INT_ColdenBradley_Debrief_Loca349","You should believe it, Ethan. What Mr Pierce saw is precisely what I've been trying to prove.","Тобі слід у це повірити, Ітане. Те, що бачив містер Пірс, є саме тим, що я намагався довести."
"M06S14_INT_ColdenBradley_Debrief_Loca377","Did you discover anything else?","Ви щось ще виявили?"
"M06S14_INT_ColdenBradley_Debrief_Loca246","M06S14_INT_ColdenBradley_Debrief_Loca246",""
"M06S14_INT_ColdenBradley_Debrief_Loca148","M06S14_INT_ColdenBradley_Debrief_Loca148",""
"M06S14_INT_ColdenBradley_Debrief_Loca150","You and Dr. Colden...","Ти і доктор Колден..."
"M06S14_INT_ColdenBradley_Debrief_Loca163","M06S14_INT_ColdenBradley_Debrief_Loca163",""
"M06S14_INT_ColdenBradley_Debrief_Loca182","Seems you two know each other pretty well.","Схоже, ви двоє добре знаєте один одного."
"M06S14_INT_ColdenBradley_Debrief_Loca257","It's a tiny island. Everyone knows everyone. Especially since I'm a police officer and Marie's a doctor.","Це маленький острів. Усі знають усіх. Особливо, оскільки я поліцейський, а Марі - лікар."
"M06S14_INT_ColdenBradley_Debrief_Loca258","The chemistry is obvious.","Хімія очевидна."
"M06S14_INT_ColdenBradley_Debrief_Loca259","I do seem a little bit stupid, don't I?","Я справді виглядаю трохи дурнувато, чи не так?"
"M06S14_INT_ColdenBradley_Debrief_Loca260","* laughs *","*сміється*"
"M06S14_INT_ColdenBradley_Debrief_Loca183","M06S14_INT_ColdenBradley_Debrief_Loca183",""
"M06S14_INT_ColdenBradley_Debrief_Loca162","M06S14_INT_ColdenBradley_Debrief_Loca162",""
"M06S14_INT_ColdenBradley_Debrief_Loca184","I heard you talking, earlier.","Я чув, як ви говорили раніше."
"M06S14_INT_ColdenBradley_Debrief_Loca261","Why am I not surprised...","Чому я не здивований..."
"M06S14_INT_ColdenBradley_Debrief_Loca262","I get the impression you two don't get along.","У мене таке враження, що ви двоє не ладите."
"M06S14_INT_ColdenBradley_Debrief_Loca263","Intrusive, and not very clever.","Нав'язливий і не дуже розумний."
"M06S14_INT_ColdenBradley_Debrief_Loca185","M06S14_INT_ColdenBradley_Debrief_Loca185",""
"M06S14_INT_ColdenBradley_Debrief_Loca265","Anyway. Let's get back to the business at hand.","Так чи інакше. Повернімося до справи."
"M06S14_INT_ColdenBradley_Debrief_Loca266","M06S14_INT_ColdenBradley_Debrief_Loca266",""
"M06S14_INT_ColdenBradley_Debrief_Loca151","[Come back]","[Повернутися]"
"M06S14_INT_ColdenBradley_Debrief_Loca189","M06S14_INT_ColdenBradley_Debrief_Loca189",""
"M06S14_INT_ColdenBradley_Debrief_Loca152","Your memory seems to be failing you.","Твоя пам'ять, здається, підводить тебе."
"M06S14_INT_ColdenBradley_Debrief_Loca186","Bradley, what do you remember?","Бредлі, що ти пам'ятаєш?"
"M06S14_INT_ColdenBradley_Debrief_Loca267","I don't understand your question.","Я не розумію твого питання."
"M06S14_INT_ColdenBradley_Debrief_Loca294","The night we went into Hawkins mansion, you don't seem to remember the tunnels and what occured there.","Тієї ночі, коли ми пішли в маєток Гокінсів, ти не пам'ятаєш тунелів і того, що там сталося."
"M06S14_INT_ColdenBradley_Debrief_Loca295","No memory of going down any tunnel. No, we were in the manor, then...","Не пам'ятаю про те, щоб спускатися в тунель. Ні, ми були в маєтку, а потім..."
"M06S14_INT_ColdenBradley_Debrief_Loca296","Then what?","Тоді що?"
"M06S14_INT_ColdenBradley_Debrief_Loca366","The rest is quite blurry. I don't recall how I came back home.","Усе інше досить розмите. Я не пам'ятаю, як повернувся додому."
"M06S14_INT_ColdenBradley_Debrief_Loca367","And then?","А потім?"
"M06S14_INT_ColdenBradley_Debrief_Loca368","I went to visit you at the hospital and called on Marie's help to get you released.","Я прийшов відвідати тебе в лікарні і звернувся по допомогу до Марі, щоб звільнити тебе."
"M06S14_INT_ColdenBradley_Debrief_Loca369","And  you don’t remember the events of the tunnels. I mean… That was where you died.","І ти не пам'ятаєш подій у тунелях. Я маю на увазі... Саме там ти помер."
"M06S14_INT_ColdenBradley_Debrief_Loca370","And you don't remember the events of the tunnel?","І ти не пам'ятаєш подій у тунелі?"
"M06S14_INT_ColdenBradley_Debrief_Loca297","I don't. Let's talk about something else.","Я не пам'ятаю. Давай поговоримо про щось інше."
"M06S14_INT_ColdenBradley_Debrief_Loca187","M06S14_INT_ColdenBradley_Debrief_Loca187",""
"M06S14_INT_ColdenBradley_Debrief_Loca153","You did see Charles was alive.","Ти дійсно бачив, що Чарльз живий."
"M06S14_INT_ColdenBradley_Debrief_Loca356","What I'm sure of now is that the Hawkins case isn't just an accident.","Зараз я найбільш упевнений у тому, що справа Гокінсів - це не просто нещасний випадок."
"M06S14_INT_ColdenBradley_Debrief_Loca357","What brings you to that conclusion?","Що змусило тебе так думати?"
"M06S14_INT_ColdenBradley_Debrief_Loca358","The fact Charles Hawkins survived the fire.","Той факт, що Чарльз Гокінс вижив у пожежі."
"M06S14_INT_ColdenBradley_Debrief_Loca359","I don't understand, Mr. Hawkins was buried.","Я не розумію, містера Гокінса же поховали."
"M06S14_INT_ColdenBradley_Debrief_Loca360","That's what he would have you believe.","Саме в це він і хотів би, щоб ти повірив."
"M06S14_INT_ColdenBradley_Debrief_Loca361","Have a hard time believing you.","Мені важко в це повірити."
"M06S14_INT_ColdenBradley_Debrief_Loca362","Like you believe you saw me die.","Як ти вважаєш, що бачив, як я помер."
"M06S14_INT_ColdenBradley_Debrief_Loca164","You were there, Bradley. You even opened fire on him!","Ти був там, Бредлі. Ти навіть відкрив вогонь по ньому!"
"M06S14_INT_ColdenBradley_Debrief_Loca298","I'd remember that.","Я б це запам'ятав."
"M06S14_INT_ColdenBradley_Debrief_Loca364","Why would he fake his own death? Do you think he covered up his wife's murder?","Навіщо йому інсценувати власну смерть? Ти думаєш, він би приховав убивство своєї дружини?"
"M06S14_INT_ColdenBradley_Debrief_Loca365","That's possible.","Можливо."
"M06S14_INT_ColdenBradley_Debrief_Loca305","Seems hard to swallow. Don't you have anything more concrete, Pierce?","Важко це сприйняти. У тебе немає нічого більш конкретного, Пірс?"
"M06S14_INT_ColdenBradley_Debrief_Loca304","M06S14_INT_ColdenBradley_Debrief_Loca304",""
"M06S14_INT_ColdenBradley_Debrief_Loca154","You should be dead.","Ти мав померти."
"M06S14_INT_ColdenBradley_Debrief_Loca178","How could you survive such a wound?","Як ти зміг вижити з такою раною?"
"M06S14_INT_ColdenBradley_Debrief_Loca350","What wound are you talking about?","Про яку рану ти говориш?"
"M06S14_INT_ColdenBradley_Debrief_Loca351","That blow Charles Hawkins inflicted on you, I thought you were dead.","Той удар, який завдав тобі Чарльз Гокінс, я думав, ти мертвий."
"M06S14_INT_ColdenBradley_Debrief_Loca54","You really got hit hard on the head, Pierce.","Ти отримав сильний удар по голові, Пірс."
"M06S14_INT_ColdenBradley_Debrief_Loca55","Don't tell me you don't remember?","Не кажи мені, що ти не пам'ятаєш?"
"M06S14_INT_ColdenBradley_Debrief_Loca56","For crying out loud, no! Can't you tell I'm healthy as a horse? As for you, though...","Побійся бога, ні! Хіба ти не бачиш, що я здоровий, як бик? А от ти..."
"M06S14_INT_ColdenBradley_Debrief_Loca352","You had a serious head trauma, it's possible you may have hallucinated.","У тебе була серйозна травма голови, то ж цілком можливо, що тобі могло щось ввижатися.."
"M06S14_INT_ColdenBradley_Debrief_Loca353","I know what I saw...","Я знаю, що я бачив..."
"M06S14_INT_ColdenBradley_Debrief_Loca354","Anything else you wanted to say?","Щось ще ти хотів би сказати?"
"M06S14_INT_ColdenBradley_Debrief_Loca179","M06S14_INT_ColdenBradley_Debrief_Loca179",""
"M06S14_INT_ColdenBradley_Debrief_Loca155","I found this...","Я знайшов це..."
"M06S14_INT_ColdenBradley_Debrief_Loca180","I found a Darkwater PD badge. Lost a colleague, recently?","Я знайшов значок поліції Дарквотер. Втрачав колегу нещодавно?"
"M06S14_INT_ColdenBradley_Debrief_Loca306","What the...","Що за..."
"M06S14_INT_ColdenBradley_Debrief_Loca307","Bradley ?","Бредлі?"
"M06S14_INT_ColdenBradley_Debrief_Loca308","Ethan?","Ітане?"
"M06S14_INT_ColdenBradley_Debrief_Loca309","I'm alright. I just had a' it's gone.","Я в порядку. Я просто мав... та вже все."
"M06S14_INT_ColdenBradley_Debrief_Loca310","You sure?","Ти впевнений?"
"M06S14_INT_ColdenBradley_Debrief_Loca311","If it's important, it'll come back. But I can't explain why Dr. Fuller would have that badge.","Якщо це важливо, воно повернеться. Але я не можу пояснити, чому у доктора Фуллера був цей значок."
"M06S14_INT_ColdenBradley_Debrief_Loca312","The man's a danger, believe me.","Цей чоловік небезпечний, повір мені."
"M06S14_INT_ColdenBradley_Debrief_Loca313","What can we do, Pierce?","Що ми можемо зробити, Пірс?"
"M06S14_INT_ColdenBradley_Debrief_Loca181","M06S14_INT_ColdenBradley_Debrief_Loca181",""
"M06S14_INT_ColdenBradley_Debrief_Loca149","M06S14_INT_ColdenBradley_Debrief_Loca149",""
"M06S14_INT_ColdenBradley_Debrief_Loca156","Sarah Hawkins was committed.","Сару Гокінс помістили в психіатричну лікарню."
"M06S14_INT_ColdenBradley_Debrief_Loca175","Found a file bearing Sarah Hawkins’s name in the institute's basement.","Знайшов медкартку з ім'ям Сари Гокінс у підвалі інституту."
"M06S14_INT_ColdenBradley_Debrief_Loca316","It makes sense. A powerful family like the Hawkins had the means to hide such a disgrace.","У цьому щось є. Така забезпечена родина, як-от Гокінси, мала можливості, щоб приховати таку ганьбу."
"M06S14_INT_ColdenBradley_Debrief_Loca317","But everyone knows the Fullers have been taking care of the Hawkins for at least a generation.","Але всі знають, що Фуллери піклуються про Гокінсів вже принаймні покоління."
"M06S14_INT_ColdenBradley_Debrief_Loca318","And all were aware of Mrs. Hawkins fragility.","І всі були свідомі крихкості місіс Гокінс."
"M06S14_INT_ColdenBradley_Debrief_Loca319","Perhaps. But no one would allow a psychiatric internment.","Можливо. Але ніхто не дозволив би психіатричне утримання."
"M06S14_INT_ColdenBradley_Debrief_Loca320","From what I read in the file, Fuller used her as a subject of his experiments.","З того, що я прочитав у медкартці, Фуллер використовував її як об'єкт своїх експериментів."
"M06S14_INT_ColdenBradley_Debrief_Loca321","Francis Sanders and Sarah Hawkins, subjects of Dr. Fuller. Why those two?","Френсіс Сандерс і Сара Гокінс - об'єкти досліджень доктора Фуллера. Чому саме ці двоє?"
"M06S14_INT_ColdenBradley_Debrief_Loca192","M06S14_INT_ColdenBradley_Debrief_Loca192",""
"M06S14_INT_ColdenBradley_Debrief_Loca157","[Come back]","[Повернутися]"
"M06S14_INT_ColdenBradley_Debrief_Loca191","M06S14_INT_ColdenBradley_Debrief_Loca191",""
"M06S14_INT_ColdenBradley_Debrief_Loca159","Did Fuller found Riverside?","Фуллер заснував Ріверсайд?"
"M06S14_INT_ColdenBradley_Debrief_Loca195","Given the energy he pours into Riverside, I presume it was Fuller's creation.","Враховуючи енергію, яку він вкладає в Ріверсайд, я припускаю, що це було творіння Фуллера."
"M06S14_INT_ColdenBradley_Debrief_Loca324","His father's, to be correct. He was a surgeon on board the Scylla.","Правильніше сказати, що це було його батька. Він був хірургом на борту Сцилли."
"M06S14_INT_ColdenBradley_Debrief_Loca371","He founded the hospital in 1904 with funds from the Hawkins family, before he died and his son Thomas Fuller took over.","Він заснував лікарню в 1904 році на кошти родини Гокінсів, перш ніж помер і його син Томас Фуллер узяв на себе керівництво."
"M06S14_INT_ColdenBradley_Debrief_Loca325","Two families inextricably linked...","Дві родини, нерозривно пов'язані..."
"M06S14_INT_ColdenBradley_Debrief_Loca327","Most island families are that way. Captain Fitzroy's father was also a seaman abord the Scylla.","Більшість родин на острові такі. Батько капітана Фіцроя також був моряком на борту «Сцилли»."
"M06S14_INT_ColdenBradley_Debrief_Loca372","Powerful families dominating everything.","Забезпечені родини домінують над усім."
"M06S14_INT_ColdenBradley_Debrief_Loca328","Yes, and as you could tell, Dr. Fuller is like some crazed Emperor.","Так, і, як ви могли помітити, доктор Фуллер схожий на якогось божевільного «імператора»."
"M06S14_INT_ColdenBradley_Debrief_Loca329","He wouldn’t be happy if he knew we were snooping around.","Він не буде щасливий, якщо дізнається, що ми тута нишпоримо."
"M06S14_INT_ColdenBradley_Debrief_Loca330","I know the risks. I don't fear him.","Знаю про ризики. Я не боюся його."
"M06S14_INT_ColdenBradley_Debrief_Loca331","Do you wish to know anything else?","Ви хочете дізнатися щось ще?"
"M06S14_INT_ColdenBradley_Debrief_Loca196","M06S14_INT_ColdenBradley_Debrief_Loca196",""
"M06S14_INT_ColdenBradley_Debrief_Loca160","I saw dead bodies.","Я бачив мертві тіла."
"M06S14_INT_ColdenBradley_Debrief_Loca127","Dr. Fuller seems to be leaving a trail of corpses.","Доктор Фуллер, здається, залишає за собою слід трупів."
"M06S14_INT_ColdenBradley_Debrief_Loca373","Not to mention those stranges machines, chains and tools of all kind.","Не кажучи вже про ці дивні машини, ланцюги та інструменти всіх видів."
"M06S14_INT_ColdenBradley_Debrief_Loca128","Yes ! I've been telling you that Fuller is using his patients as guinea pigs.","Так! Я ж казав вам, що Фуллер використовує своїх пацієнтів як піддослідних кроликів."
"M06S14_INT_ColdenBradley_Debrief_Loca129","What I saw his more akin to torture than medicine.","Те, що я бачив, більше нагадує тортури, ніж медицину."
"M06S14_INT_ColdenBradley_Debrief_Loca130","Do you even hear what you're saying? Dr. Fuller is highly respected.","Ви взагалі чуєте, що говорите? Доктор Фуллер користується великою повагою."
"M06S14_INT_ColdenBradley_Debrief_Loca131","It's the truth, Ethan. And I'll prove it to you.","Це правда, Ітане. І я доведу це тобі."
"M06S14_INT_ColdenBradley_Debrief_Loca342","I'm listening, Mr. Pierce.","Я вас слухаю, містере Пірс."
"M06S14_INT_ColdenBradley_Debrief_Loca198","M06S14_INT_ColdenBradley_Debrief_Loca198",""
"M06S14_INT_ColdenBradley_Debrief_Loca161","What do you think of this prescription?","Що ви думаєте про цей рецепт?"
"M06S14_INT_ColdenBradley_Debrief_Loca176","Found this at the Hawkins house. The doses seem insane.","Знайшов це в будинку Гокінсів. Дози «вражають»."
"M06S14_INT_ColdenBradley_Debrief_Loca332","Barbiturates... But these doses…","Барбітурати... Але ці дози..."
"M06S14_INT_ColdenBradley_Debrief_Loca333","What do you mean?","Що ти маєш на увазі?"
"M06S14_INT_ColdenBradley_Debrief_Loca334","Half the island is under treatment. What is prescribed here, however, is enough to knock out an ox.","Половина острова під лікуванням. Однак того, що тут прописано, достатньо, щоб повалити бика."
"M06S14_INT_ColdenBradley_Debrief_Loca337","Fuller wrote this prescription to fool everyone into believing she was mad.","Фуллер написав цей рецепт, пошивши всіх у дурні, змусивши повірити, що вона божевільна."
"M06S14_INT_ColdenBradley_Debrief_Loca338","Or perhaps her husband wrote it…","Або, можливо, її чоловік написав його…"
"M06S14_INT_ColdenBradley_Debrief_Loca339","Perhaps Charles and Dr. Fuller were in league.","Можливо, Чарльз і доктор Фуллер були в змові."
"M06S14_INT_ColdenBradley_Debrief_Loca340","A conspiracy? How dreadful!","Змова? Як жахливо!"
"M06S14_INT_ColdenBradley_Debrief_Loca199","M06S14_INT_ColdenBradley_Debrief_Loca199",""
"M06S14_INT_ColdenBradley_Debrief_Loca276","An art collector, you say? That's probably how they met.","Поціновувач мистецтва, кажете? Напевно, так вони і познайомилися."
"M06S14_INT_ColdenBradley_Debrief_Loca282","If you plan on having dinner at the Sanders household, please spare the widow the tale of her late husband's suffering.","Якщо ви плануєте вечерю в домі Сандерсів, будь ласка, пощадь вдову — не розповідай їй про страждання її покійного чоловіка."
"M06S14_INT_ColdenBradley_Debrief_Loca283","I don't agree. She deserves the truth.","Не згоден. Вона заслуговує на правду."
"M06S14_INT_ColdenBradley_Debrief_Loca284","But that truth may be biased. We don't know the bottom of it.","Але ця правда може бути упередженою. Ми не знаємо всіх деталей."
"M06S14_INT_ColdenBradley_Debrief_Loca279","M06S14_INT_ColdenBradley_Debrief_Loca279",""
"M06S14_INT_ColdenBradley_Debrief_Loca280","Let's stay prudent.","Будьмо обережні."
"M06S14_INT_ColdenBradley_Debrief_Loca286","You're right. Without a plausible explanation for what I saw, let's not jump to conclusions.","Ти маєш рацію. Без правдоподібного пояснення побаченого — не варто робити поспішні висновки."
"M06S14_INT_ColdenBradley_Debrief_Loca292","That seems wise indeed.","Справді, це розсудливо."
"M06S14_INT_ColdenBradley_Debrief_Loca293","M06S14_INT_ColdenBradley_Debrief_Loca293",""
"M06S14_INT_ColdenBradley_Debrief_Loca281","Better to confront the truth.","Краще поглянути правді в очі."
"M06S14_INT_ColdenBradley_Debrief_Loca285","He's right. We can't ignore the truth.","Він правий. Ми не можемо ігнорувати правду."
"M06S14_INT_ColdenBradley_Debrief_Loca289","But it could drive her mad.","Але це може звести її з розуму."
"M06S14_INT_ColdenBradley_Debrief_Loca290","Better madness than ignorance.","Краще божевілля, ніж незнання."
"M06S14_INT_ColdenBradley_Debrief_Loca291","M06S14_INT_ColdenBradley_Debrief_Loca291",""
"M06S14_INT_ColdenBradley_Debrief_Loca277","Very well. I'll go to see Francis’ widow. Perhaps I'll find a link between her husband's death and Sarah Hawkins.","Гаразд. Навідаюся до вдови Френсіса. Можливо, знайду зв’язок між його смертю та Сарою Гокінс."
"M06S14_INT_ColdenBradley_Debrief_Loca278","Don't end up in the hospital this time.","Цього разу постарайся не опинитися в лікарні."
"M06S14_INT_ColdenBradley_Debrief_Loca288","I'll do my best.","Я зроблю все можливе."
"M06S14_INT_GlassOfWhisky_Loca1","M06S14_INT_GlassOfWhisky_Loca1",""
"M06S14_INT_GlassOfWhisky_Loca24","M06S14_INT_GlassOfWhisky_Loca24",""
"M06S14_INT_GlassOfWhisky_Loca25","M06S14_INT_GlassOfWhisky_Loca25",""
"M06S14_INT_GlassOfWhisky_Loca26","M06S14_INT_GlassOfWhisky_Loca26",""
"M06S14_INT_GlassOfWhisky_Loca3","M06S14_INT_GlassOfWhisky_Loca3",""
"M06S14_INT_GlassOfWhisky_Loca4","[Have a drink]","[Випити]"
"M06S14_INT_GlassOfWhisky_Loca5","[Don’t have a drink]","[Не пити]"
"M06S14_INT_GlassOfWhisky_Loca9","M06S14_INT_GlassOfWhisky_Loca9",""
"M06S14_INT_GlassOfWhisky_Loca10","[Have a drink]","[Випити]"
"M06S14_INT_GlassOfWhisky_Loca12","[Don’t have a drink]","[Не пити]"
"M06S14_INT_GlassOfWhisky_Loca16","M06S14_INT_GlassOfWhisky_Loca16",""
"M06S14_INT_GlassOfWhisky_Loca17","[Have a drink]","[Випити]"
"M06S14_INT_GlassOfWhisky_Loca19","[Don’t have a drink]","[Не пити]"
"M06S14_MON_Awakening_Loca1","M06S14_MON_Awakening_Loca1",""
"M06S14_MON_Awakening_Loca2","Who goes there?","Хто там?"
"M06S14_MON_NeedADrink_Loca1","M06S14_MON_NeedADrink_Loca1",""
"M06S14_MON_NeedADrink_Loca2","That nightmare again... Need a drink.","Знову цей кошмар... Потрібен ковток."
"M06S14_MON_NotLeaving_Loca1","M06S14_MON_NotLeaving_Loca1",""
"M06S14_MON_NotLeaving_Loca2","No. I wanna know what Bradley and Dr. Colden have to say about all this.","Ні. Я хочу знати, що Бредлі та доктор Колден скажуть з цього приводу."
"M07S05_MON_DeadAnimals_Loca1","M07S05_MON_DeadAnimals_Loca1",""
"M07S05_MON_DeadAnimals_Loca2","What killed all these animals?","Що вбило всіх цих тварин?"
"M08S11_AMB_GuardsAlerted_Loca1","M08S11_AMB_GuardsAlerted_Loca1",""
"M08S11_AMB_GuardsAlerted_Loca2","What are you doing here?","Що ти тут робиш?"
"M08S11_AMB_GuardsAlerted_Loca3","Stop right there!","Стій там і не рухайся!"
"M08S11_AMB_GuardsTalking_Loca1","M08S11_AMB_GuardsTalking_Loca1",""
"M08S11_AMB_GuardsTalking_Loca2","Do you know where Dr. Fuller is?","Ти знаєш, де доктор Фуллер?"
"M08S11_AMB_GuardsTalking_Loca3","I saw him going to the operating room. Why do you ask?","Я бачив, як він йшов до операційної. Чому ви питаєте?"
"M08S11_AMB_GuardsTalking_Loca4","I wanted to see him about something, but it can wait.","Хотів поговорити з ним про дещо, але це почекає."
"M08S11_AMB_GuardsTalking_Loca5","Best thing! You know how he hates to be interrupted when he's operating.","І правильно! Ти ж знаєш, як він ненавидить, коли його відволікають під час операцій."
"M08S11_AMB_GuardsTalking_Loca6","Moreover, I don't know who he was opening up, but he seemed quite enthusiastic!","До речі, не знаю, кого він там розрізав, але був аж надто захоплений!"
"M08S11_AMB_GuardsTalking_Loca7","I wouldn't like to be on that table.","Я б не хотів опинитися на тому столі."
"M08S11_AMB_GuardsTalking_Loca8","You said it...","Та ще б пак..."
"M08S11_AMB_PierceAndSarahRunning01_Loca1","M08S11_AMB_PierceAndSarahRunning01_Loca1",""
"M08S11_AMB_PierceAndSarahRunning01_Loca2","What the...","Що за..."
"M08S11_AMB_PierceAndSarahRunning02_Loca1","M08S11_AMB_PierceAndSarahRunning02_Loca1",""
"M08S11_AMB_PierceAndSarahRunning02_Loca2","Oh, no!","О ні!"
"M08S11_AMB_PierceAndSarahWalking_Loca1","M08S11_AMB_PierceAndSarahWalking_Loca1",""
"M08S11_AMB_PierceAndSarahWalking_Loca2","It was in your studio.","Це було в твоїй майстерні."
"M08S11_AMB_PierceAndSarahWalking_Loca3","What?","Що?"
"M08S11_AMB_PierceAndSarahWalking_Loca4","You painted me. That's where you saw me.","Ти намалювала мене. Там ти мене й побачила."
"M08S11_AMB_PierceAndSarahWalking_Loca13","Of course!","Звісно!"
"M08S11_AMB_SarahAboutIncGuards_Loca1","M08S11_AMB_SarahAboutIncGuards_Loca1",""
"M08S11_AMB_SarahAboutIncGuards_Loca2","The white men are coming!","Білі люди йдуть!"
"M08S11_AMB_SarahAboutIncGuards_Loca4","You mean the guards?","Ти про охоронців?"
"M08S11_AMB_SarahAboutIncGuards_Loca3","This way, follow me!","Сюди, за мною!"
"M08S11_AMB_SealBurst01_Loca1","M08S11_AMB_SealBurst01_Loca1",""
"M08S11_AMB_SealBurst01_Loca2","Awaken, and free me!","Пробудись і звільни мене!"
"M08S11_AMB_SealBurst02_Loca1","M08S11_AMB_SealBurst02_Loca1",""
"M08S11_AMB_SealBurst02_Loca2","Destiny! It has trapped you.","Доля! Вона тебе спіймала."
"M08S11_AMB_SealBurst03_Loca1","M08S11_AMB_SealBurst03_Loca1",""
"M08S11_AMB_SealBurst03_Loca2","You are confronting powers that surpass you!","Ти стикаєшся з силами, які перевершують всі твої!"
"M08S11_AMB_SealBurst04_Loca1","M08S11_AMB_SealBurst04_Loca1",""
"M08S11_AMB_SealBurst04_Loca2","Don't give up!","Не здавайся!"
"M08S11_CIN_SUB_AsileCharles_Loca1","M08S11_CIN_SUB_AsileCharles_Loca1",""
"M08S11_CIN_SUB_AsileCharles_Loca4","Alright. That should do it. Let’s move.","Гаразд. Це має спрацювати. Йдемо."
"M08S11_CIN_SUB_AsileCharles_Loca5","Where the hell do you think you're going, woman?","Куди ти, бляха, прешся, жінко?"
"M08S11_CIN_SUB_AsileCharles_Loca6","I'm your puppet no more, you bastard!","Я більше не твоя лялька, покидьку!"
"M08S11_CIN_SUB_AsileCharles_Loca7","You're my wife! My wife! You owe me obedience!","Ти моя дружина! Моя! Ти мусиш мені підкорятися!"
"M08S11_CIN_SUB_AsileCharles_Loca9","Leave her alone! We're leaving this crazy island.","Залиш її в спокої! Ми йдемо з цього божевільного острова."
"M08S11_CIN_SUB_AsileCharles_Loca10","You are going nowhere!","Нікуди ти не підеш!"
"M08S11_CIN_SUB_AsileCharles_Loca11","Don't get between me and my wife!","Не ставай між мною та моєю дружиною!"
"M08S11_CIN_SUB_AsileCharles_Loca13","Edward!","Едварде!"
"M08S11_CIN_SUB_AsileCharles_Loca15","Nobody tells me what to do with my wife!","Ніхто не диктує мені, що робити з моєю дружиною!"
"M08S11_CIN_SUB_AsileCharles_Loca16","How dare you?","Як ти смієш?"
"M08S11_CIN_SUB_CharlesDeath_Loca1","M08S11_CIN_SUB_CharlesDeath_Loca1",""
"M08S11_CIN_SUB_CharlesDeath_Loca5","[panting because of physical effort]","[задихається від фізичного зусилля]"
"M08S11_CIN_SUB_CharlesDeath_Loca6","[Gasping and sobbing]","[задихається і ридає]"
"M08S11_CIN_SUB_CharlesDeath_Loca7","[growls softly : love, and pain]","[поривається з любов'ю та болем]"
"M08S11_CIN_SUB_DoctorExperiment_Loca1","M08S11_CIN_SUB_DoctorExperiment_Loca1",""
"M08S11_CIN_SUB_DoctorExperiment_Loca2","Please, take a seat and be quiet, Mr Pierce.","Прошу, сідайте і поводьтеся тихо, містере Пірс."
"M08S11_CIN_SUB_DoctorExperiment_Loca3","I'll be with you in a moment.","Я зараз."
"M08S11_CIN_SUB_DoctorExperiment_Loca4","Stop, whatever the hell you're doing and turn around, now.","Зупиніться, що б ви не робили, і поверніться негайно!"
"M08S11_CIN_SUB_DoctorExperiment_Loca5","No, it can’t be... No!","Ні, цього не може бути... НІ!"
"M08S11_CIN_SUB_DoctorExperiment_Loca6","You son of a bitch!","Сучий виродок!"
"M08S11_CIN_SUB_DoctorExperiment_Loca7","What did you do to her!","Що ти з нею зробив?!"
"M08S11_CIN_SUB_DoctorExperiment_Loca12","I wish I could have done more experiments on you, Mr Pierce.","Я б хотів провести з вами ще більше експериментів, містере Пірс."
"M08S11_CIN_SUB_DoctorExperiment_Loca8","I said What did you do to her!","Я спитав: що ти зробив з нею?!"
"M08S11_CIN_SUB_DoctorExperiment_Loca9","You should'nt be sorry for your friend, you should envy her.","Не жалкуй свою подругу, ти маєш їй заздрити."
"M08S11_CIN_SUB_DoctorExperiment_Loca10","Murderer!","Вбивця!"
"M08S11_CIN_SUB_DoctorExperiment_Loca11","This madness must stop!","Це божевільння має зупинитися!"
"M08S11_CIN_SUB_SarahDiscovery_Loca1","M08S11_CIN_SUB_SarahDiscovery_Loca1",""
"M08S11_CIN_SUB_SarahDiscovery_Loca4","What in God's name... ?","Що, боже мій...?"
"M08S11_CIN_SUB_SarahDiscovery_Loca5","Sarah? What did they do to you... ?","Сара? Що вони з тобою зробили...?"
"M08S11_CIN_SUB_SarahDiscovery_Loca6","Can you speak ?","Ти можеш говорити?"
"M08S11_INT_CharlesHawkins_Loca1","M08S11_INT_CharlesHawkins_Loca1",""
"M08S11_INT_CharlesHawkins_Loca2","No…","Ні..."
"M08S11_INT_CharlesHawkins_Loca3","Why should I let you take her away when I could snap your neck?","Чому я маю дозволити тобі забрати її, коли можу зламати тобі шию?"
"M08S11_INT_CharlesHawkins_Loca4","M08S11_INT_CharlesHawkins_Loca4",""
"M08S11_INT_CharlesHawkins_Loca5","You are incapable of protecting her.","Ти не здатний її захистити."
"M08S11_INT_CharlesHawkins_Loca6","All you did for her safety was throwing her in this rat hole.","Усе, що ти зробив для її безпеки — кинути в цю щурячу нору."
"M08S11_INT_CharlesHawkins_Loca7","I hid her well enough.","Я добре її сховав."
"M08S11_INT_CharlesHawkins_Loca8","You let Fuller play with her!","Ти дозволив Фуллеру гратися з нею!"
"M08S11_INT_CharlesHawkins_Loca9","Stop!","Припини!"
"M08S11_INT_CharlesHawkins_Loca10","M08S11_INT_CharlesHawkins_Loca10",""
"M08S11_INT_CharlesHawkins_Loca11","You have no future with her.","У тебе немає майбутнього з нею."
"M08S11_INT_CharlesHawkins_Loca12","Look at yourself.","Поглянь на себе."
"M08S11_INT_CharlesHawkins_Loca13","You can’t leave this place. Can’t offer her a normal life.","Ти не можеш залишити це місце. Не зможеш дати їй нормальне життя."
"M08S11_INT_CharlesHawkins_Loca14","Sarah forsook that right when she succumbed to the call.","Сара втратила це право, щойно піддалася поклику."
"M08S11_INT_CharlesHawkins_Loca15","M08S11_INT_CharlesHawkins_Loca15",""
"M08S11_INT_CharlesHawkins_Loca16","You won’t kill me.","Тобі не вбите мене."
"M08S11_INT_CharlesHawkins_Loca17","Your cult, they don’t want me dead.","Твій культ не хоче моєї смерті."
"M08S11_INT_CharlesHawkins_Loca18","Why? Because you are the one destined to perform the call?","Чому? Бо ти той, хто має здійснити поклик?"
"M08S11_INT_CharlesHawkins_Loca19","Your wife thinks so.","Твоя дружина так вважає."
"M08S11_INT_CharlesHawkins_Loca20","Fool. My desire to protect Sarah is stronger than their petty schemes.","Дурнику. Моє бажання захистити Сару сильніше за їхні дрібні змови."
"M08S11_INT_CharlesHawkins_Loca21","M08S11_INT_CharlesHawkins_Loca21",""
"M08S11_INT_CharlesHawkins_Loca22","You love her.","Ти її «любиш»."
"M08S11_INT_CharlesHawkins_Loca23","You left evidence of your affection for Sarah everywhere.","Ти лишив сліди своєї «любові» до Сари скрізь."
"M08S11_INT_CharlesHawkins_Loca24","That has nothing to do with you!","Це не твоє справа!"
"M08S11_INT_CharlesHawkins_Loca25","Only I can get her out of Darkwater.","Тільки я можу вивести її з Дарквотера."
"M08S11_INT_CharlesHawkins_Loca26","Don’t go near her!","Не наближайся до неї!"
"M08S11_INT_CharlesHawkins_Loca27","Do you understand?","Второпаєш?"
"M08S11_INT_CharlesHawkins_Loca77","M08S11_INT_CharlesHawkins_Loca77",""
"M08S11_INT_CharlesHawkins_Loca28","M08S11_INT_CharlesHawkins_Loca28",""
"M08S11_INT_CharlesHawkins_Loca29","I did everything I could to protect her.","Я зробив усе можливе, щоб захистити її."
"M08S11_INT_CharlesHawkins_Loca30","But her identity, her power is what threatens her.","Але її справжнє «я», її сила — саме те, що їй загрожує."
"M08S11_INT_CharlesHawkins_Loca31","What?","Що?"
"M08S11_INT_CharlesHawkins_Loca32","M08S11_INT_CharlesHawkins_Loca32",""
"M08S11_INT_CharlesHawkins_Loca33","M08S11_INT_CharlesHawkins_Loca33",""
"M08S11_INT_CharlesHawkins_Loca34","You hurt her!","Ти завдав їй болю!"
"M08S11_INT_CharlesHawkins_Loca35","No, detective.","Ні, детективе."
"M08S11_INT_CharlesHawkins_Loca36","She is much, much more than a woman.","Вона набагато більше, ніж просто жінка."
"M08S11_INT_CharlesHawkins_Loca37","She is the Oracle.","Вона — Оракул."
"M08S11_INT_CharlesHawkins_Loca38","*Struggling more and more*","*все більше бореться*"
"M08S11_INT_CharlesHawkins_Loca39","M08S11_INT_CharlesHawkins_Loca39",""
"M08S11_INT_CharlesHawkins_Loca40","Sarah has seen things, has made things you can’t even begin to imagine.","Сара бачила речі, про які ти навіть не уявляєш."
"M08S11_INT_CharlesHawkins_Loca41","Would you still save her, if I told you that she is even more dangerous than I am?","Якби я сказав тобі, що вона навіть небезпечніша за мене, ти б усе ще хотів її врятувати?"
"M08S11_INT_CharlesHawkins_Loca42","M08S11_INT_CharlesHawkins_Loca42",""
"M08S11_INT_CharlesHawkins_Loca43","It was not her fault.","Це була не її провина."
"M08S11_INT_CharlesHawkins_Loca44","The painting. But... she refused.","Картина. Але... вона відмовилася."
"M08S11_INT_CharlesHawkins_Loca45","At first.","Спочатку."
"M08S11_INT_CharlesHawkins_Loca46","Sarah condemned Francis Sanders the moment she offered him the Wanderer.","Сара засудила Френсіса Сандерса в той момент, коли запропонувала йому Мандрівника."
"M08S11_INT_CharlesHawkins_Loca47","M08S11_INT_CharlesHawkins_Loca47",""
"M08S11_INT_CharlesHawkins_Loca48","She hurt you.","Вона тебе поранила."
"M08S11_INT_CharlesHawkins_Loca49","It was her magic… The bookstore...","Це була її магія… Книгарня..."
"M08S11_INT_CharlesHawkins_Loca50","How do you know that?","Звідки ти це знаєш?"
"M08S11_INT_CharlesHawkins_Loca51","*death rattle*","*хрип останнього подиху*"
"M08S11_INT_CharlesHawkins_Loca52","It does not matter.","Це не має значення."
"M08S11_INT_CharlesHawkins_Loca53","M08S11_INT_CharlesHawkins_Loca53",""
"M08S11_INT_CharlesHawkins_Loca54","She has been trapped here for months.","Вона тут застрягла вже кілька місяців."
"M08S11_INT_CharlesHawkins_Loca55","She’s weak physically… and mentally.","Вона слабка фізично… і ментально."
"M08S11_INT_CharlesHawkins_Loca56","Don't make the mistake of thinking she's a feeble woman.","Не роби помилки, вважаючи її «безпорадною» жінкою."
"M08S11_INT_CharlesHawkins_Loca58","M08S11_INT_CharlesHawkins_Loca58",""
"M08S11_INT_CharlesHawkins_Loca59","It doesn’t matter.","Це не має значення."
"M08S11_INT_CharlesHawkins_Loca60","She needs help.","Їй потрібна допомога."
"M08S11_INT_CharlesHawkins_Loca61","No.","Ні."
"M08S11_INT_CharlesHawkins_Loca63","M08S11_INT_CharlesHawkins_Loca63",""
"M08S11_INT_CharlesHawkins_Loca64","*Dying*","*Помирає*"
"M08S11_INT_CharlesHawkins_Loca65","Sarah has been in the presence of the myth for too long.","Сара була занадто довго під впливом міту."
"M08S11_INT_CharlesHawkins_Loca66","Even if she were to leave Darkwater, she would still hear his call.","Навіть якщо вона залишить Дарквотер, вона все ще буде чути його поклик."
"M08S11_INT_CharlesHawkins_Loca67","And the Cult will always be here, waiting for her.","І Культ завжди буде тут, чекаючи на неї."
"M08S11_INT_CharlesHawkins_Loca68","Then… we get rid of.. its members.","Тоді... ми позбудемося... його членів."
"M08S11_INT_CharlesHawkins_Loca69","You are out of your league, detective.","Не твоя ліга, детектив."
"M08S11_INT_CharlesHawkins_Loca70","They control the whole island.","Вони контролюють весь острів."
"M08S11_INT_CharlesHawkins_Loca71","She will finally surrender to His power, and the world will fall with her.","Вона нарешті підкориться Його силі, і світ впаде разом із нею."
"M08S11_INT_CharlesHawkins_Loca72","Don’t...","Ні..."
"M08S11_INT_CharlesHawkins_Loca73","No one can escape the wheel of destiny, they say.","Кажуть, ніхто не може втекти від колеса долі."
"M08S11_INT_CharlesHawkins_Loca74","But I will change it: I will save Sarah!","Але я зміню це: я врятую Сару!"
"M08S11_INT_Colden_Loca1","M08S11_INT_Colden_Loca1",""
"M08S11_INT_Colden_Loca2","Pierce! I found her.","Пірс! Я знайшла її."
"M08S11_INT_Colden_Loca15","I finally know what what's going on.","Я нарешті знаю, що відбувається."
"M08S11_INT_Colden_Loca9","You must live, and find the truth.","Ти повинен вижити і дізнатися правду."
"M08S11_INT_Colden_Loca18","It is already too late for me.","Для мене вже занадто пізно."
"M08S11_INT_MalleusMonstrorum3_Loca1","M08S11_INT_MalleusMonstrorum3_Loca1",""
"M08S11_INT_MalleusMonstrorum3_Loca17","Would you read the book?","Чи прочитаєш ти цю книгу?"
"M08S11_INT_MalleusMonstrorum3_Loca18","M08S11_INT_MalleusMonstrorum3_Loca18",""
"M08S11_INT_MalleusMonstrorum3_Loca19","M08S11_INT_MalleusMonstrorum3_Loca19",""
"M08S11_INT_MalleusMonstrorum3_Loca20","M08S11_INT_MalleusMonstrorum3_Loca20",""
"M08S11_INT_MalleusMonstrorum3_Loca21","[Read the book]","[Прочитати книгу]"
"M08S11_INT_MalleusMonstrorum3_Loca22","[Don’t read]","[Не читати]"
"M08S11_INT_MalleusMonstrorum3_Loca23","M08S11_INT_MalleusMonstrorum3_Loca23",""
"M08S11_INT_MalleusMonstrorum3_Loca24","[Read the book]","[Прочитати книгу]"
"M08S11_INT_MalleusMonstrorum3_Loca25","[Don’t read]","[Не читати]"
"M08S11_INT_SarahAboutMachine_Loca1","M08S11_INT_SarahAboutMachine_Loca1",""
"M08S11_INT_SarahAboutMachine_Loca2","Wait! The machine.","Зачекай! Машина."
"M08S11_INT_SarahAboutMachine_Loca3","It’s the green. The decaying one.","Це зелений. Небезпечний."
"M08S11_INT_SarahAboutMachine_Loca4","The gas?","Газ?"
"M08S11_INT_SarahAboutMachine_Loca5","Yes. It’s not good for living beings.","Так. Він шкідливий для всього живого."
"M08S11_INT_SarahAboutMachine_Loca6","We don’t have time for that.","У нас немає на це часу."
"M08S11_INT_SarahAboutMachine_Loca7","I’m not moving until the wrong is set right.","Я не зрушу з місця, доки все не буде виправлено."
"M08S11_INT_SarahAboutMachine_Loca8","Dammit.","Чорт."
"M08S11_INT_SarahHawkins_Loca1","M08S11_INT_SarahHawkins_Loca1",""
"M08S11_INT_SarahHawkins_Loca2","He gave him the Gold and I, the Azure.","Він дав йому Золото, а я — Блакить."
"M08S11_INT_SarahHawkins_Loca3","I don’t see him very often anymore. The green is stronger.","Я більше не бачу його так часто. Зелений сильнішає."
"M08S11_INT_SarahHawkins_Loca4","Are you feeling ill?","Тобі погано?"
"M08S11_INT_SarahHawkins_Loca5","I’m here but no, no.","Я тут, але ні, ні."
"M08S11_INT_SarahHawkins_Loca6","Let’s get you out of here.","Ходімо звідси."
"M08S11_INT_SarahHawkins_Loca7","It comes in my dreams. Our minds melt like colors on a palette.","Воно приходить у мої сни. Наші розуми розтікаються, як фарби на палітрі."
"M08S11_INT_SarahHawkins_Loca8","Come with me.","Ходімо зі мною."
"M08S11_INT_SarahHawkins_Loca9","Its, is of the oldest green. Violently living, vibrant…","Воно... найдавнішого зеленого кольору. Бурхливо живе, пульсує..."
"M08S11_INT_SarahHawkins_Loca10","A sea green, maybe? No, no.","Може, морська зелень? Ні, ні."
"M08S11_INT_SarahHawkins_Loca11","Mrs Hawkins, we must go before someone finds out.","Місіс Гокінс, нам треба йти, поки хтось нас не знайшов."
"M08S11_INT_SarahHawkins_Loca12","Oh but he will. He always knows these things when it’s about me.","Але він знайде. Він завжди все знаходить, особливо, якщо це стосується мене."
"M08S11_INT_SarahHawkins_Loca13","M08S11_INT_SarahHawkins_Loca13",""
"M08S11_INT_SarahHawkins_Loca14","Who?","Хто?"
"M08S11_INT_SarahHawkins_Loca15","Who put you here?","Хто тебе сюди запроторив?"
"M08S11_INT_SarahHawkins_Loca16","But Charles, of course.","Авжеж, Чарльз."
"M08S11_INT_SarahHawkins_Loca17","He tries to protect me.","Він намагається захистити мене."
"M08S11_INT_SarahHawkins_Loca18","So he locked you in this rat hole out of love?","Отже, він замкнув тебе в цій щурячій норі з любові?"
"M08S11_INT_SarahHawkins_Loca19","M08S11_INT_SarahHawkins_Loca19",""
"M08S11_INT_SarahHawkins_Loca20","If it was love...","Якщо це була любов..."
"M08S11_INT_SarahHawkins_Loca21","The picture in the warehouse, it was his...","Картина на складі, це була його..."
"M08S11_INT_SarahHawkins_Loca22","All this time, Charles Hawkins had been lurking around.","Весь цей час Чарльз Гокінс ховався поблизу."
"M08S11_INT_SarahHawkins_Loca23","Of course. He can’t let me go.","Звичайно. Він не може мене відпустити."
"M08S11_INT_SarahHawkins_Loca24","Why? Is his love that obsessive?","Чому? Його любов така нав'язлива?"
"M08S11_INT_SarahHawkins_Loca25","M08S11_INT_SarahHawkins_Loca25",""
"M08S11_INT_SarahHawkins_Loca26","You’re not exactly a prisoner.","Ти не зовсім ув'язнена."
"M08S11_INT_SarahHawkins_Loca27","You’re in a bad shape, but you’re unharmed.","Ти в поганому стані, але неушкоджена."
"M08S11_INT_SarahHawkins_Loca28","Who are you hiding from?","Від кого ти ховаєшся?"
"M08S11_INT_SarahHawkins_Loca29","You mean what am I hiding from. Charles is doing this to protect me.","Ти маєш на увазі, від чого я ховаюся. Чарльз робить це, щоб захистити мене."
"M08S11_INT_SarahHawkins_Loca30","What from? Tell me.","Від чого? Скажи мені."
"M08S11_INT_SarahHawkins_Loca31","M08S11_INT_SarahHawkins_Loca31",""
"M08S11_INT_SarahHawkins_Loca32","You too?","Ти теж?"
"M08S11_INT_SarahHawkins_Loca33","I have seen the same color. It was not as vivid as you said.","Я бачив той самий колір. Він не був таким яскравим, як ти казала."
"M08S11_INT_SarahHawkins_Loca34","A pale copy. Discarded spawn.","Бліда копія. Браковане породження."
"M08S11_INT_SarahHawkins_Loca35","Do you know what it was? Tell me!","Ти знаєш, що це було? Скажи мені!"
"M08S11_INT_SarahHawkins_Loca36","M08S11_INT_SarahHawkins_Loca36",""
"M08S11_INT_SarahHawkins_Loca37","I talked to him.","Я говорив із ним."
"M08S11_INT_SarahHawkins_Loca38","He told me to get you out of here.","Він сказав мені витягти тебе звідси."
"M08S11_INT_SarahHawkins_Loca39","I can tell a lie when I hear one.","Я чую, коли брешуть."
"M08S11_INT_SarahHawkins_Loca40","Well, I don't give a damn who you're talking about.","Ну, мені все одно, про кого ти говориш."
"M08S11_INT_SarahHawkins_Loca41","We go, now.","Ми йдемо, зараз."
"M08S11_INT_SarahHawkins_Loca42","M08S11_INT_SarahHawkins_Loca42",""
"M08S11_INT_SarahHawkins_Loca43","M08S11_INT_SarahHawkins_Loca43",""
"M08S11_INT_SarahHawkins_Loca44","Love? He is the only one who still believes he can feel it.","Любов? Він єдиний, хто досі вірить, що може її відчути."
"M08S11_INT_SarahHawkins_Loca45","M08S11_INT_SarahHawkins_Loca45",""
"M08S11_INT_SarahHawkins_Loca46","M08S11_INT_SarahHawkins_Loca46",""
"M08S11_INT_SarahHawkins_Loca47","I can’t. We should not call His name.","Я не можу. Ми не повинні вимовляти Його ім’я."
"M08S11_INT_SarahHawkins_Loca48","Terrible, terrible consequences.","Жахливі… страшні наслідки."
"M08S11_INT_SarahHawkins_Loca49","M08S11_INT_SarahHawkins_Loca49",""
"M08S11_INT_SarahHawkins_Loca50","Alright. Come with me.","Гаразд. Йди зі мною."
"M08S11_INT_SarahHawkins_Loca51","He will know. He will find us.","Він дізнається. Він нас знайде."
"M08S11_INT_SarahHawkins_Loca52","One more reason to hurry.","Ще одна причина поспішати."
"M08S11_INT_SarahHawkins_Loca53","Have I seen you before?","Я тебе вже десь бачила?"
"M08S11_INT_SarahHawkins_Loca54","Can you walk?","Ти зможеш іти?"
"M08S11_INT_SarahHawkins_Loca55","Maybe.","Можливо."
"M08S11_INT_SarahHawkins_Loca56","Then let’s go before your husband finds us.","Тоді йдемо, поки твій чоловік нас не знайшов."
"M08S11_INT_SarahHawkins_Loca57","Then let’s go.","Тоді ходімо."
"M08S11_MON_AboutCrowbar_Loca1","M08S11_MON_AboutCrowbar_Loca1",""
"M08S11_MON_AboutCrowbar_Loca2","Perfect.","Чудово."
"M08S11_MON_AboutFullerMachine_Loca1","M08S11_MON_AboutFullerMachine_Loca1",""
"M08S11_MON_AboutFullerMachine_Loca2","I’d be better off finding a tool.","Краще знайти більш відповідний інструмент."
"M08S11_MON_AboutPortal_Loca1","M08S11_MON_AboutPortal_Loca1",""
"M08S11_MON_AboutPortal_Loca2","What was that? It's as if I had been transported somewhere else.","Що це було? Наче мене перенесло кудись ще."
"M08S11_MON_AfterFullerExperiment_Loca1","M08S11_MON_AfterFullerExperiment_Loca1",""
"M08S11_MON_AfterFullerExperiment_Loca2","Colden?","Колден?"
"M08S11_MON_AnotherPierceInCell_Loca1","M08S11_MON_AnotherPierceInCell_Loca1",""
"M08S11_MON_AnotherPierceInCell_Loca2","Damnation. That’s me.","Прокляття. Це я."
"M08S11_MON_AnotherScyllaModel_Loca1","M08S11_MON_AnotherScyllaModel_Loca1",""
"M08S11_MON_AnotherScyllaModel_Loca2","The Scylla is here, like in the vision. Colden came this way.","«Сцилла» тут, як у видінні. Колден пішла цим шляхом."
"M08S11_MON_CodeKnown_Loca1","M08S11_MON_CodeKnown_Loca1",""
"M08S11_MON_CodeKnown_Loca2","I thought so. The combination from the vision works.","Я так і думав. Комбінація з видіння спрацювала."
"M08S11_MON_ColdenCorpse_Loca1","M08S11_MON_ColdenCorpse_Loca1",""
"M08S11_MON_ColdenCorpse_Loca3","No, no, no!","Ні, ні, ні!"
"M08S11_MON_ColdenVanished_Loca1","M08S11_MON_ColdenVanished_Loca1",""
"M08S11_MON_ColdenVanished_Loca6","Colden? What's going on?","Колден? Що відбувається?"
"M08S11_MON_ColdenVanished_Loca5","Was it a hallucination?","Це була галюцинація?"
"M08S11_MON_CylinderBox_Loca1","M08S11_MON_CylinderBox_Loca1",""
"M08S11_MON_CylinderBox_Loca2","How many hours did she spend in this office?","Скільки годин вона провела в цьому кабінеті?"
"M08S11_MON_DS_Surprise_Loca1","M08S11_MON_DS_Surprise_Loca1",""
"M08S11_MON_DS_Surprise_Loca2","Nooooo!","Нііііі!"
"M08S11_MON_DS_Surprise_Loca3","My god! What is happening to me!?","Господи! Що зі мною відбувається!?"
"M08S11_MON_EndTrip_Loca1","M08S11_MON_EndTrip_Loca1",""
"M08S11_MON_EndTrip_Loca2","It looks like things are back to normal.","Схоже, що все повернулося на свої місця."
"M08S11_MON_EnterTrip_Loca1","M08S11_MON_EnterTrip_Loca1",""
"M08S11_MON_EnterTrip_Loca2","What happened? Something has changed, but what?","Що сталося? Щось змінилося, але що саме?"
"M08S11_MON_FindingColden_Loca1","M08S11_MON_FindingColden_Loca1",""
"M08S11_MON_FindingColden_Loca4","I pray that Colden is really here, and alive.","Молюся, щоб Колден справді була тут і жива."
"M08S11_MON_FindingColdenBis_Loca1","M08S11_MON_FindingColdenBis_Loca1",""
"M08S11_MON_FindingColdenBis_Loca2","Right, enough time wasted. Colden needs me... I must find her.","Гаразд, годі марнувати час. Я потрібен Колден... Я мушу її знайти."
"M08S11_MON_FirstSymbol_Discovery_Loca1","M08S11_MON_FirstSymbol_Discovery_Loca1",""
"M08S11_MON_FirstSymbol_Discovery_Loca2","Where have I seen this symbol?","Де я міг уже бачити цей символ?"
"M08S11_MON_Fuller_TooOld_Loca1","M08S11_MON_Fuller_TooOld_Loca1",""
"M08S11_MON_Fuller_TooOld_Loca4","M08S11_MON_Fuller_TooOld_Loca4",""
"M08S11_MON_Fuller_TooOld_Loca10","How old is Fuller really?","Скільки років насправді Фуллеру?"
"M08S11_MON_Fuller_TooOld_Loca3","M08S11_MON_Fuller_TooOld_Loca3",""
"M08S11_MON_Fuller_TooOld_Loca7","What does that mean?","Що це означає?"
"M08S11_MON_GroundhogDay_Loca1","M08S11_MON_GroundhogDay_Loca1",""
"M08S11_MON_GroundhogDay_Loca2","Again! What is this madness?","Знову! Що це за божевілля?"
"M08S11_MON_GroundhogDay_Loca3","I must get out of this never-ending loop!","Я мушу вибратися з цього безкінечного циклу!"
"M08S11_MON_InfiniteHallway_Loca1","M08S11_MON_InfiniteHallway_Loca1",""
"M08S11_MON_InfiniteHallway_Loca2","What's going on? It never ends.","Що відбувається? Це ніколи не закінчиться."
"M08S11_MON_KilledByDS_Loca1","M08S11_MON_KilledByDS_Loca1",""
"M08S11_MON_KilledByDS_Loca2","No, not him... Noooooooooooooooo!","Ні, тільки не він... Ніііііііііііііііііі!"
"M08S11_MON_Lullaby_Loca1","M08S11_MON_Lullaby_Loca1",""
"M08S11_MON_Lullaby_Loca2","That lullaby again...","Знову ця колискова..."
"M08S11_MON_PipeLeak_Loca1","M08S11_MON_PipeLeak_Loca1",""
"M08S11_MON_PipeLeak_Loca3","M08S11_MON_PipeLeak_Loca3",""
"M08S11_MON_PipeLeak_Loca2","They've repaired their damn machine!","Вони відремонтували свою чортову машину!"
"M08S11_MON_PipeLeak_Loca8","*coughs* This shit never augurs anything good.","*Кашляє* Це лайно ніколи не віщує нічого доброго."
"M08S11_MON_PortalHint_Loca1","M08S11_MON_PortalHint_Loca1",""
"M08S11_MON_PortalHint_Loca2","The portal is gone. Did it close when I opened that door?","Портал зник. Він закрився, коли я відчинив ті двері?"
"M08S11_MON_Respawn_First_Loca1","M08S11_MON_Respawn_First_Loca1",""
"M08S11_MON_Respawn_First_Loca2","This door transported me to my starting point.","Ці двері перенесли мене до початкової точки."
"M08S11_MON_Respawn_First_Loca3","All this was just a dream?","Все це було лише сном?"
"M08S11_MON_Sarah_MedicalRecord_Loca1","M08S11_MON_Sarah_MedicalRecord_Loca1",""
"M08S11_MON_Sarah_MedicalRecord_Loca2","She fascinated Fuller. Does he know what happened to her?","Вона зачаровувала Фуллера. Чи знає він, що з нею сталося?"
"M08S11_MON_SarahsShoe_Loca1","M08S11_MON_SarahsShoe_Loca1",""
"M08S11_MON_SarahsShoe_Loca6","Fuller was at the scene of the fire!","Фуллер був на місці пожежі!"
"M08S11_MON_SleepingPills_Loca1","M08S11_MON_SleepingPills_Loca1",""
"M08S11_MON_SleepingPills_Loca2","Fuller too?","Фуллер теж?"
"M08S11_MON_TwoKindOfLamps_Loca1","M08S11_MON_TwoKindOfLamps_Loca1",""
"M08S11_MON_TwoKindOfLamps_Loca3","Things appear differently depending on the lamp I use...","Речі виглядають інакше залежно від того, яку лампу я використовую..."
"M08S11_MON_TwoKindOfLamps_Loca4","The two types of lamps obviously don't have the same effect on the symbols.","Схоже, ці два типи ламп по-різному впливають на символи."
"M08S11_MON_WeirdSymbol_FullerOfficeBlocked_Loca1","M08S11_MON_WeirdSymbol_FullerOfficeBlocked_Loca1",""
"M08S11_MON_WeirdSymbol_FullerOfficeBlocked_Loca2","This symbol. Some new folly!","Цей символ. Ще одна маячня!"
"M08S11_MON_WeirdSymbol_FullerOfficeBlocked_Loca4","M08S11_MON_WeirdSymbol_FullerOfficeBlocked_Loca4",""
"M08S11_MON_WeirdSymbol_FullerOfficeBlocked_Loca7","It's a seal.","Це печатка."
"M08S11_MON_WeirdSymbol_FullerOfficeBlocked_Loca5","M08S11_MON_WeirdSymbol_FullerOfficeBlocked_Loca5",""
"M08S11_MON_WeirdSymbol_FullerOfficeBlocked_Loca3","Indecipherable.","Нерозбірливо."
"M08S11_MON_WeirdSymbol_FullerOfficeBlocked_Loca8","Drake would have liked to see this.","Дрейку сподобалося б це побачити."
"M08S11_MON_WeirdSymbol_Missing_Loca1","M08S11_MON_WeirdSymbol_Missing_Loca1",""
"M08S11_MON_WeirdSymbol_Missing_Loca2","It still doesn't open!","Воно досі не відкривається!"
"M08S11_MON_WeirdSymbol_Missing_Loca3","Yet the symbol is no longer there.","Але ж символа там більше немає."
"M09S08_AMB_CAT_New_FishermenComplaints_Loca1","M09S08_AMB_CAT_New_FishermenComplaints_Loca1",""
"M09S08_AMB_CAT_New_FishermenComplaints_Loca2","Release our friends, you bunch of picaroons!","Відпустіть наших друзів, ви, шайка піратів!"
"M09S08_AMB_CAT_New_FishermenComplaints_Loca3","Yeah! They've done nothing wrong!","Ага! Вони нічого не зробили!"
"M09S08_AMB_CAT_New_FishermenComplaints_Loca5","Apart from killing a cop on our turf?","А крім того, що копа на нашій території прибили?"
"M09S08_AMB_CAT_New_FishermenComplaints_Loca9","That’s hooey!","Та це брехня!"
"M09S08_AMB_CAT_New_FishermenComplaints_Loca4","How do you know they killed him?","Звідки тобі відомо, що це вони його прибили?"
"M09S08_AMB_CAT_New_FishermenComplaints_Loca7","Do you want me to settle it with some lead?","Може, хочеш, щоб я це вирішив за допомогою свинцю?"
"M09S08_AMB_CAT_New_FishermenComplaints_Loca8","Scurvy dog... Always threatening us.","Пес проклятий... Постійно нам погрожуєш."
"M09S08_AMB_CAT_New_MurphyBlockExit_Loca1","M09S08_AMB_CAT_New_MurphyBlockExit_Loca1",""
"M09S08_AMB_CAT_New_MurphyBlockExit_Loca5","Quieten these lunkheads down before I shiv the lot of them!","Припни язика цим вузьколобим, а то я їх усіх ножем попарую!"
"M09S08_AMB_CAT_New_MurphyBlockExit_Loca3","I'll take care of them. A bunch of liquor sponges aren't going to lay down the law round here!","Я з ними розберуся. Купка п’яної шантрапи не буде тут свої порядки встановлювати!"
"M09S08_AMB_CAT_New_MurphyBlockExit_Loca6","I'll take a look at this workshop. Join me when you're finished.","Я подивлюся, що там у цій майстерні. Приєднуйся, коли закінчиш."
"M09S08_AMB_CAT_New_MurphyEscortCat_Loca1","M09S08_AMB_CAT_New_MurphyEscortCat_Loca1",""
"M09S08_AMB_CAT_New_MurphyEscortCat_Loca4","Where's this workshop?","Де ця майстерня?"
"M09S08_AMB_CAT_New_MurphyEscortCat_Loca2","I'll go with you. He must be talking about the old boat repair workshop.","Я піду з тобою. Він, напевно, говорить про стару майстерню з ремонту човнів."
"M09S08_AMB_CAT_New_TroubleOutside_Loca1","M09S08_AMB_CAT_New_TroubleOutside_Loca1",""
"M09S08_AMB_CAT_New_TroubleOutside_Loca6","What's going on outside?","Що відбувається зовні?"
"M09S08_AMB_CAT_New_TroubleOutside_Loca2","This is my last warning.","Це моє останнє попередження."
"M09S08_AMB_CAT_New_TroubleOutside_Loca8","Next one who comes close, gets one in the head.","Ще хоч хтось наблизиться на крок, отримає кулю в лоба."
"M09S08_AMB_PIERCE_New_BarmanInjured_Loca1","M09S08_AMB_PIERCE_New_BarmanInjured_Loca1",""
"M09S08_AMB_PIERCE_New_BarmanInjured_Loca2","Shit!","Срака!"
"M09S08_AMB_PIERCE_New_BarmanInjured_Loca3","Stupid…","Дурень..."
"M09S08_AMB_PIERCE_New_BradleyFinalWhaling_Loca1","M09S08_AMB_PIERCE_New_BradleyFinalWhaling_Loca1",""
"M09S08_AMB_PIERCE_New_BradleyFinalWhaling_Loca9","Bradley? Shit!","Бредлі? Блядь!"
"M09S08_AMB_PIERCE_New_BradleyFinalWhaling_Loca4","(voice kit Bradley Puppet)",""
"M09S08_AMB_PIERCE_New_BradleyInPain_Loca1","M09S08_AMB_PIERCE_New_BradleyInPain_Loca1",""
"M09S08_AMB_PIERCE_New_BradleyInPain_Loca2","(voice kit : Bradley is in pain)",""
"M09S08_AMB_PIERCE_New_BradleyWakeUpPierce_Loca1","M09S08_AMB_PIERCE_New_BradleyWakeUpPierce_Loca1",""
"M09S08_AMB_PIERCE_New_BradleyWakeUpPierce_Loca2","Pierce! Wake up!","Пірс! Прокидайся!"
"M09S08_AMB_PIERCE_New_Cat_Loca1","M09S08_AMB_PIERCE_New_Cat_Loca1",""
"M09S08_AMB_PIERCE_New_Cat_Loca5","Bloody Captain!","Клятий капітан!"
"M09S08_AMB_PIERCE_New_Cat_Loca2","I'm not dying in this rat hole.","Я не помру в цій щурячій дирі."
"M09S08_AMB_PIERCE_New_Cat_Loca3","Come on...","Не бійся..."
"M09S08_AMB_PIERCE_New_Cat_Loca4","If I find him...","Якщо я його знайду..."
"M09S08_AMB_PIERCE_New_CthulhuChant_Loca1","M09S08_AMB_PIERCE_New_CthulhuChant_Loca1",""
"M09S08_AMB_PIERCE_New_CthulhuChant_Loca2","Ph'nglui mglw'nafh Cthulhu R'lyeh wgah'nagl fhtagn","Пн'ґлуї мґлв'нафх Ктулгу Р'льєх Вґаг'нагл фгтаґн"
"M09S08_AMB_PIERCE_New_MarshallEvent_Loca1","M09S08_AMB_PIERCE_New_MarshallEvent_Loca1",""
"M09S08_AMB_PIERCE_New_MarshallEvent_Loca2","No! Get away, bastards!","Ні! Відваліть, покидьки!"
"M09S08_AMB_PIERCE_New_MarshallEvent_Loca3","(more struggling)","(ще боротьба)"
"M09S08_AMB_PIERCE_New_MarshallEvent_Loca4","(someone is strangling him)","(хтось душить його)"
"M09S08_AMB_PIERCE_New_SmugglerSeeingPierce_Loca1","M09S08_AMB_PIERCE_New_SmugglerSeeingPierce_Loca1",""
"M09S08_AMB_PIERCE_New_SmugglerSeeingPierce_Loca2","Hey you!","Гей ти!"
"M09S08_AMB_PIERCE_New_SmugglerSeeingPierce_Loca3","Come over here.","Йди-но сюди."
"M09S08_AMB_PIERCE_New_SmugglerTalkAboutCat_Loca1","M09S08_AMB_PIERCE_New_SmugglerTalkAboutCat_Loca1",""
"M09S08_AMB_PIERCE_New_SmugglerTalkAboutCat_Loca2","They got the boss. Nasty wound.","Вони взяли боса. Смертельне поранення."
"M09S08_AMB_PIERCE_New_SmugglerTalkAboutCat_Loca5","I wanted to get her the first aid kit in the Hawkins warehouse.","Я хотів принести їй аптечку зі складу Гокінсів."
"M09S08_AMB_PIERCE_New_SmugglerTalkAboutCat_Loca3","But there's one of those poor bastards in it. Too dangerous.","Але там один з тих бідолашних придурків. Занадто небезпечно."
"M09S08_AMB_PIERCE_New_SmugglerTalkAboutCat_Loca4","I'll see what I can do.","Я гляну, що можу зробити."
"M09S08_AMB_PIERCE_New_SparedBradley_Loca1","M09S08_AMB_PIERCE_New_SparedBradley_Loca1",""
"M09S08_AMB_PIERCE_New_SparedBradley_Loca2","You should have killed me.","Тобі слід було вбити мене."
"M09S08_AMB_PIERCE_New_SparedBradley_Loca3","Leave me alone!","Залиш мене в спокої!"
"M09S08_AMB_PIERCE_Reco_Charles_Loca1","M09S08_AMB_PIERCE_Reco_Charles_Loca1",""
"M09S08_AMB_PIERCE_Reco_Charles_Loca3","The Truth Seeker is not your savior!","Шукач істини не є твоїм рятівником!"
"M09S08_AMB_PIERCE_Reco_Charles_Loca4","You will stop using your powers and never again approach the cult.","Ти припиниш використовувати свої сили і більше ніколи не наблизишся до культу."
"M09S08_AMB_PIERCE_Reco_Charles_Loca5","Oracle or not, they will not get you!","Оракул чи ні, вони тебе не дістануть!"
"M09S08_AMB_PIERCE_Reco_Cthulhu_Loca1","M09S08_AMB_PIERCE_Reco_Cthulhu_Loca1",""
"M09S08_AMB_PIERCE_Reco_Cthulhu_Loca2","Track her.","Відстежуй її."
"M09S08_AMB_PIERCE_Reco_Cthulhu_Loca3","Track the truth like the bloodhound you are.","Відстежуй істину, як кровожерливий пес, яким ти є."
"M09S08_AMB_PIERCE_Reco_Fuller_Loca1","M09S08_AMB_PIERCE_Reco_Fuller_Loca1",""
"M09S08_AMB_PIERCE_Reco_Fuller_Loca2","The most precious gift of all.","Найцінніший дар з усіх."
"M09S08_AMB_PIERCE_Reco_Fuller_Loca3","The Truth. The ultimate truth about life.","Істина. Остаточна істина про життя."
"M09S08_AMB_PIERCE_Reco_Fuller_Loca4","If I prove able to resurrect life, then it will only be a matter of time before I know how to create it.","Якщо я зможу воскресити життя, то це буде лише питанням часу, перш ніж я дізнаюся, як його створити."
"M09S08_AMB_PIERCE_Reco_Fuller_Loca5","It will be the end of Gods, be they ancient and powerful.","Це буде кінець Богів, будь вони древніми і могутніми."
"M09S08_AMB_PIERCE_Reco_LeviathanMeat_Loca1","M09S08_AMB_PIERCE_Reco_LeviathanMeat_Loca1",""
"M09S08_AMB_PIERCE_Reco_LeviathanMeat_Loca3","And when they found me, they ate my flesh.","І коли вони знайшли мене, вони з'їли мою плоть."
"M09S08_AMB_PIERCE_Reco_LeviathanMeat_Loca5","And my flesh granted them powers and revelations.","А моя плоть надала їм сили та одкровення."
"M09S08_AMB_PIERCE_Reco_LeviathanMeat_Loca4","You are getting closer, Truth seeker.","Ти наближаєшся все ближче, Шукач істини."
"M09S08_AMB_PIERCE_Reco_Sarah_Loca1","M09S08_AMB_PIERCE_Reco_Sarah_Loca1",""
"M09S08_AMB_PIERCE_Reco_Sarah_Loca2","You need a Truth Seeker.","Тобі потрібен Шукач істини."
"M09S08_AMB_PIERCE_Reco_Sarah_Loca8","Someone with exceptionnal sensitivity to His dreams. This gift will lead him to this island.","Хтось з винятковою чутливістю до Його снів. Цей дар приведе його на цей острів."
"M09S08_AMB_PIERCE_Reco_Sarah_Loca6","As I am the Oracle, I speak for Him we cannot name.","Оскільки я є Оракулом, я говорю від його імені, яке ми не можемо назвати."
"M09S08_CIN_CAT_Escape_Loca1","M09S08_CIN_CAT_Escape_Loca1",""
"M09S08_CIN_CAT_Escape_Loca10","Some wrong, boss?","Щось не так, босе?"
"M09S08_CIN_CAT_Escape_Loca11","Follow me.","Йди за мною."
"M09S08_CIN_CAT_Escape_Loca17","[Nothing written but sequencer]","[Нічого не написано, крім послідовника]"
"M09S08_CIN_CAT_Escape_Loca16","[Nothing written but sequencer]","[Нічого не написано, крім послідовника]"
"M09S08_CIN_CAT_Escape_Loca19","[Nothing written but sequencer]","[Нічого не написано, крім послідовника]"
"M09S08_CIN_CAT_Escape_Loca18","Shit...","Лайно..."
"M09S08_CIN_CAT_IntroLevel_Loca1","M09S08_CIN_CAT_IntroLevel_Loca1",""
"M09S08_CIN_CAT_IntroLevel_Loca5","Dom. What happened?","Дом. Що сталося?"
"M09S08_CIN_CAT_IntroLevel_Loca2","Come. You'll want to hear what these two idiots have to say.","Іди. Тобі захочеться почути, що ці два ідіоти мають сказати."
"M09S08_CIN_CAT_StartEscape_Loca1","M09S08_CIN_CAT_StartEscape_Loca1",""
"M09S08_CIN_CAT_StartEscape_Loca6","What the hell!","Що за чортівня?"
"M09S08_CIN_CAT_StartEscape_Loca7","Dom! Get out of here!","Дом! Вшивайся звідси!"
"M09S08_CIN_CAT_StartEscape_Loca8","Go! I'll cover you!","Йди! Я прикрию тебе!"
"M09S08_CIN_CAT_StartEscape_Loca9","Die, you filthy rat!","Вмри, ти брудний щур!"
"M09S08_CIN_CAT_StartEscape_Loca13","Dammit!","Трясця!"
"M09S08_INT_Bradley_Loca1","M09S08_INT_Bradley_Loca1",""
"M09S08_INT_Bradley_Loca2","What happened?","Що сталося?"
"M09S08_INT_Bradley_Loca3","Take that weapon, you will need it.","Візьми цю зброю, вона тобі знадобиться."
"M09S08_INT_Bradley_Loca4","Sarah Hawkins. She…","Сара Гокінс. Вона..."
"M09S08_INT_Bradley_Loca5","What? Tell me!","Що? Скажи мені!"
"M09S08_INT_Bradley_Loca6","My head! They are coming into my head!","Моя голова! Вони проникають у мою голову!"
"M09S08_INT_Bradley_Loca7","Bradley! Damn it! Pull yourself together.","Бредлі! Твою мать! Збери себе до купи."
"M09S08_INT_Bradley_Loca8","They got me. I can’t resist any longer.","Вони мене взяли. Я більше не можу чинити опір."
"M09S08_INT_Bradley_Loca9","M09S08_INT_Bradley_Loca9",""
"M09S08_INT_Bradley_Loca10","The Cult is behind your condition.","Культ маніпулює твоїм станом."
"M09S08_INT_Bradley_Loca11","Do you remember the cultists we saw under the Hawkins's house?","Ти пам'ятаєш культистів, яких ми бачили під будинком Гокінсів?"
"M09S08_INT_Bradley_Loca12","I saw them on the docks.","Я бачив їх на причалі."
"M09S08_INT_Bradley_Loca13","Pierce, you’ve been in this cell for days.","Пірсе, ти вже кілька днів у цій камері."
"M09S08_INT_Bradley_Loca14","Listen. I think they are responsible for your affliction.","Слухай. Я думаю, що вони відповідальні за твою недугу."
"M09S08_INT_Bradley_Loca15","M09S08_INT_Bradley_Loca15",""
"M09S08_INT_Bradley_Loca16","[Reason with him]","[Поговорити з ним]"
"M09S08_INT_Bradley_Loca17","M09S08_INT_Bradley_Loca17",""
"M09S08_INT_Bradley_Loca18","Whatever they did to you, we will figure it out. So try to calm down.","Що б вони з тобою не зробили, ми розберемося. Тож намагайся заспокоїтися."
"M09S08_INT_Bradley_Loca19","Okay, okay.","Добре, добре."
"M09S08_INT_Bradley_Loca20","We both know that Fuller is behind all this.","Ми обидва знаємо, що Фуллер стоїть за всім цим."
"M09S08_INT_Bradley_Loca21","We’re gonna catch him, and he will fix you.","Ми його спіймаємо, і він тебе вилікує."
"M09S08_INT_Bradley_Loca22","I must tell you, about Sarah Hawkins.","Я повинен розповісти тобі про Сару Гокінс."
"M09S08_INT_Bradley_Loca23","M09S08_INT_Bradley_Loca23",""
"M09S08_INT_Bradley_Loca24","M09S08_INT_Bradley_Loca24",""
"M09S08_INT_Bradley_Loca25","It’s alright, Bradley. Just try to calm down, everything is going to be fine.","Все гаразд, Бредлі. Просто намагайся заспокоїтися, все буде добре."
"M09S08_INT_Bradley_Loca26","Are you stupid?","Ти що, дурний?"
"M09S08_INT_Bradley_Loca27","I’m telling you, I’m turning into one of them!","Я тобі кажу, я перетворююся на одного з них!"
"M09S08_INT_Bradley_Loca28","Bradley, trust me.","Бредлі, довірся мені."
"M09S08_INT_Bradley_Loca29","We lost, Pierce. They even got Sarah Hawkins.","Ми програли, Пірсе. Вони навіть захопили Сару Гокінс."
"M09S08_INT_Bradley_Loca30","M09S08_INT_Bradley_Loca30",""
"M09S08_INT_Bradley_Loca31","You’re stronger than that!","Ти сильніший за це!"
"M09S08_INT_Bradley_Loca32","We’ve been working together since I arrived here.","Ми працюємо разом з того часу, як я сюди приїхав."
"M09S08_INT_Bradley_Loca33","I know you can overcome it.","Я знаю, що ти можеш це подолати."
"M09S08_INT_Bradley_Loca34","It’s too late. I lost Sarah Hawkins.","Занадто пізно. Я втратив Сару Гокінс."
"M09S08_INT_Bradley_Loca35","What?","Що?"
"M09S08_INT_Bradley_Loca36","M09S08_INT_Bradley_Loca36",""
"M09S08_INT_Bradley_Loca37","Where is Sarah Hawkins?","Де Сара Гокінс?"
"M09S08_INT_Bradley_Loca38","The only thing you had to do was keep an eye on the painter.","Єдине, що тобі потрібно було зробити, це стежити за художником."
"M09S08_INT_Bradley_Loca39","What happened with her, Bradley?","Що з нею сталося, Бредлі?"
"M09S08_INT_Bradley_Loca40","It’s…","Це..."
"M09S08_INT_Bradley_Loca41","What happened to Sarah Hawkins?","Що сталося з Сарою Гокінс?"
"M09S08_INT_Bradley_Loca42","M09S08_INT_Bradley_Loca42",""
"M09S08_INT_Bradley_Loca43","Is it related to the nightmares?","Це пов'язано з нічними жахами?"
"M09S08_INT_Bradley_Loca44","The things you see in your dreams.","Речі, які ти бачиш у своїх снах."
"M09S08_INT_Bradley_Loca45","Do you think they could be related to whatever is happening to you?","Ти думаєш, що це може бути пов'язано з тим, що з тобою відбувається?"
"M09S08_INT_Bradley_Loca46","Yes. Well, Sarah Hawkins told me so.","Так. Ну, мені так сказала Сара Гокінс."
"M09S08_INT_Bradley_Loca47","So where is she now?","То де вона зараз?"
"M09S08_INT_Bradley_Loca48","M09S08_INT_Bradley_Loca48",""
"M09S08_INT_Bradley_Loca49","I was unable to stop her.","Я не зміг її зупинити."
"M09S08_INT_Bradley_Loca50","What do you mean, unable?","Що ти маєш на увазі ""не зміг""?"
"M09S08_INT_Bradley_Loca70","She left with the bookseller.","Вона пішла з продавцем книг."
"M09S08_INT_Bradley_Loca71","He came back, alone. Told me she couldn’t resist the call.","Він повернувся один. Сказав, що вона не змогла встояти перед покликом."
"M09S08_INT_Bradley_Loca72","They never came back.","Вони ніколи не повернуться."
"M09S08_INT_Bradley_Loca73","The dockers told me later they saw her going in the direction of the whaling station.","Докери сказали мені пізніше, що бачили, як вона йшла в напрямку китобійної станції."
"M09S08_INT_Bradley_Loca74","Dammit!","Бляха!"
"M09S08_INT_Bradley_Loca52","I’m turning, Pierce. Into one of those things.","Я перетворююся, Пірсе. В одне з тих створінь."
"M09S08_INT_Bradley_Loca53","No! Keep fighting it, Bradley.","Ні! Продовжуй боротися, Бредлі."
"M09S08_INT_Bradley_Loca54","It’s too late. You have to end this.","Занадто пізно. Ти повинен покінчити з цим."
"M09S08_INT_Bradley_Loca57","Do it! Kill me!","Зроби це! Вбий мене!"
"M09S08_INT_Bradley_Loca58","M09S08_INT_Bradley_Loca58",""
"M09S08_INT_Bradley_Loca59","[Shoot Bradley]","[Вистрілити в Бредлі]"
"M09S08_INT_Bradley_Loca60","I'm sorry.","Мені шкода."
"M09S08_INT_Bradley_Loca62","[Spare Bradley]","[Залишити Бредлі в живих]"
"M09S08_INT_Bradley_Loca63","Enough killing.","Досить вбивств."
"M09S08_INT_Bradley_Loca64","Idiot!","Ідіот!"
"M09S08_INT_Bradley_Loca65","(screams in pain)","(кричить від болю)"
"M09S08_INT_Bradley_Loca76","Now go, you imbecile.","Тепер йди, ти імбециле."
"M09S08_INT_Bradley_Loca68","(screams in pain)","(кричить від болю)"
"M09S08_INT_Bradley_Loca79","M09S08_INT_Bradley_Loca79",""
"M09S08_INT_CAT_New_MurphyIntroducesSuspects_Loca1","M09S08_INT_CAT_New_MurphyIntroducesSuspects_Loca1",""
"M09S08_INT_CAT_New_MurphyIntroducesSuspects_Loca2","This better be interesting.","Це має бути цікаво."
"M09S08_INT_CAT_New_MurphyIntroducesSuspects_Loca3","Seems like someone decided to grant you your deepest wish.","Схоже, хтось вирішив виконати твоє найпотаймніше бажання."
"M09S08_INT_CAT_New_MurphyIntroducesSuspects_Loca4","A mutiny?","Заколот?"
"M09S08_INT_CAT_New_MurphyIntroducesSuspects_Loca5","Worst. They killed Chief West.","Ще гірше. Вони вбили начальника Веста"
"M09S08_INT_CAT_New_MurphyIntroducesSuspects_Loca6","What?","Що?"
"M09S08_INT_CAT_New_MurphyIntroducesSuspects_Loca7","And left his body in one of our warehouses...","І залишили його тіло в одному з наших складів..."
"M09S08_INT_CAT_New_MurphyIntroducesSuspects_Loca8","You're kidding.","Ти жартуєш."
"M09S08_INT_CAT_New_MurphyIntroducesSuspects_Loca9","They're all yours.","Вони всі твої."
"M09S08_INT_CAT_TwoSuspects_Loca1","M09S08_INT_CAT_TwoSuspects_Loca1",""
"M09S08_INT_CAT_TwoSuspects_Loca69","M09S08_INT_CAT_TwoSuspects_Loca69",""
"M09S08_INT_CAT_TwoSuspects_Loca2","Which one of you is dumb enough to kill a cop and throw him on my doorstep?","Хто з вас настільки дурний, щоб вбити копа і кинути його на мій поріг?"
"M09S08_INT_CAT_TwoSuspects_Loca3","We don't know nothing!","Ми нічого не знаємо!"
"M09S08_INT_CAT_TwoSuspects_Loca150","The dead body in my warehouse disagrees.","Мертве тіло в моєму складі не згодне."
"M09S08_INT_CAT_TwoSuspects_Loca149","We swear miss, it's not us.","Ми клянемося, міс, це не ми."
"M09S08_INT_CAT_TwoSuspects_Loca151","I don't have time for this… Spill it!","У мене немає часу на це... Говори!"
"M09S08_INT_CAT_TwoSuspects_Loca4","We've got nothing to do with it...","Ми не маємо з цим нічого спільного..."
"M09S08_INT_CAT_TwoSuspects_Loca9","M09S08_INT_CAT_TwoSuspects_Loca9",""
"M09S08_INT_CAT_TwoSuspects_Loca54","[Punch the one on the right]","[Вдарити того, хто праворуч]"
"M09S08_INT_CAT_TwoSuspects_Loca60","Your friend just gave me an idea.","Твій друг тільки що дав мені ідею."
"M09S08_INT_CAT_TwoSuspects_Loca171","No, please! I'll tell you anything!","Ні, будь ласка! Я скажу тобі все!"
"M09S08_INT_CAT_TwoSuspects_Loca172","You speak, we're all dead!","Ти заговориш, і ми всі мертві!"
"M09S08_INT_CAT_TwoSuspects_Loca173","She hates him. Maybe she can beat him.","Вона його ненавидить. Можливо, вона зможе його побити."
"M09S08_INT_CAT_TwoSuspects_Loca176","Who are you talking about?","Про кого ти говориш?"
"M09S08_INT_CAT_TwoSuspects_Loca174","Shut up!","Стулися!"
"M09S08_INT_CAT_TwoSuspects_Loca175","Sorry, miss.","Вибачте, міс."
"M09S08_INT_CAT_TwoSuspects_Loca168","(she sighs and beat him)","(вона зітхає і б'є його)"
"M09S08_INT_CAT_TwoSuspects_Loca164","M09S08_INT_CAT_TwoSuspects_Loca164",""
"M09S08_INT_CAT_TwoSuspects_Loca53","[Punch the one on the left]","[Вдарити того, хто ліворуч]"
"M09S08_INT_CAT_TwoSuspects_Loca58","Actually, you just gave me an idea.","Насправді, ти тільки що дав мені ідею."
"M09S08_INT_CAT_TwoSuspects_Loca167","(voice kit Cat beating a guy)","(набір звуків від Кіт, яка б'є хлопця)"
"M09S08_INT_CAT_TwoSuspects_Loca166","You can beat me be as much as you want, I won't speak.","Ти можеш бити мене скільки завгодно, я нічого не скажу."
"M09S08_INT_CAT_TwoSuspects_Loca170","And why is that?","І чому це?"
"M09S08_INT_CAT_TwoSuspects_Loca165","M09S08_INT_CAT_TwoSuspects_Loca165",""
"M09S08_INT_CAT_TwoSuspects_Loca10","What do you think, Dom?","Що ти думаєш, Доме?"
"M09S08_INT_CAT_TwoSuspects_Loca13","Should I trust these two?","Чи варто мені довіряти цим двом?"
"M09S08_INT_CAT_TwoSuspects_Loca192","They're scared as shit.","Вони налякані до смерті."
"M09S08_INT_CAT_TwoSuspects_Loca193","What's more frightening than me?","Що може бути більш лякаючим за мене?"
"M09S08_INT_CAT_TwoSuspects_Loca194","Good question. The captain?","Добре питання. Капітан?"
"M09S08_INT_CAT_TwoSuspects_Loca195","Their daddy protects them.","Їх тато їх захищає."
"M09S08_INT_CAT_TwoSuspects_Loca16","It’s just a misunderstanding. Anyone can make a mistake.","Це всього лише непорозуміння. Кожен може помилитися."
"M09S08_INT_CAT_TwoSuspects_Loca196","Shut up!","Стулися бляха!"
"M09S08_INT_CAT_TwoSuspects_Loca197","Interesting...","Цікаво..."
"M09S08_INT_CAT_TwoSuspects_Loca191","Let's go, Dom.","Підемо, Доме."
"M09S08_INT_CAT_TwoSuspects_Loca11","I'm in a bad mood...","Я в поганому настрої..."
"M09S08_INT_CAT_TwoSuspects_Loca179","I want to know everything about the corpse over there, or I swear you will meet the same end.","Я хочу знати все про той труп там, або присягаюсь, ви зустрінете таку ж долю."
"M09S08_INT_CAT_TwoSuspects_Loca180","If we speak to you, we are dead. If we don't speak to you, we are dead.","Якщо ми будемо говорити з тобою, ми мертві. Якщо ми не будемо говорити з тобою, ми мертві теж."
"M09S08_INT_CAT_TwoSuspects_Loca182","What? No!","Що? Ні!"
"M09S08_INT_CAT_TwoSuspects_Loca186","Listen miss. We did not see what happened, but we heard.","Слухайте, міс. Ми не бачили, що сталося, але ми чули."
"M09S08_INT_CAT_TwoSuspects_Loca187","Noises. And talkings.","Усілякий шум. І балачки."
"M09S08_INT_CAT_TwoSuspects_Loca188","We've been betrayed.","Нас зрадили."
"M09S08_INT_CAT_TwoSuspects_Loca189","By whom?","Ким?"
"M09S08_INT_CAT_TwoSuspects_Loca190","Go. Look at the body. You’ll find out for yourself.","Іди. Подивися на тіло. Ти сам все дізнаєшся."
"M09S08_INT_CAT_TwoSuspects_Loca198","M09S08_INT_CAT_TwoSuspects_Loca198",""
"M09S08_INT_CAT_TwoSuspects_Loca153","If we tell you, they will know.","Якщо ми скажемо тобі, вони дізнаються."
"M09S08_INT_CAT_TwoSuspects_Loca155","They always know what's in our heads.","Вони завжди знають, що в нас на умі."
"M09S08_INT_CAT_TwoSuspects_Loca156","Yeah. We can't even want to tell you.","Так. Ми навіть не можемо захотіти сказати тобі."
"M09S08_INT_CAT_TwoSuspects_Loca158","They will know the minute we consider telling you.","Вони дізнаються в ту ж мить, як тільки ми подумаємо про те, щоб сказати тобі."
"M09S08_INT_CAT_TwoSuspects_Loca159","Stop. you're giving me a headache.","Зупинись, через тебе у мене вже болить голова."
"M09S08_INT_CAT_TwoSuspects_Loca163","They are completely useless, boss.","Вони абсолютно марні, бос."
"M09S08_INT_CAT_TwoSuspects_Loca161","But you can look by yourself. You're clever.","Але ти можеш подивитися сам. Ти розумний."
"M09S08_INT_CAT_TwoSuspects_Loca162","Yeah, yeah, she will figure it out.","Так, так, вона розбереться."
"M09S08_INT_PIERCE_NEW_Barman_Loca1","M09S08_INT_PIERCE_NEW_Barman_Loca1",""
"M09S08_INT_PIERCE_NEW_Barman_Loca47","M09S08_INT_PIERCE_NEW_Barman_Loca47",""
"M09S08_INT_PIERCE_NEW_Barman_Loca49","M09S08_INT_PIERCE_NEW_Barman_Loca49",""
"M09S08_INT_PIERCE_NEW_Barman_Loca2","Is that you, detective? Can't leave the damn island?","Це ти, детективе? Не можеш покинути цей проклятий острів?"
"M09S08_INT_PIERCE_NEW_Barman_Loca18","I must go to the whaling station.","Я мушу йти на китобійну станцію."
"M09S08_INT_PIERCE_NEW_Barman_Loca3","I'll help you get there if you bring me something to fix this wound.","Я допоможу тобі дістатися туди, якщо ти принесеш мені щось, щоб перев'язати цю рану."
"M09S08_INT_PIERCE_NEW_Barman_Loca48","M09S08_INT_PIERCE_NEW_Barman_Loca48",""
"M09S08_INT_PIERCE_NEW_Barman_Loca41","I have a first aid kit.","У мене є аптечка."
"M09S08_INT_PIERCE_NEW_Barman_Loca42","I found one.","Я знайшов одну."
"M09S08_INT_PIERCE_NEW_Barman_Loca43","Give it to me.","Дай мені її."
"M09S08_INT_PIERCE_NEW_Barman_Loca44","M09S08_INT_PIERCE_NEW_Barman_Loca44",""
"M09S08_INT_PIERCE_NEW_Barman_Loca38","Wait for me.","Зачекай на мене."
"M09S08_INT_PIERCE_NEW_Barman_Loca39","I'm coming back with a first aid kit.","Я повертаюся з аптечкою."
"M09S08_INT_PIERCE_NEW_Barman_Loca40","Make it quick. I'm dying.","Поспішай. Я вмираю."
"M09S08_INT_PIERCE_NEW_Barman_Loca24","[Keep the first aid kit]","[Залишити аптечку собі]"
"M09S08_INT_PIERCE_NEW_Barman_Loca25","I’m sorry, I didn't find one.","Вибач, я не знайшов жодної."
"M09S08_INT_PIERCE_NEW_Barman_Loca26","What the hell?","Якого хріна?"
"M09S08_INT_PIERCE_NEW_Barman_Loca20","[Give the first aid kit]","[Віддати аптечку]"
"M09S08_INT_PIERCE_NEW_Barman_Loca28","Here, take it.","Ось, візьми її."
"M09S08_INT_PIERCE_NEW_Barman_Loca22","Thank you. The entrance to the whaling station is behind.","Дякую. Вхід на китобійну станцію позаду."
"M09S08_INT_PIERCE_NEW_Cat_Loca1","M09S08_INT_PIERCE_NEW_Cat_Loca1",""
"M09S08_INT_PIERCE_NEW_Cat_Loca46","M09S08_INT_PIERCE_NEW_Cat_Loca46",""
"M09S08_INT_PIERCE_NEW_Cat_Loca47","M09S08_INT_PIERCE_NEW_Cat_Loca47",""
"M09S08_INT_PIERCE_NEW_Cat_Loca2","What are you still doing here, detective?","Що ти досі робиш тут, детективе?"
"M09S08_INT_PIERCE_NEW_Cat_Loca19","I need to go to the whaling station.","Мені потрібно йти на китобійну станцію."
"M09S08_INT_PIERCE_NEW_Cat_Loca26","It's locked.You'll need a key to get there.","Вона зачинена. Тобі потрібен ключ, щоб туди потрапити."
"M09S08_INT_PIERCE_NEW_Cat_Loca28","Of course.","А як інакше."
"M09S08_INT_PIERCE_NEW_Cat_Loca3","Go get me a first aid kit. I might have something for you.","Іди принеси мені аптечку. Можливо, я маю щось для тебе."
"M09S08_INT_PIERCE_NEW_Cat_Loca5","M09S08_INT_PIERCE_NEW_Cat_Loca5",""
"M09S08_INT_PIERCE_NEW_Cat_Loca40","I have it.","Я маю її."
"M09S08_INT_PIERCE_NEW_Cat_Loca41","I found a first aid kit.","Я знайшов аптечку."
"M09S08_INT_PIERCE_NEW_Cat_Loca42","What are you waiting for? Give it to me!","Що ти чекаєш? Віддай мені її!"
"M09S08_INT_PIERCE_NEW_Cat_Loca43","M09S08_INT_PIERCE_NEW_Cat_Loca43",""
"M09S08_INT_PIERCE_NEW_Cat_Loca36","Wait for me.","Зачекай на мене."
"M09S08_INT_PIERCE_NEW_Cat_Loca37","I'm coming back with a first aid kit.","Я повертаюся назад з аптечкою."
"M09S08_INT_PIERCE_NEW_Cat_Loca38","Hurry up. I won't last long.","Поспішай. Я не витримаю довго."
"M09S08_INT_PIERCE_NEW_Cat_Loca30","What happened ?","Що сталося ?"
"M09S08_INT_PIERCE_NEW_Cat_Loca31","You were chasing Fitzroy. Now you’re here, injured.","Ти переслідував Фіцроя. Тепер ти тут, поранений."
"M09S08_INT_PIERCE_NEW_Cat_Loca32","How do you know?","Звідки ти знаєш?"
"M09S08_INT_PIERCE_NEW_Cat_Loca33","They were too many. Got us.","Їх було занадто багато. Вони нас взяли."
"M09S08_INT_PIERCE_NEW_Cat_Loca34","If I don't get something to stop the bleeding, I'm a goner.","Якщо я не отримаю щось, щоб зупинити кровотечу, я пропав."
"M09S08_INT_PIERCE_NEW_Cat_Loca35","M09S08_INT_PIERCE_NEW_Cat_Loca35",""
"M09S08_INT_PIERCE_NEW_Cat_Loca6","[Give the first aid kit]","[Віддати аптечку]"
"M09S08_INT_PIERCE_NEW_Cat_Loca7","Take it.","Ось, візьми її."
"M09S08_INT_PIERCE_NEW_Cat_Loca20","Right. The entrance to the whaling station is behind the Hawkins warehouse.","Правильно. Вхід на китобійну станцію позаду складу Гокінсів."
"M09S08_INT_PIERCE_NEW_Cat_Loca23","M09S08_INT_PIERCE_NEW_Cat_Loca23",""
"M09S08_INT_PIERCE_NEW_Cat_Loca8","[Keep the first aid kit]","[Залишити аптечку]"
"M09S08_INT_PIERCE_NEW_Cat_Loca9","I don't have it.","Я не маю її."
"M09S08_INT_PIERCE_NEW_Cat_Loca44","Are you lying to me?","Ти брешеш мені?"
"M09S08_INT_PIERCE_NEW_Cat_Loca21","M09S08_INT_PIERCE_NEW_Cat_Loca21",""
"M09S08_INT_PIERCE_NEW_Cat_Loca22","Wait a minute. I have enough ammo for both of us.","Зачекай хвилинку. У мене достатньо патронів для нас обох."
"M09S08_INT_PIERCE_NEW_Cat_Loca45","Great, thank you.","Чудово, дякую."
"M09S08_INT_PIERCE_NEW_Marshall_Loca1","M09S08_INT_PIERCE_NEW_Marshall_Loca1",""
"M09S08_INT_PIERCE_NEW_Marshall_Loca2","Thank you. How did you manage to get out of your cell?","Дякую. Як ти зміг вибратися зі своєї камери?"
"M09S08_INT_PIERCE_NEW_Marshall_Loca3","Officer Bradley came to free me.","Офіцер Бредлі прийшов, щоб звільнити мене."
"M09S08_INT_PIERCE_NEW_Marshall_Loca4","Bradley and his sense of justice! Where is he?","Бредлі і його почуття справедливості! Де він?"
"M09S08_INT_PIERCE_NEW_Marshall_Loca5","M09S08_INT_PIERCE_NEW_Marshall_Loca5",""
"M09S08_INT_PIERCE_NEW_Marshall_Loca6","He's fine.","З ним все гаразд."
"M09S08_INT_PIERCE_NEW_Marshall_Loca7","He stayed at the police station.","Він залишився у поліцейському відділку."
"M09S08_INT_PIERCE_NEW_Marshall_Loca8","What? That's not like him.","Що? Це не схоже на нього."
"M09S08_INT_PIERCE_NEW_Marshall_Loca9","He had things to do.","У нього були справи невідкладні."
"M09S08_INT_PIERCE_NEW_Marshall_Loca25","Well, I won't judge him for not wanting to come into this hell.","Ну, я не буду його засуджувати за те, що він не хоче потрапити в це пекло."
"M09S08_INT_PIERCE_NEW_Marshall_Loca10","M09S08_INT_PIERCE_NEW_Marshall_Loca10",""
"M09S08_INT_PIERCE_NEW_Marshall_Loca11","I left him.","Я залишив його."
"M09S08_INT_PIERCE_NEW_Marshall_Loca12","I’m sorry officer, he's gone.","Вибачте, офіцере, його вже немає."
"M09S08_INT_PIERCE_NEW_Marshall_Loca13","Did you...?","Ти його...?"
"M09S08_INT_PIERCE_NEW_Marshall_Loca14","No. When I left he was still breathing.","Ні. Коли я пішов, він ще дихав."
"M09S08_INT_PIERCE_NEW_Marshall_Loca15","Poor guy.","Бідолаха."
"M09S08_INT_PIERCE_NEW_Marshall_Loca16","M09S08_INT_PIERCE_NEW_Marshall_Loca16",""
"M09S08_INT_PIERCE_NEW_Marshall_Loca17","I killed Bradley","Я вбив Бредлі."
"M09S08_INT_PIERCE_NEW_Marshall_Loca18","He was turning into one these things over there.","Він перетворювався на одну з тих істот там."
"M09S08_INT_PIERCE_NEW_Marshall_Loca19","He begged me to end his suffering.","Він благав мене покласти край його стражданням."
"M09S08_INT_PIERCE_NEW_Marshall_Loca20","I understand.","Я розумію."
"M09S08_INT_PIERCE_NEW_Marshall_Loca26","I would have done the same, I guess.","Я б зробив те ж саме, гадаю."
"M09S08_INT_PIERCE_NEW_Marshall_Loca21","M09S08_INT_PIERCE_NEW_Marshall_Loca21",""
"M09S08_INT_PIERCE_NEW_Marshall_Loca22","I see you're out of bullets. Take these, Sullivan won't need them anymore.","Я бачу у тебе закінчилися патрони. Візьми ці, Саллівану вони більше не знадобляться."
"M09S08_INT_PIERCE_NEW_Marshall_Loca27","Thanks.","Дякую."
"M09S08_MON_CAT_BloodyCaptain_Loca1","M09S08_MON_CAT_BloodyCaptain_Loca1",""
"M09S08_MON_CAT_BloodyCaptain_Loca3","Thanks.","Дякую."
"M09S08_MON_CAT_New_BloodTrail_Loca1","M09S08_MON_CAT_New_BloodTrail_Loca1",""
"M09S08_MON_CAT_New_BloodTrail_Loca2","Here we are...","Ось ми і тут..."
"M09S08_MON_CAT_New_CatGotCaught_Loca1","M09S08_MON_CAT_New_CatGotCaught_Loca1",""
"M09S08_MON_CAT_New_CatGotCaught_Loca3","Shit...","Бляха..."
"M09S08_MON_CAT_New_FindCorpse_Loca1","M09S08_MON_CAT_New_FindCorpse_Loca1",""
"M09S08_MON_CAT_New_FindCorpse_Loca8","If someone had told me that West's work would kill him.","Якби хтось сказав мені, що робота Веста вб'є його."
"M09S08_MON_CAT_New_FindWestsCorpse_Loca1","M09S08_MON_CAT_New_FindWestsCorpse_Loca1",""
"M09S08_MON_CAT_New_FindWestsCorpse_Loca4","M09S08_MON_CAT_New_FindWestsCorpse_Loca4",""
"M09S08_MON_CAT_New_FindWestsCorpse_Loca3","If someone had told me that West's work would kill him...","Якби хтось сказав мені, що робота Веста вб'є його..."
"M09S08_MON_CAT_New_FindWestsCorpse_Loca6","M09S08_MON_CAT_New_FindWestsCorpse_Loca6",""
"M09S08_MON_CAT_New_FindWestsCorpse_Loca2","Even the cops...","Навіть поліція..."
"M09S08_MON_CAT_New_LockPick_Loca1","M09S08_MON_CAT_New_LockPick_Loca1",""
"M09S08_MON_CAT_New_LockPick_Loca2","Optimists. Very nice.","Оптимісти. Дуже мило."
"M09S08_MON_CAT_New_LockPick_Loca4","No lock can stop me.","Жоден замок не зупинить мене."
"M09S08_MON_CAT_New_SeeingPuppets_Loca1","M09S08_MON_CAT_New_SeeingPuppets_Loca1",""
"M09S08_MON_CAT_New_SeeingPuppets_Loca2","Hmmm...","Гммм..."
"M09S08_MON_CAT_Reco_Blood1_Loca1","M09S08_MON_CAT_Reco_Blood1_Loca1",""
"M09S08_MON_CAT_Reco_Blood1_Loca2","We came from here...","Ми прийшли звідси..."
"M09S08_MON_CAT_Reco_Blood2_Loca1","M09S08_MON_CAT_Reco_Blood2_Loca1",""
"M09S08_MON_CAT_Reco_Blood2_Loca2","Down the stairs...","Униз по сходах..."
"M09S08_MON_CAT_Reco_Corpse_Loca1","M09S08_MON_CAT_Reco_Corpse_Loca1",""
"M09S08_MON_CAT_Reco_Corpse_Loca2","Someone moved the corpse here. Where did the murder happen?","Хтось перемістив тіло сюди. Де сталося вбивство?"
"M09S08_MON_CAT_Reco_CultistCrew_Loca1","M09S08_MON_CAT_Reco_CultistCrew_Loca1",""
"M09S08_MON_CAT_Reco_CultistCrew_Loca2","He was not alone! Who are those guys?","Він був не один! Хто ці хлопці?"
"M09S08_MON_CAT_Reco_CultSign_Loca1","M09S08_MON_CAT_Reco_CultSign_Loca1",""
"M09S08_MON_CAT_Reco_CultSign_Loca2","What the fuck is that?","Що це за хрінь?"
"M09S08_MON_CAT_Reco_CultSign_Loca3","Where did it come from?","Звідки це взялося?"
"M09S08_MON_CAT_Reco_Murder_Loca1","M09S08_MON_CAT_Reco_Murder_Loca1",""
"M09S08_MON_CAT_Reco_Murder_Loca2","So this is where West was killed.","Отже, це місце, де вбили Веста."
"M09S08_MON_CAT_Reco_Murder_Loca3","What's that?","Що це?"
"M09S08_MON_CAT_Reco_Sarah_Loca1","M09S08_MON_CAT_Reco_Sarah_Loca1",""
"M09S08_MON_CAT_Reco_Sarah_Loca2","There's only one man who smokes these gaspers…","Є лише один чоловік, який курить ці сигарети..."
"M09S08_MON_CAT_Reco_Sarah_Loca3","Fitzroy!","Фіцрой!"
"M09S08_MON_CAT_Reco_SarahTalking_Loca1","M09S08_MON_CAT_Reco_SarahTalking_Loca1",""
"M09S08_MON_CAT_Reco_SarahTalking_Loca2","You're not supposed to be here, Truth seeker.","Ти не повинен бути тут, шукач правди."
"M09S08_MON_PIERCE_DestroyedStatue_Loca1","M09S08_MON_PIERCE_DestroyedStatue_Loca1",""
"M09S08_MON_PIERCE_DestroyedStatue_Loca2","It looks like Saint Brendan's critics finally got him. Probably the cult's work.","Схоже, що критики святого Брендана нарешті дістали його. Напевно, це справа культу."
"M09S08_MON_PIERCE_New_AfterReco_Loca1","M09S08_MON_PIERCE_New_AfterReco_Loca1",""
"M09S08_MON_PIERCE_New_AfterReco_Loca2","(screams)","(крики)"
"M09S08_MON_PIERCE_New_AfterReco_Loca3","What has she done?","Що вона зробила?"
"M09S08_MON_PIERCE_NEW_ArriveOnDocks_Loca1","M09S08_MON_PIERCE_NEW_ArriveOnDocks_Loca1",""
"M09S08_MON_PIERCE_NEW_ArriveOnDocks_Loca2","Sarah Hawkins was going to the whaling station.","Сара Гокінс прямувала до китобійної станції."
"M09S08_MON_PIERCE_New_Corpse01_Loca1","M09S08_MON_PIERCE_New_Corpse01_Loca1",""
"M09S08_MON_PIERCE_New_Corpse01_Loca2","How many died because of this madness?","Скільки людей загинуло через це безумство?"
"M09S08_MON_PIERCE_New_Corpse02_Loca1","M09S08_MON_PIERCE_New_Corpse02_Loca1",""
"M09S08_MON_PIERCE_New_Corpse02_Loca2","It's happening!","Це відбувається!"
"M09S08_MON_PIERCE_New_DeadBarman_Loca1","M09S08_MON_PIERCE_New_DeadBarman_Loca1",""
"M09S08_MON_PIERCE_New_DeadBarman_Loca2","He didn't make it.","Він не вижив."
"M09S08_MON_PIERCE_New_DeadCat_Loca1","M09S08_MON_PIERCE_New_DeadCat_Loca1",""
"M09S08_MON_PIERCE_New_DeadCat_Loca2","She didn't make it.","Вона не вижила."
"M09S08_MON_PIERCE_New_DeadCop_Loca1","M09S08_MON_PIERCE_New_DeadCop_Loca1",""
"M09S08_MON_PIERCE_New_DeadCop_Loca2","Sorry.","Вибач."
"M09S08_MON_PIERCE_New_DeadSmuggler_Loca1","M09S08_MON_PIERCE_New_DeadSmuggler_Loca1",""
"M09S08_MON_PIERCE_New_DeadSmuggler_Loca2","Hope his boss will have more luck.","Сподіваюся, його босу пощастить більше."
"M09S08_MON_PIERCE_New_Firstkill_Loca1","M09S08_MON_PIERCE_New_Firstkill_Loca1",""
"M09S08_MON_PIERCE_New_Firstkill_Loca2","They won't stop...","Вони не зупиняться..."
"M09S08_MON_PIERCE_New_Firstkill_Loca3","Oh God, what am I doing?","О Боже, що я роблю?"
"M09S08_MON_PIERCE_New_Get1BulletColt_Loca1","M09S08_MON_PIERCE_New_Get1BulletColt_Loca1",""
"M09S08_MON_PIERCE_New_Get1BulletColt_Loca2","Dammit! One bullet left.","Чорт! Одна куля залишилася."
"M09S08_MON_PIERCE_NEW_GetStimpak_Loca1","M09S08_MON_PIERCE_NEW_GetStimpak_Loca1",""
"M09S08_MON_PIERCE_NEW_GetStimpak_Loca11","M09S08_MON_PIERCE_NEW_GetStimpak_Loca11",""
"M09S08_MON_PIERCE_NEW_GetStimpak_Loca7","This should enable me to stop Cat's bleeding.","Це має дозволити мені зупинити кровотечу Кіт."
"M09S08_MON_PIERCE_NEW_GetStimpak_Loca10","M09S08_MON_PIERCE_NEW_GetStimpak_Loca10",""
"M09S08_MON_PIERCE_NEW_GetStimpak_Loca8","This might prove useful.","Це може виявитися корисним."
"M09S08_MON_PIERCE_NEW_GetStimpak_Loca9","M09S08_MON_PIERCE_NEW_GetStimpak_Loca9",""
"M09S08_MON_PIERCE_NEW_GetStimpak_Loca5","One first aid kit, two wounded people.","Одна аптечка, двоє поранених."
"M09S08_MON_PIERCE_NEW_GetStimpak_Loca6","Who deserves it?","Хто цього заслуговує?"
"M09S08_MON_PIERCE_New_LockedBar_Loca1","M09S08_MON_PIERCE_New_LockedBar_Loca1",""
"M09S08_MON_PIERCE_New_LockedBar_Loca2","What happened here?","Що тут сталося?"
"M09S08_MON_PIERCE_NEW_PlayerKilledBradley_Loca1","M09S08_MON_PIERCE_NEW_PlayerKilledBradley_Loca1",""
"M09S08_MON_PIERCE_NEW_PlayerKilledBradley_Loca2","Bradley!","Бредлі!"
"M09S08_MON_PIERCE_NEW_PlayerKilledBradley_Loca5","I'm gonna kill them!","Я їх вб'ю!"
"M09S08_MON_PIERCE_NEW_PlayerKilledBradley_Loca6","Won't this madness stop?","Чи не зупиниться це божевілля?"
"M09S08_MON_PIERCE_NEW_PlayerKilledMarshall_Loca1","M09S08_MON_PIERCE_NEW_PlayerKilledMarshall_Loca1",""
"M09S08_MON_PIERCE_NEW_PlayerKilledMarshall_Loca5","M09S08_MON_PIERCE_NEW_PlayerKilledMarshall_Loca5",""
"M09S08_MON_PIERCE_NEW_PlayerKilledMarshall_Loca6","Could I have saved him?","Чи міг я його врятувати?"
"M09S08_MON_PIERCE_NEW_PlayerKilledMarshall_Loca4","M09S08_MON_PIERCE_NEW_PlayerKilledMarshall_Loca4",""
"M09S08_MON_PIERCE_NEW_PlayerKilledMarshall_Loca2","What the... Was he like the others?","Що за... Він був як інші?"
"M09S08_MON_PIERCE_New_Reco_Loca1","M09S08_MON_PIERCE_New_Reco_Loca1",""
"M09S08_MON_PIERCE_New_Reco_Loca2","It looks like an old seaway map...","Схоже, це стара морська мапа..."
"M09S08_MON_PIERCE_NEW_SeeingCultists_Loca1","M09S08_MON_PIERCE_NEW_SeeingCultists_Loca1",""
"M09S08_MON_PIERCE_NEW_SeeingCultists_Loca2","Shit!","Чорт!"
"M09S08_MON_PIERCE_NEW_SeeingCultists_Loca3","They're going to the whaling station.","Вони прямують до китобійної станції."
"M09S08_MON_PIERCE_NEW_SeeingCultists_Loca4","I’d better hide and wait until they're gone.","Мені краще сховатися і почекати, поки вони підуть."
"M09S08_MON_PIERCE_NoMoreBoats_Loca1","M09S08_MON_PIERCE_NoMoreBoats_Loca1",""
"M09S08_MON_PIERCE_NoMoreBoats_Loca2","All the boats have disappeared from the port, including the Charybdis...","Усі човни зникли з порту, включаючи Харабдіс..."
"M09S08_MON_PIERCE_NoMoreBoats_Loca6","Does the cult want to prevent the inhabitants from leaving the island?","Чи хоче культ завадити жителям покинути острів?"
"M09S08_MON_PIERCE_PushCadaver_Fail_Loca1","M09S08_MON_PIERCE_PushCadaver_Fail_Loca1",""
"M09S08_MON_PIERCE_PushCadaver_Fail_Loca2","Impossible to move this body: it's too heavy for me.","Неможливо перемістити це тіло: воно занадто важке для мене."
"M09S08_MON_PIERCE_PushCadaver_Success_Loca1","M09S08_MON_PIERCE_PushCadaver_Success_Loca1",""
"M09S08_MON_PIERCE_PushCadaver_Success_Loca2","Luckily, he wasn't too heavy.","На щастя, він не був занадто важким."
"M09S08_MON_PIERCE_SearchBullet_Fail_Loca1","M09S08_MON_PIERCE_SearchBullet_Fail_Loca1",""
"M09S08_MON_PIERCE_SearchBullet_Fail_Loca2","I'm not in luck: this man's got no bullets on him.","Мені не пощастило: у цього чоловіка немає патронів."
"M09S08_MON_PIERCE_SearchBullet_Success_Loca1","M09S08_MON_PIERCE_SearchBullet_Success_Loca1",""
"M09S08_MON_PIERCE_SearchBullet_Success_Loca2","Luckily, he's got some bullets on him. I might need them.","На щастя, у нього є кілька патронів. Вони можуть мені знадобитися."
"M09S08_MON_PIERCE_SearchKeyOnCat_Fail_Loca1","M09S08_MON_PIERCE_SearchKeyOnCat_Fail_Loca1",""
"M09S08_MON_PIERCE_SearchKeyOnCat_Fail_Loca3","I got here too late...","Я запізнився..."
"M09S08_MON_PIERCE_SearchKeyOnCat_Fail_Loca2","Nothing useful on her... Pity!","Нічого корисного у неї... Шкода!"
"M09S08_MON_PIERCE_SeeingBlood_Fail_Loca1","M09S08_MON_PIERCE_SeeingBlood_Fail_Loca1",""
"M09S08_MON_PIERCE_SeeingBlood_Fail_Loca2","Looks like somebody was attacked, but managed to get away.","Схоже, когось атакували, але він зміг втекти."
"M09S08_MON_PIERCE_SeeingBlood_Success_Loca1","M09S08_MON_PIERCE_SeeingBlood_Success_Loca1",""
"M09S08_MON_PIERCE_SeeingBlood_Success_Loca2","Blood! Probably Cat's. It must have been her who sealed off the passage.","Кров! Ймовірно, Кітівська. Мабуть, це вона закрила прохід."
"M09S08_MON_PIERCE_SeeingLootInBox_Loca1","M09S08_MON_PIERCE_SeeingLootInBox_Loca1",""
"M09S08_MON_PIERCE_SeeingLootInBox_Loca2","This box seems to contain bullets and pills, but I can't get to it.","Ця коробка, здається, містить патрони та таблетки, але я не можу до неї дістатися."
"M09S08_MON_PIERCE_SeeingLootInBox_Loca3","I must move this body before I can get my hands on them.","Я повинен перемістити це тіло, перш ніж зможу дістатися до них."
"M09S08_MON_PIERCE_TryDoor_Loca1","M09S08_MON_PIERCE_TryDoor_Loca1",""
"M09S08_MON_PIERCE_TryDoor_Loca2","The main entrance to the whaling station is locked. I must find another way in.","Головний вхід до китобійної станції зачинений. Я повинен знайти інший шлях."
"M09S08_MON_PIERCE_TryWhalingMainDoor_Loca1","M09S08_MON_PIERCE_TryWhalingMainDoor_Loca1",""
"M09S08_MON_PIERCE_TryWhalingMainDoor_Loca2","I can't move this door...","Я не можу зрушити ці двері..."
"M09S08_MON_PIERCE_TryWhalingMainDoor_Loca3","I should search the area to see if there isn't another way in nearby.","Я повинен обшукати цю територію, щоб дізнатися, чи немає поблизу іншого входу."
"M09S14_CIN_SUB_Arrest_Loca1","M09S14_CIN_SUB_Arrest_Loca1",""
"M09S14_CIN_SUB_Arrest_Loca4","Pierce! Chief West is here, with Sullivan!","Пірсе! Тут начальник Вест з Салліваном!"
"M09S14_CIN_SUB_Arrest_Loca5","Bradley, you take care of Mrs Hawkins. I will deal with them.","Бредлі, ти подбай про місіс Гокінс. Я розберуся з ними."
"M09S14_CIN_SUB_Arrest_Loca6","You sure? Alright.","Ти впевнений? Гаразд."
"M09S14_CIN_SUB_Arrest_Loca8","I’ve been hearing about you a lot lately.","Останнім часом я багато чув про тебе."
"M09S14_CIN_SUB_Arrest_Loca9","You seem to enjoy causing trouble.","Схоже, ти любиш створювати проблеми."
"M09S14_CIN_SUB_Arrest_Loca10","Nice job chief, you got me. Great police work.","Добра робота, начальнику, ти спіймав мене. Чудова поліцейська робота."
"M09S14_CIN_SUB_Arrest_Loca11","You can try to play smart with me all you want Pierce.","Ти можеш намагатися грати розумного зі мною, як бажаєш, Пірсе."
"M09S14_CIN_SUB_Arrest_Loca12","Witnesses have identified you as the one who set fire to Riverside.","Свідки впізнали тебе як того, хто підпалив Ріверсайд."
"M09S14_CIN_SUB_Arrest_Loca13","Witnesses? How convenient...","Свідки? Як зручно..."
"M09S14_CIN_SUB_Arrest_Loca14","That's not the whole story, is it?","Це не вся історія, чи не так?"
"M09S14_CIN_SUB_Arrest_Loca15","I don't care about your ""stories"". Save them for the judge.","Мене не цікавлять твої ""історії"". Збережи їх для судді."
"M09S14_CIN_SUB_Arrest_Loca17","You know us cops, we base our investigation on facts and testimonies. You might want to try that next time.","Ти знаєш нас, поліцейських, ми базуємо своє розслідування на фактах і свідченнях. Тобі варто спробувати це наступного разу."
"M09S14_CIN_SUB_Arrest_Loca18","You bet i will.","Обов'язково спробую."
"M09S14_CIN_SUB_SarahGrief_Loca1","M09S14_CIN_SUB_SarahGrief_Loca1",""
"M09S14_CIN_SUB_SarahGrief_Loca4","No parent should have to bury  their child.","Жоден батько не повинен ховати  свою дитину."
"M09S14_CIN_SUB_SarahGrief_Loca5","Knowing it's me that put him there... The guilt. That guilt will never go away.","Знаючи, що це я поклав його туди... Вина. Ця вина ніколи не зникне."
"M09S14_CIN_SUB_SarahGrief_Loca6","I feel your pain.","Я відчуваю твій біль."
"M09S14_CIN_SUB_SarahGrief_Loca7","I'll do anything to get him back. Anything.","Я зроблю все, щоб повернути його. Усе."
"M09S14_CIN_SUB_SarahGrief_Loca9","My work was what lured me here in the first place.","Моя робота була тим, що заманило мене сюди спочатку."
"M09S14_CIN_SUB_SarahGrief_Loca10","It began showing me things.","Вона почала показувати мені речі."
"M09S14_CIN_SUB_SarahGrief_Loca11","Things I never should have painted.","Речі, які я ніколи не повинен був малювати."
"M09S14_CIN_SUB_SarahGrief_Loca12","Things Charles should never have seen.","Речі, які Чарльз ніколи не повинен був бачити."
"M09S14_CIN_SUB_SarahGrief_Loca13","What am I to you?","Що я для тебе?"
"M09S14_CIN_SUB_SarahGrief_Loca14","I took care of you, saved you from your miserable life!","Я піклувався про тебе, врятував тебе від твого жалюгідного життя!"
"M09S14_CIN_SUB_SarahGrief_Loca15","You'll never find a man better than me. You owe me.","Ти ніколи не знайдеш чоловіка кращого за мене. Ти мені винна."
"M09S14_CIN_SUB_SarahGrief_Loca16","I owe you nothing. We'll leave now.","Я тобі нічого не винна. Ми підемо зараз."
"M09S14_CIN_SUB_SarahGrief_Loca18","You're not going anywhere.","Ти нікуди не підеш."
"M09S14_CIN_SUB_SarahGrief_Loca19","You are mine!","Ти моя!"
"M09S14_CIN_SUB_SarahGrief_Loca20","Simon…","Саймоне…"
"M09S14_CIN_SUB_SarahGrief_Loca22","Come on, its over now.","Ну ж бо, все закінчено."
"M10S04_AMB_PierceMadness_Loca1","M10S04_AMB_PierceMadness_Loca1",""
"M10S04_AMB_PierceMadness_Loca4","M10S04_AMB_PierceMadness_Loca4",""
"M10S04_AMB_PierceMadness_Loca5","The path to truth is not free of trials.","Шлях до істини не вільний від випробувань."
"M10S04_AMB_PierceMadness_Loca10","Prepare.","Підготуйся."
"M10S04_AMB_PierceMadness_Loca3","What trials?","Які випробування?"
"M10S04_AMB_PierceMadness_Loca11","M10S04_AMB_PierceMadness_Loca11",""
"M10S04_AMB_PierceMadness_Loca7","* incomprehensible whispers *","* незрозумілі шепоти *"
"M10S04_AMB_PierceMadness_Loca8","What's happening? I'm losing my mind...","Що відбувається? Я втрачаю розум..."
"M10S04_AMB_PierceMadness_Loca9","The path to truth will only be more painful.","Шлях до істини буде лише болючішим."
"M10S04_MON_PierceWakeUp_Loca1","M10S04_MON_PierceWakeUp_Loca1",""
"M10S04_MON_PierceWakeUp_Loca3","M10S04_MON_PierceWakeUp_Loca3",""
"M10S04_MON_PierceWakeUp_Loca2","What happened? Did I faint?","Що сталося? Я знепритомнів?"
"M10S04_MON_PierceWakeUp_Loca12","M10S04_MON_PierceWakeUp_Loca12",""
"M10S04_MON_PierceWakeUp_Loca6","What am I doing on the ground?","Що я роблю на землі?"
"M10S04_MON_PierceWakeUp_Loca11","Must've slipped off the bench in my sleep.","Напевно, я зірвався з лавки під час сну."
"M10S04_MON_SeeingOpenedDoor_Loca1","M10S04_MON_SeeingOpenedDoor_Loca1",""
"M10S04_MON_SeeingOpenedDoor_Loca2","Who opened my cell?","Хто відчинив мою камеру?"
"M10S04_MON_SeeingOpenedDoor_Loca3","Anybody there? West ? Anyone?","Хтось тут є? Весте ? Хто-небудь?"
"M10S12_AMB_New_Drake_Advice_Loca1","M10S12_AMB_New_Drake_Advice_Loca1",""
"M10S12_AMB_New_Drake_Advice_Loca2","He's getting stronger and more agressive. If he catches up with you, try blinding him!","Він стає сильнішим та злішим. Якщо він наздожене тебе, спробуйте засліпити його!"
"M10S12_AMB_New_Drake_AfterDsAmbush_Loca1","M10S12_AMB_New_Drake_AfterDsAmbush_Loca1",""
"M10S12_AMB_New_Drake_AfterDsAmbush_Loca2","You startled me, my friend... I have the impression the Shambler is trying to anticipate on our actions.","Ти наляканий мною, мій друже... У мене таке враження, що Шамблер намагається передбачити наші дії."
"M10S12_AMB_New_Drake_AskingForHelp_01_Loca1","M10S12_AMB_New_Drake_AskingForHelp_01_Loca1",""
"M10S12_AMB_New_Drake_AskingForHelp_01_Loca2","Ah! He grappled onto me! Sarah!","Ах! Він вчепився в мене! Саро!"
"M10S12_AMB_New_Drake_AskingForHelp_02_Loca1","M10S12_AMB_New_Drake_AskingForHelp_02_Loca1",""
"M10S12_AMB_New_Drake_AskingForHelp_02_Loca2","Sarah! I'm helpless!","Саро! Я безсилий!"
"M10S12_AMB_New_Drake_AskingForHelp_03_Loca1","M10S12_AMB_New_Drake_AskingForHelp_03_Loca1",""
"M10S12_AMB_New_Drake_AskingForHelp_03_Loca2","Do something ! Sarah!","Зроби що-небудь ! Саро!"
"M10S12_AMB_New_Drake_AskToFollow_Loca1","M10S12_AMB_New_Drake_AskToFollow_Loca1",""
"M10S12_AMB_New_Drake_AskToFollow_Loca2","Quickly, come with me!","Швидше, йди зі мною!"
"M10S12_AMB_New_Drake_BarrierArea_Loca1","M10S12_AMB_New_Drake_BarrierArea_Loca1",""
"M10S12_AMB_New_Drake_BarrierArea_Loca2","This way, Sarah!","Сюди, Саро!"
"M10S12_AMB_New_Drake_DestroyPainting_Loca1","M10S12_AMB_New_Drake_DestroyPainting_Loca1",""
"M10S12_AMB_New_Drake_DestroyPainting_Loca2","Well done, Sarah... It's time we were done with this painting!","Молодець, Сара... Настав час покінчити з цією картиною!"
"M10S12_AMB_New_Drake_LoopEscortDS_Loca1","M10S12_AMB_New_Drake_LoopEscortDS_Loca1",""
"M10S12_AMB_New_Drake_LoopEscortDS_Loca5","M10S12_AMB_New_Drake_LoopEscortDS_Loca5",""
"M10S12_AMB_New_Drake_LoopEscortDS_Loca2","Try attracting the creature to me.","Спробуй відволікти істоту на мене."
"M10S12_AMB_New_Drake_LoopEscortDS_Loca6","M10S12_AMB_New_Drake_LoopEscortDS_Loca6",""
"M10S12_AMB_New_Drake_LoopEscortDS_Loca4","The Wanderer, Sarah! Try attracting it to me!","Блукач, Саро! Намагайся відволікти його на мене!"
"M10S12_AMB_New_Drake_LoopSearchingGlyph1_Loca1","M10S12_AMB_New_Drake_LoopSearchingGlyph1_Loca1",""
"M10S12_AMB_New_Drake_LoopSearchingGlyph1_Loca3","M10S12_AMB_New_Drake_LoopSearchingGlyph1_Loca3",""
"M10S12_AMB_New_Drake_LoopSearchingGlyph1_Loca4","The first glyph must have appeared somewhere on the floor.","Перший гліф повинен був з'явитись на підлозі."
"M10S12_AMB_New_Drake_LoopSearchingGlyph1_Loca5","M10S12_AMB_New_Drake_LoopSearchingGlyph1_Loca5",""
"M10S12_AMB_New_Drake_LoopSearchingGlyph1_Loca2","Find that symbol, Sarah! It should react to the light if you use your lamp!","Знайди цей символ, Саро! Він повинен реагувати на світло, якщо ти використаєш свою лампу!"
"M10S12_AMB_New_Drake_LoopSearchingGlyph2_Loca1","M10S12_AMB_New_Drake_LoopSearchingGlyph2_Loca1",""
"M10S12_AMB_New_Drake_LoopSearchingGlyph2_Loca3","M10S12_AMB_New_Drake_LoopSearchingGlyph2_Loca3",""
"M10S12_AMB_New_Drake_LoopSearchingGlyph2_Loca4","The second glyph must have appeared. Let's press on!","Другий гліф повинен був з'явитись. Давай натиснемо!"
"M10S12_AMB_New_Drake_LoopSearchingGlyph2_Loca5","M10S12_AMB_New_Drake_LoopSearchingGlyph2_Loca5",""
"M10S12_AMB_New_Drake_LoopSearchingGlyph2_Loca6","This symbol must be here somewhere! Look closely!","Цей символ повинен бути тут десь! Подивись поближче!"
"M10S12_AMB_New_Drake_LoopSearchingGlyph2_Loca7","That's what I'm doing!","Це те, що я роблю!"
"M10S12_AMB_New_Drake_LoopSearchingGlyph3_Loca1","M10S12_AMB_New_Drake_LoopSearchingGlyph3_Loca1",""
"M10S12_AMB_New_Drake_LoopSearchingGlyph3_Loca3","M10S12_AMB_New_Drake_LoopSearchingGlyph3_Loca3",""
"M10S12_AMB_New_Drake_LoopSearchingGlyph3_Loca4","We're almost there, Sarah! Only one glyph left to find!","Ми майже там, Саро! Лишень один гліф залишився для знаходження!"
"M10S12_AMB_New_Drake_LoopSearchingGlyph3_Loca5","M10S12_AMB_New_Drake_LoopSearchingGlyph3_Loca5",""
"M10S12_AMB_New_Drake_LoopSearchingGlyph3_Loca6","The glyph is near, I'm sure of it!","Гліф поруч, я впевнений у цьому!"
"M10S12_AMB_New_Drake_Reveal1stGlyph_Loca1","M10S12_AMB_New_Drake_Reveal1stGlyph_Loca1",""
"M10S12_AMB_New_Drake_Reveal1stGlyph_Loca2","I'll create the protective barrier... Get back inside it as soon as you sense the slightest danger.","Я створю захисний бар'єр... Повертайся всередину якомога швидше, коли відчуєш найменшу небезпеку."
"M10S12_AMB_New_Drake_Reveal2ndGlyph_Loca1","M10S12_AMB_New_Drake_Reveal2ndGlyph_Loca1",""
"M10S12_AMB_New_Drake_Reveal2ndGlyph_Loca4","The second symbol has been revealed! You know what you have to do, Sarah...","Другий символ було виявлено! Ти знаєш, що повинна зробити, Саро..."
"M10S12_AMB_New_Drake_Reveal3rdGlyph_Loca1","M10S12_AMB_New_Drake_Reveal3rdGlyph_Loca1",""
"M10S12_AMB_New_Drake_Reveal3rdGlyph_Loca5","Now is when matters get complicated... I must breach the barrier to ward off the creature.","Тепер, коли справи ускладнюються... Я повинен пробити бар'єр, щоб відлякати створіння."
"M10S12_AMB_New_Drake_Reveal3rdGlyph_Loca3","You have to lure it in front of me, Sarah. Do you understand?","Тобі потрібно заманити його переді мною, Саро. Ти розумієш?"
"M10S12_AMB_New_Drake_Reveal3rdGlyph_Loca2","Once it goes after you, I need you to guide it towards me.","У разі якщо він піде на тебе, мені потрібно, щоб ти спрямувала його до мене."
"M10S12_AMB_New_Sarah_BlockedFirstGlyph_Loca1","M10S12_AMB_New_Sarah_BlockedFirstGlyph_Loca1",""
"M10S12_AMB_New_Sarah_BlockedFirstGlyph_Loca13","The glyph... I can't move it! Is it acting against me?","Гліф... Я не можу перемістити його! Він працює проти мене?"
"M10S12_AMB_New_Sarah_BlockedFirstGlyph_Loca4","The ritual is working! Don't worry, it's just until I ward it off!","Ритуал працює! Не хвилюйся, це буде до тих пір, поки я не віджену його!"
"M10S12_AMB_New_Sarah_BlockedFirstGlyph_Loca6","Oh, no… The Wanderer is back!","О, ні… Блукач повернувся!"
"M10S12_AMB_New_Sarah_BlockedFirstGlyph_Loca10","The glyph is ready, Sarah! Run!","Гліф готовий, Саро! Біжи!"
"M10S12_AMB_New_Sarah_BlockedLastGlyph_Loca1","M10S12_AMB_New_Sarah_BlockedLastGlyph_Loca1",""
"M10S12_AMB_New_Sarah_BlockedLastGlyph_Loca2","Oh no, he's already here! Release me now! Algernon !","О ні, він майже тут! Відпусти мене негайно! Елджероне!"
"M10S12_AMB_New_Sarah_BlockedLastGlyph_Loca4","Done! Quickly! Bring him towards me!","Готово! Швидко! Принеси його мені!"
"M10S12_CIN_SUB_IntroTunnel_Loca1","M10S12_CIN_SUB_IntroTunnel_Loca1",""
"M10S12_CIN_SUB_IntroTunnel_Loca2","You know the risk, Sarah. If you happen to use your powers again, you may lose more than your life.","Я знаю який це ризик, Саро. Якщо тобі доведеться знову використати свої сили, ти можеш втратити більше, ніж життя."
"M10S12_CIN_SUB_IntroTunnel_Loca3","It is not about me! But innocent lives.","Це не про мене! А про невинні життя."
"M10S12_CIN_SUB_IntroTunnel_Loca4","I hope that your source is reliable.","Я сподіваюсь твоє джерело надійне."
"M10S12_CIN_SUB_IntroTunnel_Loca5","The bootleggers have the painting. If the Dimensional Shambler is to appear, he will do it here.","Контрабандисти мають малюнок. Якщо Габаритний Шамблер повинен з'явитись, то він зробить це тут."
"M10S12_CIN_SUB_IntroTunnel_Loca6","The Shambler! I knew it!","Шамблер! Я знав це!"
"M10S12_CIN_SUB_IntroTunnel_Loca7","No... Not again…","Ні... Тільки не знову…"
"M10S12_CIN_SUB_IntroTunnel_Loca9","Algernon! Come back!","Елджернон! Повертайся!"
"M10S12_CIN_SUB_MurphyFullerShambler_Loca1","M10S12_CIN_SUB_MurphyFullerShambler_Loca1",""
"M10S12_CIN_SUB_MurphyFullerShambler_Loca2","Hey! You can't leave us.","Агов! Ви не можете покинути нас."
"M10S12_CIN_SUB_MurphyFullerShambler_Loca8","Sorry, old friend, but it's either you or me.","Вибач, старий друже, але це або ти, або я."
"M10S12_CIN_SUB_MurphyFullerShambler_Loca9","Open! Open up! Open this door!","Відчини! Відчини! Відчини ці двері!"
"M10S12_CIN_SUB_MurphyFullerShambler_Loca3","Algernon, come!","Елджернон, йди!"
"M10S12_CIN_SUB_MurphyFullerShambler_Loca4","Look.","Дивись."
"M10S12_CIN_SUB_MurphyFullerShambler_Loca6","The beast is within our reach.","Звір знаходиться в області нашої досяжності."
"M10S12_CIN_SUB_MurphyFullerShambler_Loca11","Are you sure you want to do it?","Ти впевнений, що хочеш зробити це?"
"M10S12_CIN_SUB_MurphyFullerShambler_Loca7","Let's go!","Давай-но!"
"M10S12_CIN_SUB_OutroDeadDrake_Loca1","M10S12_CIN_SUB_OutroDeadDrake_Loca1",""
"M10S12_CIN_SUB_OutroDeadDrake_Loca5","I can hear him. he calls me.","Я чую його. Він кличе мене."
"M10S12_CIN_SUB_OutroDeadDrake_Loca10","No, no, I mustn't.","Ні, ні, я не повинен."
"M10S12_CIN_SUB_OutroDeadDrake_Loca7","Algernon, my old friend.","Елджерноне, мій старий друже."
"M10S12_CIN_SUB_OutroDeadDrake_Loca8","It’s too late","Занадто запізно"
"M10S12_CIN_SUB_OutroDeadDrake_Loca4","Ph'nglui mglw'nafh Cthulhu R'lyeh wgah'nagl fhtagn","Пн'ґлуї мґлв'нафх Ктулгу Р'льєх Вґаг'нагл фгтаґн"
"M10S12_CIN_SUB_OutroDrakeLives_Loca1","M10S12_CIN_SUB_OutroDrakeLives_Loca1",""
"M10S12_CIN_SUB_OutroDrakeLives_Loca2","Let's go, Sarah. It's over.","Ну ж бо, Саро. Все скінчено."
"M10S12_CIN_SUB_OutroDrakeLives_Loca3","Do you hear something?","Ти чув щось?"
"M10S12_CIN_SUB_OutroDrakeLives_Loca5","I can hear him. he calls me.","Я можу чути його. Він мене кличе."
"M10S12_CIN_SUB_OutroDrakeLives_Loca6","Sarah! No!","Саро! Ні!"
"M10S12_CIN_SUB_OutroDrakeLives_Loca7","Algernon, my old friend.","Елджерноне, мій старий друже."
"M10S12_CIN_SUB_OutroDrakeLives_Loca8","It’s too late","Занадто запізно"
"M10S12_CIN_SUB_OutroDrakeLives_Loca9","You must resist! Please! Don’t!","Ти повинна протистояти! Будь ласка! Не роби це!"
"M10S12_CIN_SUB_OutroDrakeLives_Loca4","Ph'nglui mglw'nafh Cthulhu R'lyeh wgah'nagl fhtagn","Пн'ґлуї мґлв'нафх Ктулгу Р'льєх Вґаг'нагл фгтаґн"
"M10S12_INT_New_Drake_TalkAboutTheFight_Loca1","M10S12_INT_New_Drake_TalkAboutTheFight_Loca1",""
"M10S12_INT_New_Drake_TalkAboutTheFight_Loca2","How do we kill it?","Як нам вбити його?"
"M10S12_INT_New_Drake_TalkAboutTheFight_Loca3","The Shambler can open breaches between dimensions.","Шамблер може переміщатись між вимірами."
"M10S12_INT_New_Drake_TalkAboutTheFight_Loca13","He uses glyphs as anchors to stay in our world.","Він використовує гліфи як якорі в нашому світі."
"M10S12_INT_New_Drake_TalkAboutTheFight_Loca14","Then I must destroy these glyphs.","Тоді я повинен знищити ці гліфи."
"M10S12_INT_New_Drake_TalkAboutTheFight_Loca15","Exactly!","Саме так!"
"M10S12_INT_New_Drake_TalkAboutTheFight_Loca16","How can I find them?","Як я можу знайти їх?"
"M10S12_INT_New_Drake_TalkAboutTheFight_Loca17","I will make the glyphs visible so you can revoke them.","Я зроблю гліфи видимими, тож ти можеш відкликати їх."
"M10S12_INT_New_Drake_TalkAboutTheFight_Loca8","By doing so, this zone will be protected by a barrier.","Роблячи це, ця зона буде захищена бар'єром."
"M10S12_INT_New_Drake_TalkAboutTheFight_Loca10","Perfect. Stay inside the shield.","Відмінно. Залишайтесь всередині щита."
"M10S12_INT_New_DS_Dead_Loca1","M10S12_INT_New_DS_Dead_Loca1",""
"M10S12_INT_New_DS_Dead_Loca9","M10S12_INT_New_DS_Dead_Loca9",""
"M10S12_INT_New_DS_Dead_Loca13","Algernon, no!","Елджерноне, ні!"
"M10S12_INT_New_DS_Dead_Loca10","What am I going to do without you?","Що би я робив без тебе?"
"M10S12_INT_New_DS_Dead_Loca3","Algernon, are you alright?","Елджерноне, ти в порядку?"
"M10S12_INT_New_DS_Dead_Loca6","Yes! That was frightening… a close call!","Так! Це було жахливо… на межі!"
"M10S12_INT_New_DS_Dead_Loca7","We must leave, I have a bad feeling...","Ми повинні тікати, я маю погане передчуття..."
"M10S12_MON_New_AfterIntroTunnel_Loca1","M10S12_MON_New_AfterIntroTunnel_Loca1",""
"M10S12_MON_New_AfterIntroTunnel_Loca2","Algernon! Come back!","Елджерноне! Повернись!"
"M10S12_MON_New_DeadBodies_Loca1","M10S12_MON_New_DeadBodies_Loca1",""
"M10S12_MON_New_DeadBodies_Loca3","How many are they?","Як їх багато?"
"M10S12_MON_New_DS_Marks_Loca1","M10S12_MON_New_DS_Marks_Loca1",""
"M10S12_MON_New_DS_Marks_Loca3","The Shambler went that way!","Шамблер йшов у цьому напрямку!"
"M10S12_MON_New_DS_Marks2_Loca1","M10S12_MON_New_DS_Marks2_Loca1",""
"M10S12_MON_New_DS_Marks2_Loca2","I'm getting closer!","Я наближаюся!"
"M10S12_MON_New_EnterMine_Loca1","M10S12_MON_New_EnterMine_Loca1",""
"M10S12_MON_New_EnterMine_Loca3","Where is Algernon? And the Shambler?","Де Елджернон? І Шамблер?"
"M10S12_MON_New_GunShells_Loca1","M10S12_MON_New_GunShells_Loca1",""
"M10S12_MON_New_GunShells_Loca3","There has been a fight, recently?","Відбулась битва нещодавно?"
"M10S12_MON_New_GunShells_Loca4","No gun will help me against the Shambler.","Ніяка зброя не допоможе мені проти Шамблера."
"M10S12_MON_New_Gunshot_Loca1","M10S12_MON_New_Gunshot_Loca1",""
"M10S12_MON_New_Gunshot_Loca2","Algernon!","Елджерноне!"
"M10S12_MON_New_NoMoreOil_Loca1","M10S12_MON_New_NoMoreOil_Loca1",""
"M10S12_MON_New_NoMoreOil_Loca2","I need some oil!","Мені потрібно трохи пального!"
"M10S12_MON_New_NoWayBack_Loca1","M10S12_MON_New_NoWayBack_Loca1",""
"M10S12_MON_New_NoWayBack_Loca3","No way back...","Нема шляху назад..."
"M10S12_MON_New_Painting_Loca1","M10S12_MON_New_Painting_Loca1",""
"M10S12_MON_New_Painting_Loca6","M10S12_MON_New_Painting_Loca6",""
"M10S12_MON_New_Painting_Loca2","I'll never forgive myself for that painting.","Я не пробачу собі за цю картину."
"M10S12_MON_New_Painting_Loca7","M10S12_MON_New_Painting_Loca7",""
"M10S12_MON_New_Painting_Loca9","That painting will haunt me for the rest of my days.","Цей малюнок буде переслідувати мене до кінця моїх днів."
"M10S12_MON_New_Scream01_Loca1","M10S12_MON_New_Scream01_Loca1",""
"M10S12_MON_New_Scream01_Loca2","Where is it?","Де він?"
"M11S04_AMB_BraldeyRemindsMemories_Loca1","M11S04_AMB_BraldeyRemindsMemories_Loca1",""
"M11S04_AMB_BraldeyRemindsMemories_Loca2","M11S04_AMB_BraldeyRemindsMemories_Loca2",""
"M11S04_AMB_BraldeyRemindsMemories_Loca3","I can't go to sleep. I keep having the same dream.","Я не можу заснути. Я продовжую бачити один і той самий сон."
"M11S04_AMB_BraldeyRemindsMemories_Loca6","Or should I say, nightmare. That pain in my chest, as if I were being skewered.","Чи краще мені сказати - кошмар. Цей біль в моїх грудях, такий немов мене проткнули наскрізь."
"M11S04_AMB_BraldeyRemindsMemories_Loca12","Darkness, cold, silence... then I wake up in a hospital bed, alive.","Темрява, холод, тиша... тоді я прокидаюсь у лікарняному ліжку, жива."
"M11S04_AMB_BraldeyRemindsMemories_Loca7","That voice whispers in my mind. I keep hearing it, I don't know how long I'll be able to resist.","Цей голос шепочить у моїй голові. Я далі слухаю його, я не знаю як довго ще я зможу чинити опір."
"M11S04_AMB_BraldeyRemindsMemories_Loca8","M11S04_AMB_BraldeyRemindsMemories_Loca8",""
"M11S04_AMB_BraldeyRemindsMemories_Loca9","Never in my whole life have I seen such a case. So much mystery, plotting, danger...","Ніколи за все моє життя я не бачила такого випадку. Стільки таємничості, змов, небезпеки..."
"M11S04_AMB_BraldeyRemindsMemories_Loca14","I'm starting to doubt everyone. Except Marie, of course.","Я починаю сумніватись у кожному. Окрім Марі, звичайно."
"M11S04_AMB_BraldeyRemindsMemories_Loca10","If I proceed with this investigation, it's gonna take a toll on me. Or worse.","Якщо я продовжу це розслідування, то воно завдасть шкоди мені. Або гірше."
"M11S04_AMB_BraldeyRemindsMemories_Loca11","Pierce. He has us take too many risks. He doesn't have anything to lose. But did he ever think of us ?","Пірс. Він стільки разів ризикував. Він не має нічого, щоб втрачати. Але чи думав він коли-небудь про нас ?"
"M11S04_AMB_CatAttackPierce_Loca1","M11S04_AMB_CatAttackPierce_Loca1",""
"M11S04_AMB_CatAttackPierce_Loca5","M11S04_AMB_CatAttackPierce_Loca5",""
"M11S04_AMB_CatAttackPierce_Loca2","I thought we were made of the same stuff, detective. Fighters. Survivors.","Я думаю ми створенні з одного тіста, детективе. Бійці. Виживачі."
"M11S04_AMB_CatAttackPierce_Loca12","I never would have thought you so naive. It's all your fault. You could've stopped this whole thing.","Я б ніколи не подумав, що ти такий наївний. Це все твоя вина. Ти міг зупинити цю всю хрінь."
"M11S04_AMB_CatAttackPierce_Loca14","Your army buddies, the villagers, me...","Твої армійські вилупки, селяни, я..."
"M11S04_AMB_CatAttackPierce_Loca15","We're all in danger as long as you're alive.","Ми всі в небезпеці, поки ти ще живий."
"M11S04_AMB_CatAttackPierce_Loca7","M11S04_AMB_CatAttackPierce_Loca7",""
"M11S04_AMB_CatAttackPierce_Loca8","I thought we could do something, you and I.","Я думав ми можемо зробити щось, ти і я."
"M11S04_AMB_CatAttackPierce_Loca18","I was wrong.","Я помилявся."
"M11S04_AMB_CatAttackPierce_Loca11","You're gonna end up alone. That's what you wanted.","Ти залишишся сам один. Ось це те, чого ти прагнув."
"M11S04_AMB_CatAttackPierce_Loca10","If you're not capable of stopping those cultists, you're no good to anyone.","Якщо ти не спроможній зупинити тих культистів, ти не здатний ні на що."
"M11S04_AMB_ColdenCall_Loca1","M11S04_AMB_ColdenCall_Loca1",""
"M11S04_AMB_ColdenCall_Loca3","M11S04_AMB_ColdenCall_Loca3",""
"M11S04_AMB_ColdenCall_Loca7","I know where you can find Edward Pierce.","Я знаю де ти можеш знайти Едварда Пірса."
"M11S04_AMB_ColdenCall_Loca8","He is at Hawkins Manor.","Він у маєтку Гокінсів."
"M11S04_AMB_ColdenCall_Loca13","Yes. And I can confirm he's responsible for the fire at Riverside.","Так. І я можу підвердити його відповідальність за пожежу в Ріверсайді."
"M11S04_AMB_ColdenCall_Loca9","M11S04_AMB_ColdenCall_Loca9",""
"M11S04_AMB_ColdenCall_Loca10","I managed to locate him but it was arduous. Fuller did not want him found.","Мені вдалося знайти його, але це було важко. Фуллер не хотів, щоб його знайшли."
"M11S04_AMB_ColdenCall_Loca14","I will help you getting him out.","Я допоможу тобі вивести його."
"M11S04_AMB_ColdenCall_Loca11","I know what risks I'm taking, but it's my duty as a doctor.","Я знаю про які ризики я говорю, але це мій обов'язок як доктора."
"M11S04_AMB_Leviathan_J2_Loca1","M11S04_AMB_Leviathan_J2_Loca1",""
"M11S04_AMB_Leviathan_J2_Loca5","M11S04_AMB_Leviathan_J2_Loca5",""
"M11S04_AMB_Leviathan_J2_Loca2","Truth Seeker.","Справжній Шукач."
"M11S04_AMB_Leviathan_J2_Loca19","I find you again.","Я знайшов тебе знов."
"M11S04_AMB_PierceMadness_Loca1","M11S04_AMB_PierceMadness_Loca1",""
"M11S04_AMB_PierceMadness_Loca9","* incomprehensible whispers *","* незрозумілий шепіт *"
"M11S04_AMB_PierceMadness_Loca7","Truth often goes against what man wishes to hear. But it's not a reason to fear it.","Істина часто суперечить тому, що людина хоче почути. Але це не причина боятися її."
"M11S04_AMB_PierceMadness_Loca18","Hearing it is not difficult. Accepting it is another matter.","Чути її - це не важко. А от прийняти - це вже інша річ."
"M11S04_AMB_SarahIsPainting_Loca1","M11S04_AMB_SarahIsPainting_Loca1",""
"M11S04_AMB_SarahIsPainting_Loca2","M11S04_AMB_SarahIsPainting_Loca2",""
"M11S04_AMB_SarahIsPainting_Loca3","Who are you, truth seeker?","Хто ти такий, шукач істини?"
"M11S04_AMB_SarahIsPainting_Loca10","I may see you in my dreams, I still can't decide if you will be my doom, or my liberation.","Я можу бачити тебе уві сні, я досі не можу вирішити, чи будеш ти моєю загибеллю, чи моїм звільненням."
"M11S04_AMB_SarahIsPainting_Loca11","This fate. It may have been written for both of us...","Ця доля. Можливо, це було передбачено для нас обох..."
"M11S04_AMB_SarahIsPainting_Loca4","But I will fight for what is right.","Але я боротимусь за те, що правильно."
"M11S04_AMB_SarahIsPainting_Loca6","M11S04_AMB_SarahIsPainting_Loca6",""
"M11S04_AMB_SarahIsPainting_Loca7","He's grown, father. It's my little angel, my Simon. He sleeps now but soon I'll see him again.","Він виріс, батьку. Це мій маленький янгол, мій Саймон. Він спить зараз, але скоро я покажу його знову."
"M11S04_AMB_SarahIsPainting_Loca12","And we'll be reunited, we'll be a family again.","І ми возз'єднаємося, ми будемо сім'єю знов."
"M11S04_AMB_SarahIsPainting_Loca8","Follow me, I'm done.","Йди за мною, я закінчив."
"M11S04_AMB_SarahIsPainting_Loca9","I want you to send it to Stephen Webster in Boston, he'll know what to do.","Я хочу, щоб ти відправив це до Стівена Вебстера у Бостоні, він знатиме, що робити."
"M11S04_INT_Leviathan_J2_Loca1","M11S04_INT_Leviathan_J2_Loca1",""
"M11S04_INT_Leviathan_J2_Loca14","As promised, I came back to reiterate the offer of Truth.","Як обіцяв, я повернувся, щоб повторити пропозицію Істини."
"M11S04_INT_Leviathan_J2_Loca5","As your mind expands and finally understands the true nature of the world, your perceptions change.","Коли ваш розум розширюється і нарешті розуміє справжню природу світу, ваше сприйняття змінюється."
"M11S04_INT_Leviathan_J2_Loca63","Are you ready to see your world and the ones that live in it as they truly are?","Чи готові ви побачити свій світ і тих, хто живе в ньому, такими, якими вони є насправді?"
"M11S04_INT_Leviathan_J2_Loca6","M11S04_INT_Leviathan_J2_Loca6",""
"M11S04_INT_Leviathan_J2_Loca7","[Accept the knowledge]","[Прийняти знання]"
"M11S04_INT_Leviathan_J2_Loca13","Come, truth seeker.","Йдемо, шукаче істини."
"M11S04_INT_Leviathan_J2_Loca65","Follow the path of the ultimate truth","Йдіть шляхом остаточної істини"
"M11S04_INT_Leviathan_J2_Loca8","[Accept the knowledge]","[Прийняти знання]"
"M11S04_INT_Leviathan_J2_Loca79","Come, truth seeker.","Йдемо, шукаче істини."
"M11S04_INT_Leviathan_J2_Loca80","Follow the path of the ultimate truth","Йдіть шляхом остаточної істини"
"M11S04_INT_Leviathan_J2_Loca67","[Accept the knowledge]","[Прийняти знання]"
"M11S04_INT_Leviathan_J2_Loca71","Come, truth seeker.","Йдемо, шукаче істини."
"M11S04_INT_Leviathan_J2_Loca75","Follow the path of the ultimate truth","Йдіть шляхом остаточної істини"
"M11S04_INT_Leviathan_J2_Loca68","[Accept the knowledge]","[Прийняти знання]"
"M11S04_INT_Leviathan_J2_Loca72","Come, truth seeker.","Йдемо, шукаче істини."
"M11S04_INT_Leviathan_J2_Loca76","Follow the path of the ultimate truth","Йдіть шляхом остаточної істини"
"M11S04_INT_Leviathan_J2_Loca69","[Accept the knowledge]","[Прийняти знання]"
"M11S04_INT_Leviathan_J2_Loca73","Come, truth seeker.","Йдемо, шукаче істини."
"M11S04_INT_Leviathan_J2_Loca77","Follow the path of the ultimate truth","Йдіть шляхом остаточної істини"
"M11S04_INT_Leviathan_J2_Loca70","[Accept the knowledge]","[Прийняти знання]"
"M11S04_INT_Leviathan_J2_Loca74","Come, truth seeker.","Йдемо, шукаче істини."
"M11S04_INT_Leviathan_J2_Loca78","Follow the path of the ultimate truth","Йдіть шляхом остаточної істини"
"M11S04_INT_West_Loca1","M11S04_INT_West_Loca1",""
"M11S04_INT_West_Loca2","Did our guest enjoy our hospitality?","Наш гість насолоджувався нашою гостинністю?"
"M11S04_INT_West_Loca22","Let me get out of here!","Дозвольте мені вибратися звідси!"
"M11S04_INT_West_Loca23","I'm warning you, Pierce: I want a short and clearcut confession.","Я попереджаю тебе, Пірсе: я хочу короткого і чіткого зізнання."
"M11S04_INT_West_Loca4","Do you admit your guilt in the case brought before you?","Чи ви визнаєте свою винну у справі, яка була перед Вами?"
"M11S04_INT_West_Loca29","You don't have any idea what's happening on this damn island!","Ви не маєте жодної гадки, що відбувалось на тому клятому острові!"
"M11S04_INT_West_Loca15","Chief West! We got a problem...","Начальнику Весте! У нас проблема..."
"M11S04_INT_West_Loca16","Damnit, not now. What is it this time?","Чорт забирай, не зараз. Що на цей раз?"
"M11S04_INT_West_Loca17","Captain Fitzroy, Chief... Some guys have ransacked Roy's bar.","Капітан Фіцрой, Начальнику... Деякі хлопці розграбували бар Роя."
"M11S04_INT_West_Loca18","They went berserk, attacked the patrons, smashed the place up. It's chaos.","Вони збожеволіли, напали на покровителів, розбили це місце. Це хаос."
"M11S04_INT_West_Loca30","This is only the beginning! Let me out!","І це тільки початок! Випустіть мене!"
"M11S04_INT_West_Loca20","Let's go take a look... Tell Sullivan and Marshall to keep this one nice and warm 'til I get back.","Давай оглянемо... Розкажи Саллівану та Маршаллу продовжувати бути приємними та привітними, до поки я не повернусь."
"M11S04_INT_West_Loca21","Are you stupid? Don't you understand?","Ти ідіот? Ти не розумієш?"
"M11S04_MON_2DaysInJail_Loca1","M11S04_MON_2DaysInJail_Loca1",""
"M11S04_MON_2DaysInJail_Loca2","Those goddam idiots…","Ці кляті ідіоти…"
"M11S04_MON_Dreaming_Loca1","M11S04_MON_Dreaming_Loca1",""
"M11S04_MON_Dreaming_Loca3","Sarah Hawkins! Why did she do it?","Сара Гокінс! Чому вона робить це?"
"M11S04_MON_Dreaming_Loca4","Dammit!","Бляха!"
"M11S04_MON_FakeJail_Loca1","M11S04_MON_FakeJail_Loca1",""
"M11S04_MON_FakeJail_Loca2","No, not again...","Ні, тільки не знову..."
"M12S15_AMB_Leviathan_AboutExplosion_Loca1","M12S15_AMB_Leviathan_AboutExplosion_Loca1",""
"M12S15_AMB_Leviathan_AboutExplosion_Loca2","Run, truth seeker. The time has come.","Біжи, шукаче істини. Цей час прийшов."
"M12S15_AMB_Trial01_Start_Loca1","M12S15_AMB_Trial01_Start_Loca1",""
"M12S15_AMB_Trial01_Start_Loca2","You finally arrive, truth seeker.","Ти нарешті прибув, шукаче істини."
"M12S15_AMB_Trial02_Fuller_Kill01_Loca1","M12S15_AMB_Trial02_Fuller_Kill01_Loca1",""
"M12S15_AMB_Trial02_Fuller_Kill01_Loca2","Let me take a sample from you. Flesh, blood, spinal fluids...","Дозвольте мені взяти у вас зразок. Плоть, кров, спинномозкові рідини..."
"M12S15_AMB_Trial02_Fuller_Kill02_Loca1","M12S15_AMB_Trial02_Fuller_Kill02_Loca1",""
"M12S15_AMB_Trial02_Fuller_Kill02_Loca2","Don't fear. I created the mythological Ichor from Leviathan's flesh.","Не бійся. Я створив мітологічний Іхор з плоті Левіафана."
"M12S15_AMB_Trial02_Fuller_Kill03_Loca1","M12S15_AMB_Trial02_Fuller_Kill03_Loca1",""
"M12S15_AMB_Trial02_Fuller_Kill03_Loca2","Who knows what I can make with you?","Хтозна, що я можу зробити для тебе?"
"M12S15_AMB_Trial02_Fuller_Kill03_Loca3","I need you body for my research.","Мені потрібно твоє тіло для мого дослідження."
"M12S15_AMB_Trial02_Leviathan_KillFuller_Loca1","M12S15_AMB_Trial02_Leviathan_KillFuller_Loca1",""
"M12S15_AMB_Trial02_Leviathan_KillFuller_Loca2","His lies finally killed him.","Його брехня зрештою вбила його самого."
"M12S15_AMB_Trial02_Start_Loca1","M12S15_AMB_Trial02_Start_Loca1",""
"M12S15_AMB_Trial02_Start_Loca3","Learn to obey...","Навчіться слухатися..."
"M12S15_AMB_Trial03_Start_Loca1","M12S15_AMB_Trial03_Start_Loca1",""
"M12S15_AMB_Trial03_Start_Loca2","Find the truth, and be free.","Знайди істину, та будь вільним."
"M12S15_CIN_SUB_JumpOnLeviathan_Loca1","M12S15_CIN_SUB_JumpOnLeviathan_Loca1",""
"M12S15_CIN_SUB_JumpOnLeviathan_Loca12","Pierce!","Пірсе!"
"M12S15_CIN_SUB_JumpOnLeviathan_Loca13","Fitzroy'","Фіцроє'"
"M12S15_CIN_SUB_JumpOnLeviathan_Loca14","Time to hoist the white flag. We're not gonna hurt you.","Час підняти білий прапор. Ми не заподіємо тобі болю."
"M12S15_CIN_SUB_JumpOnLeviathan_Loca15","I won't go down without a fight!","Я не спущуся вниз без бою!"
"M12S15_CIN_SUB_JumpOnLeviathan_Loca16","You think you're here of your own accord?","Ти думаєш, що ти тут за власним бажанням?"
"M12S15_CIN_SUB_JumpOnLeviathan_Loca17","Stay back or I'll put a bullet in your head.","Відійди або я засаджу кулю тобі у макітру."
"M12S15_CIN_SUB_JumpOnLeviathan_Loca18","Our supreme oracle has spoken! You will follow your destiny.","Наш верховний Оракул промовив! Ти слідкуватимеш за своєю долею."
"M12S15_CIN_SUB_JumpOnLeviathan_Loca20","What?","Що?"
"M12S15_CIN_SUB_JumpOnLeviathan_Loca21","In His awakening!","У Його пробудженні!"
"M12S15_CIN_SUB_JumpOnLeviathan_Loca23","I see you. You cannot escape my awareness.","Я бачу тебе. Ти не можеш уникнути мого усвідомлення."
"M12S15_CIN_SUB_JumpOnLeviathan_Loca24","I followed your wanderings. Your choices. Your attempts to free yourself from destiny.","Я слідкував за твоїми поневіряннями. За твоїми виборами. За твоїми спробами звільнитися від долі."
"M12S15_CIN_SUB_JumpOnLeviathan_Loca25","But it is unavoidable. And, as I predicted, you have come to free me.","Але це неминуче. І, як я і передбачав, ви прийшли мене звільнити."
"M12S15_CIN_SUB_JumpOnLeviathan_Loca26","Awaken and call him!","Прокинься і поклич його!"
"M12S15_CIN_SUB_WhalingIntroA_Loca1","M12S15_CIN_SUB_WhalingIntroA_Loca1",""
"M12S15_CIN_SUB_WhalingIntroA_Loca11","Hither, thou shall be freed.","Сюди, тут ти звільнешся."
"M12S15_INT_PhoneCall_Loca1","M12S15_INT_PhoneCall_Loca1",""
"M12S15_INT_PhoneCall_Loca2","Hello?","Агов?"
"M12S15_INT_PhoneCall_Loca3","* incomprensible whispers *","* незрозумілий шепіт *"
"M12S15_INT_PhoneCall_Loca19","Who is this?","Хто це такий?"
"M12S15_INT_PhoneCall_Loca23","The quest for truth requires sacrifice. There's no room for compassion.","Прагнення до істини вимагає жертви. Немає місця для співчуття."
"M12S15_INT_PhoneCall_Loca4","Who's there?","Хто там?"
"M12S15_INT_PhoneCall_Loca44","Your stubborness at wanting to help others who would've deserted you is a weakness.","Твоя впертість у бажанні допомогти іншим, хто покинув би тебе, є слабкістю."
"M12S15_INT_PhoneCall_Loca47","Fate leads us inevitably to solitude, and in one's final moments, one is always alone.","Доля неминуче веде нас до самотності, і в останні моменти людина завжди одна."
"M12S15_INT_PhoneCall_Loca72","You can't escape it forever, it will always find its way.","Ти не можеш втікати від цього вічно, воно завжди знайде твій шлях."
"M12S15_INT_PhoneCall_Loca80","Dammit!","Прокляття!"
"M12S15_INT_Trial02_EatMeat_Loca1","M12S15_INT_Trial02_EatMeat_Loca1",""
"M12S15_INT_Trial02_EatMeat_Loca2","M12S15_INT_Trial02_EatMeat_Loca2",""
"M12S15_INT_Trial02_EatMeat_Loca3","[Eat the meat]","[З'їсти м'ясо]"
"M12S15_INT_Trial02_EatMeat_Loca4","[Don't eat the meat]","[Не їсти м'ясо]"
"M12S15_INT_Trial02_Fuller_Cell_Loca1","M12S15_INT_Trial02_Fuller_Cell_Loca1",""
"M12S15_INT_Trial02_Fuller_Cell_Loca2","Ah. Finally awake.","Ох. Нарешті прокинувся."
"M12S15_INT_Trial02_Fuller_Cell_Loca3","How do you feel, Mr Pierce?","Як ви почуваєтесь, містере Пірсе?"
"M12S15_INT_Trial02_Fuller_Cell_Loca5","Fuller?","Фуллере?"
"M12S15_INT_Trial02_Fuller_Cell_Loca6","Son of a bitch, I’ll kill you!","Сучий син, я вб'ю тебе!"
"M12S15_INT_Trial02_Fuller_Cell_Loca7","No, no I'm not even really with you.","Ні, ні, я навіть не насправді тут з тобою."
"M12S15_INT_Trial02_Fuller_Cell_Loca8","Well, to be perfectly precise, I am with you.","Ну, якщо бути абсолютно точним, я з вами."
"M12S15_INT_Trial02_Fuller_Cell_Loca9","But, not in this cell.","Але, не в цій камері."
"M12S15_INT_Trial02_Fuller_Cell_Loca10","What have you done to me?","Що ти зробив зі мною?"
"M12S15_INT_Trial02_Fuller_Cell_Loca11","Me? Nothing, really.","Я? Нічого, взагалі-то."
"M12S15_INT_Trial02_Fuller_Cell_Loca12","See, it's one of the exquisite effects of this incredible creature.","Бачиш, це один з вишуканих еффектів цього неймовірного створіння."
"M12S15_INT_Trial02_Fuller_Cell_Loca13","Leviathan?","Левіафана?"
"M12S15_INT_Trial02_Fuller_Cell_Loca15","I see you already know about it.","Я бачу ти вже знаєш про нього."
"M12S15_INT_Trial02_Fuller_Cell_Loca14","Well, shall we begin?","Що ж, будемо розпочинати?"
"M12S15_INT_Trial02_Gun_Loca1","M12S15_INT_Trial02_Gun_Loca1",""
"M12S15_INT_Trial02_Gun_Loca2","M12S15_INT_Trial02_Gun_Loca2",""
"M12S15_INT_Trial02_Gun_Loca3","[Take the gun]","[Взяти зброю]"
"M12S15_INT_Trial02_Gun_Loca4","[Don't take the gun]","[Не брати зброю]"
"M12S15_INT_Trial02_Pills_Loca1","M12S15_INT_Trial02_Pills_Loca1",""
"M12S15_INT_Trial02_Pills_Loca3","M12S15_INT_Trial02_Pills_Loca3",""
"M12S15_INT_Trial02_Pills_Loca4","[Take the treatment]","[Погодитись на лікування]"
"M12S15_INT_Trial02_Pills_Loca5","[Don't take the treatment]","[Не погоджуватись на лікування]"
"M12S15_MON_AboutCaptainSDiary_Loca1","M12S15_MON_AboutCaptainSDiary_Loca1",""
"M12S15_MON_AboutCaptainSDiary_Loca2","Captain Hamilton's log.","Журнал капітана Гемільтона"
"M12S15_MON_AboutCaptainSDiary_Loca6","M12S15_MON_AboutCaptainSDiary_Loca6",""
"M12S15_MON_AboutCaptainSDiary_Loca7","So this is the story behind that miracle catch and the creation of the cult.","Отже, це історія, що стоїть за цим чудодійним уловом і створенням культу."
"M12S15_MON_AboutCaptainSDiary_Loca8","Fitzroy, Hawkins and Fuller killed their captain to keep the Leviathan and its amazing properties to themselves.","Фіцрой, Гокінс та Фуллер вбили їхнього капітана, щоб зберегти Левіафана та його дивовижні властивості при собі."
"M12S15_MON_AboutCaptainSDiary_Loca13","Could this creature be the secret to their incredible lifespans?",""
"M12S15_MON_AboutCaptainSDiary_Loca9","M12S15_MON_AboutCaptainSDiary_Loca9",""
"M12S15_MON_AboutCaptainSDiary_Loca10","Pages have been torn out. Without 'em, gonna be hard to know the whole story.","Сторінки вирвано. Без них буде важко дізнатися всю історію."
"M12S15_MON_AboutCaptainSDiary_Loca4","M12S15_MON_AboutCaptainSDiary_Loca4",""
"M12S15_MON_AboutCaptainSDiary_Loca3","The pages I found seem to be the missing ones.","Сторінки, що я знайшов, виглядають як ті відсутні."
"M12S15_MON_AboutCaptainSDiary_Loca12","Get the feeling something's missing.","Мені здається, що чогось не вистачає."
"M12S15_MON_AboutCaptainSDiary_Page1_Loca1","M12S15_MON_AboutCaptainSDiary_Page1_Loca1",""
"M12S15_MON_AboutCaptainSDiary_Page1_Loca3","Looks like a page from a log from 1847.","Так виглядає, немов сторінка з журналу за 1847-й."
"M12S15_MON_AboutCaptainSDiary_Page1_Loca5","Says Fitzroy was about to take part in a mutiny. But how old is he really?","Каже, що Фіцрой збирався взяти участь у заколоті. Але скільки йому насправді років?"
"M12S15_MON_AboutCaptainSDiary_Page2_Loca1","M12S15_MON_AboutCaptainSDiary_Page2_Loca1",""
"M12S15_MON_AboutCaptainSDiary_Page2_Loca5","Fuller was a crew member too, interesting.","Фуллер член команди теж, цікаво."
"M12S15_MON_AboutCaptainSDiary_Page3_Loca1","M12S15_MON_AboutCaptainSDiary_Page3_Loca1",""
"M12S15_MON_AboutCaptainSDiary_Page3_Loca3","It mentions the Leviathan, how it drove the sailors mad.","У ньому згадується Левіафан, як він зводив моряків з розуму."
"M12S15_MON_AboutCaptainSDiary_Page3_Loca5","Fitzroy, Hawkins and Fuller came up with the name and saw it as a divine gift.","Фіцрой, Гокінс і Фуллер придумали назву, та побачили в ній божественний дар."
"M12S15_MON_AboutCaptainSDiary_Page4_Loca1","M12S15_MON_AboutCaptainSDiary_Page4_Loca1",""
"M12S15_MON_AboutCaptainSDiary_Page4_Loca2","While the sailors were going insane, Fitzroy and the mutineers took over the ship... and probably killed the captain.","Поки моряки божеволіли, Фіцрой і заколотники захопили корабель... і, ймовірно, вбили капітана."
"M12S15_MON_AboutMainDoor_Loca1","M12S15_MON_AboutMainDoor_Loca1",""
"M12S15_MON_AboutMainDoor_Loca2","Sarah Hawkins was probably taken behind this huge door.","Сару Гокінс, ймовірно, потащили за ці величезні двері."
"M12S15_MON_AboutMainDoor_Loca6","Gotta find a way to get through.","Мушу знайти спосіб пробратися повз."
"M12S15_MON_AboutMechanism_Loca1","M12S15_MON_AboutMechanism_Loca1",""
"M12S15_MON_AboutMechanism_Loca2","This handle moves the reservoir. If I can get some momentum, it might work as a ram.","Ця ручка переміщує резервуар. Якщо я зможу отримати певний імпульс, це може спрацювати як таран."
"M12S15_MON_AboutRope_Loca1","M12S15_MON_AboutRope_Loca1",""
"M12S15_MON_AboutRope_Loca2","A rope and a hook, could use that to hold the reservoir back.","Канат та гачок можуть використовувати це, щоб утримувати резервуар."
"M12S15_MON_BrokenControlWheel_Loca1","M12S15_MON_BrokenControlWheel_Loca1",""
"M12S15_MON_BrokenControlWheel_Loca2","Doesn't work.","Не працює."
"M12S15_MON_ClosedDoor_01_Loca1","M12S15_MON_ClosedDoor_01_Loca1",""
"M12S15_MON_ClosedDoor_01_Loca2","Locked. Let's hope the key ain't far.","Зачинено. Сподіваюсь, що ключ не далеко десь."
"M12S15_MON_ClosedDoor_02_Loca1","M12S15_MON_ClosedDoor_02_Loca1",""
"M12S15_MON_ClosedDoor_02_Loca2","Locked.","Зачинено."
"M12S15_MON_CrewPicture_Loca1","M12S15_MON_CrewPicture_Loca1",""
"M12S15_MON_CrewPicture_Loca2","A picture of the Scylla crew, heroes of the miracle catch.","Зображення команди ""Сцилли"", героїв чудового улову."
"M12S15_MON_CrewPicture_Loca3","Everything points back to the day they brought in that... thing.","Усе вказує на день, коли вони принесли цю... річ."
"M12S15_MON_FakeExitDoor_Loca1","M12S15_MON_FakeExitDoor_Loca1",""
"M12S15_MON_FakeExitDoor_Loca2","Didn't come all this way just to turn back.","Я не проходив весь цей шлях, щоб просто повернутися назад."
"M12S15_MON_FindAnotherWay_Loca1","M12S15_MON_FindAnotherWay_Loca1",""
"M12S15_MON_FindAnotherWay_Loca2","Goddamnit, it's blocked.","Та блять, воно заблоковане."
"M12S15_MON_FitzroysChest_Loca1","M12S15_MON_FitzroysChest_Loca1",""
"M12S15_MON_FitzroysChest_Loca9","M12S15_MON_FitzroysChest_Loca9",""
"M12S15_MON_FitzroysChest_Loca14","I already took care of this lock.","Я вже подбав про цей замок."
"M12S15_MON_FitzroysChest_Loca11","M12S15_MON_FitzroysChest_Loca11",""
"M12S15_MON_FitzroysChest_Loca2","An old log, belonging to the captain of the Scylla.","Старий журнал, що належав капітану Сцилли."
"M12S15_MON_FitzroysChest_Loca15","M12S15_MON_FitzroysChest_Loca15",""
"M12S15_MON_FitzroysChest_Loca16","So this is the story behind that miracle catch and the creation of the cult.","Отже, це історія, що стоїть за цим чудодійним уловом і створенням культу."
"M12S15_MON_FitzroysChest_Loca17","Fitzroy, Hawkins and Fuller killed their captain to keep the Leviathan and its amazing properties to themselves.","Фіцрой, Гокінс та Фуллер вбили їхнього капітана, щоб зберегти Левіафана та його дивовижні властивості при собі."
"M12S15_MON_FitzroysChest_Loca18","Could this creature be the secret to their incredible lifespans?","Чи може ця істота бути секретом їх неймовірної тривалості життя?"
"M12S15_MON_FitzroysChest_Loca19","M12S15_MON_FitzroysChest_Loca19",""
"M12S15_MON_FitzroysChest_Loca20","Pages have been torn out. Without 'em, gonna be hard to know the whole story.","Сторінки вирвано. Без них буде важко дізнатися всю історію."
"M12S15_MON_FitzroysChest_Loca21","M12S15_MON_FitzroysChest_Loca21",""
"M12S15_MON_FitzroysChest_Loca22","The pages I found seem to be the missing ones.","Сторінки, що я знайшов, виглядають як ті відсутні."
"M12S15_MON_FullerDeath_Loca1","M12S15_MON_FullerDeath_Loca1",""
"M12S15_MON_FullerDeath_Loca2","Fuller ? I... I killed him...","Фуллер? Я... Я вбив його..."
"M12S15_MON_FullerDeath_Loca3","A necessary sacrifice that proves your determination.","Необхідна жертва, яка доводить вашу рішучість."
"M12S15_MON_LeviathanDiscovery_Loca1","M12S15_MON_LeviathanDiscovery_Loca1",""
"M12S15_MON_LeviathanDiscovery_Loca2","What's that... thing?","Що це... за річ?"
"M12S15_MON_LeviathanDiscovery_Loca4","Come closer.","Підійди ближче."
"M12S15_MON_LeviathanDiscovery_Loca5","No, that voice! You're the Leviathan.","Ні, цей голос! Ти - Левіафан."
"M12S15_MON_LeviathanMeat_Loca1","M12S15_MON_LeviathanMeat_Loca1",""
"M12S15_MON_LeviathanMeat_Loca2","They eat his flesh while he's still alive.","Вони їдять його плоть, поки він був ще живий."
"M12S15_MON_MadnessKicksIn01_Loca1","M12S15_MON_MadnessKicksIn01_Loca1",""
"M12S15_MON_MadnessKicksIn01_Loca2","What's happening? I was in my office a minute ago and now I'm back here.","Що трапилось? Я був у себе в офісі хвилину тому і зараз повернувся сюди."
"M12S15_MON_MadnessKicksIn01_Loca3","You're losing your head, Pierce...","Ти втрачаєш свій глузд, Пірсе..."
"M12S15_MON_MadnessKicksIn02_Loca1","M12S15_MON_MadnessKicksIn02_Loca1",""
"M12S15_MON_MadnessKicksIn02_Loca2","I feel like a puppet in a show.","Я відчуваю себе маріонеткою в шоу."
"M12S15_MON_MadnessKicksIn02_Loca3","But if I do as he asks, I might shake this voice from my head.","Але якщо я зроблю так, як він просить, я можу витрусити цей голос з голови."
"M12S15_MON_PuritanDiary4_Loca1","M12S15_MON_PuritanDiary4_Loca1",""
"M12S15_MON_PuritanDiary4_Loca3","M12S15_MON_PuritanDiary4_Loca3",""
"M12S15_MON_PuritanDiary4_Loca4","Another volume of the Reverend's wife's diary.","Ще один том щоденника дружини преподобного."
"M12S15_MON_PuritanDiary4_Loca5","An old diary...","Старий щоденник..."
"M12S15_MON_RopeInPosition_Loca1","M12S15_MON_RopeInPosition_Loca1",""
"M12S15_MON_RopeInPosition_Loca2","This should stop the cart from moving.","Це повинно зупинити рух візка."
"M12S15_MON_RopeInPosition_Loca3","This should help me get the tank swinging.","Це має допомогти мені розгойдувати танк."
"M12S15_MON_SarahSpotted_02_Loca1","M12S15_MON_SarahSpotted_02_Loca1",""
"M12S15_MON_SarahSpotted_02_Loca2","No, Pierce it's just an illusion.","Ні, Пірсе, це просто іллюзія."
"M12S15_MON_SarahsShoe_Loca1","M12S15_MON_SarahsShoe_Loca1",""
"M12S15_MON_SarahsShoe_Loca2","Looks like one of Sarah's shoes, which means they took her this way.","Схоже на одне з черевиків Сари, а це означає, що вони потащили її у цьому напрямку."
"M12S15_MON_SeeKnife_Loca1","M12S15_MON_SeeKnife_Loca1",""
"M12S15_MON_SeeKnife_Loca5","M12S15_MON_SeeKnife_Loca5",""
"M12S15_MON_SeeKnife_Loca6","This knife is just what I need to sever that rope.","Цей ніж - саме те, що мені потрібно, щоб розірвати цю мотузку."
"M12S15_MON_SeeKnife_Loca3","M12S15_MON_SeeKnife_Loca3",""
"M12S15_MON_SeeKnife_Loca2","I'll be lucky if it's still sharp enough.","Мені пощастить, якщо він все ще досить гострий."
"M12S15_MON_SomethingToCut_Loca1","M12S15_MON_SomethingToCut_Loca1",""
"M12S15_MON_SomethingToCut_Loca2","Gotta cut this rope to swing the reservoir against the door.","Треба перерізати цей канат, щоб притиснути резервуар до дверей."
"M12S15_MON_SomethingWithTank_Loca1","M12S15_MON_SomethingWithTank_Loca1",""
"M12S15_MON_SomethingWithTank_Loca2","This tank seems strong enough to break down the door.","Цей танк виглядає достатньо сильним, щоб виламати двері."
"M12S15_MON_Start explosion_Loca1","M12S15_MON_Start explosion_Loca1",""
"M12S15_MON_Start explosion_Loca2","Argh!","Бляха!"
"M12S15_MON_Start explosion_Loca3","Better not linger here.","Краще не затримуватися тут."
"M12S15_MON_StartLevel_Loca1","M12S15_MON_StartLevel_Loca1",""
"M12S15_MON_StartLevel_Loca2","Sarah is with those bastards, gotta find her quick.","Сара з тими виродками, мушу знайти її якомога раніше."
"M12S15_MON_TankInPosition_Loca1","M12S15_MON_TankInPosition_Loca1",""
"M12S15_MON_TankInPosition_Loca2","I need something to cut the rope to release the tank against the door.","Мені потрібно щось, щоб порізати канат для того, щоб запустити таран на двері."
"M12S15_MON_TrialPipe_GaugeState_0_Loca1","M12S15_MON_TrialPipe_GaugeState_0_Loca1",""
"M12S15_MON_TrialPipe_GaugeState_0_Loca4","M12S15_MON_TrialPipe_GaugeState_0_Loca4",""
"M12S15_MON_TrialPipe_GaugeState_0_Loca6","The gauges are all empty.","Всі датчики порожні."
"M12S15_MON_TrialPipe_GaugeState_0_Loca3","M12S15_MON_TrialPipe_GaugeState_0_Loca3",""
"M12S15_MON_TrialPipe_GaugeState_0_Loca2","The gauges are empty. They probably feed that machine.","Датчики порожні. Ймовірно, вони заправляють цю машину."
"M12S15_MON_TrialPipe_GaugeState_1_Loca1","M12S15_MON_TrialPipe_GaugeState_1_Loca1",""
"M12S15_MON_TrialPipe_GaugeState_1_Loca4","M12S15_MON_TrialPipe_GaugeState_1_Loca4",""
"M12S15_MON_TrialPipe_GaugeState_1_Loca5","This gauge is full. I have to fill the others.","Цей датчик повний. Я повинен заповнити решту."
"M12S15_MON_TrialPipe_GaugeState_1_Loca2","M12S15_MON_TrialPipe_GaugeState_1_Loca2",""
"M12S15_MON_TrialPipe_GaugeState_1_Loca3","One of the gauges is full! Probably thanks to the valve I opened.","Один з датчиків повний! Напевно, завдяки крану, який я відкрутив."
"M12S15_MON_TrialPipe_GaugeState_2_Loca1","M12S15_MON_TrialPipe_GaugeState_2_Loca1",""
"M12S15_MON_TrialPipe_GaugeState_2_Loca3","M12S15_MON_TrialPipe_GaugeState_2_Loca3",""
"M12S15_MON_TrialPipe_GaugeState_2_Loca5","Just one gauge left to fill. Almost done.","Залишилося заповнити лише один датчик. Майже готово."
"M12S15_MON_TrialPipe_GaugeState_2_Loca2","M12S15_MON_TrialPipe_GaugeState_2_Loca2",""
"M12S15_MON_TrialPipe_GaugeState_2_Loca4","Good, all I need is to find the last valve.","Добре, все, що мені потрібно, це знайти останній вентиль."
"M12S15_MON_TrialPipe_GaugeState_4_Loca1","M12S15_MON_TrialPipe_GaugeState_4_Loca1",""
"M12S15_MON_TrialPipe_GaugeState_4_Loca4","M12S15_MON_TrialPipe_GaugeState_4_Loca4",""
"M12S15_MON_TrialPipe_GaugeState_4_Loca5","The gauges are all full! I just need to find the lever that activates the machine.","Всі датчики заповнені! Мені просто потрібно знайти важіль, який активує машину."
"M12S15_MON_TrialPipe_GaugeState_4_Loca2","M12S15_MON_TrialPipe_GaugeState_4_Loca2",""
"M12S15_MON_TrialPipe_GaugeState_4_Loca8","All the gauges aren't full, but pressure is low. There must be a lever somewhere.","Не всі датчики повні, та тиск вже трохи є. Там повинен бути важіль десь."
"M12S15_MON_TrialPipe_Lever_Loca1","M12S15_MON_TrialPipe_Lever_Loca1",""
"M12S15_MON_TrialPipe_Lever_Loca2","Nothing's happening.","Нічого не сталось."
"M13S16_CIN_SUB_AltarPrologue_Loca1","M13S16_CIN_SUB_AltarPrologue_Loca1",""
"M13S16_CIN_SUB_AltarPrologue_Loca15","It will soon be time, Edward Pierce.","Скоро настане час, Едварде Пірсе."
"M13S16_CIN_SUB_AltarPrologue_Loca16","You are dead.","Ти - мертвий."
"M13S16_CIN_SUB_AltarPrologue_Loca19","None of this is real...","Нічого з цього не реально..."
"M13S16_CIN_SUB_AltarRitual_Loca1","M13S16_CIN_SUB_AltarRitual_Loca1",""
"M13S16_CIN_SUB_AltarRitual_Loca15","No one can fight their fate. Neither them… Nor you.","Ніхто не можу побороти свою долю. Ані вони… Ані ти."
"M13S16_CIN_SUB_AltarRitual_Loca16","Shut up!","Закрийся!"
"M13S16_CIN_SUB_AltarRitual_Loca17","Silence. Stop. Go away. Stop, stop!","Тиша. Зупинись. Йди звідси. Чекай, чекай!"
"M13S16_CIN_SUB_AltarRitual_Loca18","Don't resist, Edward. They’re already dead. There is nothing you can do. Just give in…","Не опирайся, Едварде. Вони вже мертві. Ти нічого не зміг би зробити. Просто відпусти це…"
"M13S16_INT_Colden_Loca1","M13S16_INT_Colden_Loca1",""
"M13S16_INT_Colden_Loca56","I saw you dead, as I see you now. Am I crazy too?","Я бачив тебе мертвим, як я бачу тебе зараз. Я теж збожеволів?"
"M13S16_INT_Colden_Loca48","You survived. Don't you understand? You couldn’t die.","Ти вижив. Чи ти не розумієш? Ти не міг померти."
"M13S16_INT_Colden_Loca144","You will stay alive until you've fulfilled your destiny.","Ти залишишся живим, поки не виконаєш своє призначення."
"M13S16_INT_Colden_Loca131","No!","Ні!"
"M13S16_INT_Colden_Loca132","Look at me. Look at me, Pierce! Dare tell me that you still don't believe it.","Поглянь на мене. Поглянь на мене, Пірсе! Наважся сказати мені, що ти досі в це не віриш."
"M13S16_INT_Colden_Loca5","M13S16_INT_Colden_Loca5",""
"M13S16_INT_Colden_Loca9","What are you doing here?","Що тит тут робиш?"
"M13S16_INT_Colden_Loca133","This is madness.","Це божевілля."
"M13S16_INT_Colden_Loca11","I'm here to guide you.","Я тут, щоб навчити тебе."
"M13S16_INT_Colden_Loca12","M13S16_INT_Colden_Loca12",""
"M13S16_INT_Colden_Loca13","What did Fuller do to you?","Що Фуллер зробив з тобою?"
"M13S16_INT_Colden_Loca18","M13S16_INT_Colden_Loca18",""
"M13S16_INT_Colden_Loca19","M13S16_INT_Colden_Loca19",""
"M13S16_INT_Colden_Loca20","You mean, like the voice?","Ти маєш на увазі типу з голосом?"
"M13S16_INT_Colden_Loca57","Don't you feel him?","Ти не відчуваєш його?"
"M13S16_INT_Colden_Loca54","Leviathan… But it shouldn’t be. He’s gone.","Левіафан… Але це не має бути він. Він же зник."
"M13S16_INT_Colden_Loca55","You're mistaken. He's still inside of us.","Ти помиляєшся. Він досі всередині нас."
"M13S16_INT_Colden_Loca148","See? She can hear him as well as you do. She's one of us.","Бачиш? Вона може чути його настільки ж добре, як ти його чуєш. Вона одна з нас."
"M13S16_INT_Colden_Loca22","M13S16_INT_Colden_Loca22",""
"M13S16_INT_Colden_Loca23","You are an illusion.","Ти лише іллюзія."
"M13S16_INT_Colden_Loca27","What has happened to you?","Що трапилось з тобою?"
"M13S16_INT_Colden_Loca25","Oh, Pierce. You insist on ignoring the truth. When it's right there in front of you.","Ох, Пірсе. Ти вперто ігноруєш правду. Коли ця правда прям перед тобою."
"M13S16_INT_Colden_Loca26","Sarah Hawkins saw you, as you really are. This painting is the proof.","Сара Гокінс бачила тебе, яким ти є насправді. Ця картина тому доказ."
"M13S16_INT_Colden_Loca29","This is madness…","Це божевілля…"
"M13S16_INT_Colden_Loca31","M13S16_INT_Colden_Loca31",""
"M13S16_INT_Colden_Loca58","We're wasting time.","Ми втрачаємо час."
"M13S16_INT_Colden_Loca59","Cthulhu ilyaa.","Ктулгу ілійа."
"M13S16_INT_Colden_Loca60","When I was eight, my little brother fell from the apple tree. He was bleeding. I took care of him. That very day, I decided to become a doctor.","Коли мені було вісім, мій молодший брат впав з яблуні. Він втрачав кров. Я подбав про нього. Це той самий день, коли я вирішив стати лікарем."
"M13S16_INT_Colden_Loca61","I never reneged on my oath. That's what led me to Darkwater. The people here needed me.","Я ніколи не відмовлявся від своєї присяги. Ось що привело мене до Дарквотера. Я був потрібен людям тут."
"M13S16_INT_Colden_Loca62","I died trying to save one of them.","Я вмирав у спробах зберегти одного з них."
"M13S16_INT_Colden_Loca63","Help me give them a second chance, embrace the power of this sleeping god!","Допоможи мені дати їм другий шанс, прийми силу цього сплячого бога!"
"M13S16_INT_Colden_Loca64","You're out of your mind!","Ти з глузду з'їхав!"
"M13S16_INT_Colden_Loca147","M13S16_INT_Colden_Loca147",""
"M13S16_INT_Colden_Loca4","It's not just your life that is at stake. Many men and women have sacrificed themselves for this moment.","На карту поставлено не лише твоє життя. Багато чоловіків і жінок пожертвували собою для цього моменту."
"M13S16_INT_Colden_Loca135","Colden...","Колден..."
"M13S16_INT_Colden_Loca51","You will not deprive them of their hope of a better life.","Ти не позбавиш їх їхньої віри у краще життя."
"M13S16_INT_Colden_Loca65","I saw what Leviathan did to Fuller. We will all die, like him !","Я бачив, що Левіафан зробив з Фуллером. Ми всі помремо, як він !"
"M13S16_INT_Colden_Loca66","His life was written well before it started. It was not predetermined that he lived to see the Call. But you, yes. It is your destiny.","Його життя було розписано задовго до його початку. Не було заздалегідь визначено, що він дожив до Поклику. Але ти, так. Це твоє призначення."
"M13S16_INT_Colden_Loca49","M13S16_INT_Colden_Loca49",""
"M13S16_INT_Colden_Loca83","I have a destiny to fulfill.","У мене є призначення, яке я маю виконати."
"M13S16_INT_Colden_Loca84","This painting. The investigation. I understand now. Like you, I was called here by a higher power.","Ця картина. Розслідування. Я розумію тепер. Як ти, я був покликаний сюди вищою силою."
"M13S16_INT_Colden_Loca85","Yes. All your choices had the sole purpose of preparing you for the final decision.","Так. Всі твої вибори мали єдину мету, щоб підготувати тебе до останнього рішення."
"M13S16_INT_Colden_Loca89","I must make a choice…","Я повинен зробити вибір…"
"M13S16_INT_Colden_Loca151","Not just make a choice! The right choice!","Не просто ""зробити вибір""! Правильний вибір!"
"M13S16_INT_Colden_Loca88","Not yet, but soon. We have one more thing to accomplish.","Не зараз, але скоро. Ми маємо ще одну справу, з якою. треба розібратись."
"M13S16_INT_Colden_Loca86","What is it?","І що ж це?"
"M13S16_INT_Colden_Loca87","M13S16_INT_Colden_Loca87",""
"M13S16_INT_Colden_Loca105","Spare me your fairy tales!","Позбав мене твоїх чарівних казочок!"
"M13S16_INT_Colden_Loca106","You're mistaken. I believe no more in destiny than I do in vampires, gods and their female prophets.","Ти помиляєшся. Я меньше вірю у долю, аніж у вампирів, богів та їх жінок-пророків."
"M13S16_INT_Colden_Loca152","Well done! That will really impress her.","Молодець! Це справді її вразить."
"M13S16_INT_Colden_Loca107","Again, this denial? It doesn't matter anymore. The future is now but an image that Sarah Hawkins has painted for you.","Знову ж таки, це заперечення? Це вже не має значення. Майбутнє - це лише образ, який Сара Хокінс намалювала для тебе."
"M13S16_INT_Colden_Loca109","Why don't you go and join her, you who believe in nothing? And then, you'll see.","Чому ти не підеш та не приєднаєшся до неї, якщо ти не віриш ні в що? А тоді ти побачиш."
"M13S16_INT_Colden_Loca153","Idiot.","Ідіоте."
"M13S16_INT_Colden_Loca110","You'll see that there are truths so powerful, so overwhelming, that even a mind as narrow as yours can not withstand them.","Ти побачиш, що є істини настільки потужні, настільки приголомшливі, що навіть такий вузький розум, як твій, не зможе їх осягнути."
"M13S16_INT_Colden_Loca111","And what's your truth, Colden? What is your role in this story?","І яка твоя істина, Колдене? Яка твоя роль у цій історії?"
"M13S16_INT_Colden_Loca158","M13S16_INT_Colden_Loca158",""
"M13S16_INT_Colden_Loca136","Bradley is alive.","Бредлі - живий."
"M13S16_INT_Colden_Loca138","Officer Bradley managed to overcome it. He is no longer being controlled.","Офіцеру Бредлі вдалося це подолати. Його більше не контролюють."
"M13S16_INT_Colden_Loca140","Fight, Colden! Don't let them kill you a second time!","Бийся, Колдене! Не дозволь їм вбити тебе у друге!"
"M13S16_INT_Colden_Loca160","It’s already too late for me.","Вже занадто запізно для мене."
"M13S16_INT_Colden_Loca141","Don’t worry Pierce. I have one last mission.","Не хвилюйся, Пірсе. У мене є одна остання місія."
"M13S16_INT_Colden_Loca159","M13S16_INT_Colden_Loca159",""
"M13S16_INT_Colden_Loca79","I must take you to Sarah Hawkins, our Oracle.","Я повинен відвести тебе до Сари Гокінс, нашого Оракула."
"M13S16_INT_Colden_Loca80","M13S16_INT_Colden_Loca80",""
"M13S16_INT_Colden_Loca82","The Oracle is waiting for me.","Оракул очікує на мене."
"M13S16_INT_Colden_Loca119","Sarah... I feel her calling me. Let us not wait any longer.","Сара... я відчуваю її кликання мене. Не змушуйте нас чекати більше."
"M13S16_INT_Colden_Loca120","Not yet. You have one last thing to accomplish.","Не зараз. Ти маєш одну останню річ, з якою маєш розібратись."
"M13S16_INT_Colden_Loca121","No, please, I can’t do it.","Ні, прошу, я не можу зробити це."
"M13S16_INT_Colden_Loca122","Do you understand what it is?","Чи ти розумієш, що це таке?"
"M13S16_INT_Colden_Loca157","She has already fulfilled her mission. Worry about your own.",""
"M13S16_INT_Colden_Loca123","No! No!","Ні! Ні!"
"M13S16_INT_Colden_Loca90","Where is she?","Де вона?"
"M13S16_INT_Colden_Loca91","Sarah? Tell me where you took her!","Сара? Скажи мені, куди ти її забрав!"
"M13S16_INT_Colden_Loca92","We'll find her at Alabaster Point.","Ми знайдемо її у Точці Алабастера."
"M13S16_INT_Colden_Loca124","I'm going to go get her. Don't try to stop me.","Я збираюся забрати її. Не намагайся зупинити мене."
"M13S16_INT_Colden_Loca125","Of course.","Без питань."
"M13S16_INT_Colden_Loca126","Shut up! Get out of my way!","Заткнись! Відійди з дороги!"
"M13S16_INT_Colden_Loca156","Stop fighting the dead!","Припини боротися зі смертю!"
"M13S16_MON_AboutScyllaPlate_Loca1","M13S16_MON_AboutScyllaPlate_Loca1",""
"M13S16_MON_AboutScyllaPlate_Loca2","It always come back to the Scylla. It was where it all began.","Воно завжди повертається до Сцилли. Воно було там, де все розпочалось."
"M13S16_MON_AntiRetour_Loca1","M13S16_MON_AntiRetour_Loca1",""
"M13S16_MON_AntiRetour_Loca2","No... I don't have time to go back...","Ні... У мене обмаль часу, щоб повернутись..."
"M13S16_MON_AntiRetour_Loca3","I must go to Sarah...","Я повинен йти до Сари..."
"M13S16_MON_BackInGame01_Loca1","M13S16_MON_BackInGame01_Loca1",""
"M13S16_MON_BackInGame01_Loca2","CUT","ВИРІЗАТИ"
"M13S16_MON_BackInGame02_Loca1","M13S16_MON_BackInGame02_Loca1",""
"M13S16_MON_BackInGame02_Loca2","Where am I?","Де це я?"
"M13S16_MON_CallSilhouette_Loca1","M13S16_MON_CallSilhouette_Loca1",""
"M13S16_MON_CallSilhouette_Loca2","Is there somebody there?","Тут хтось є?"
"M13S16_MON_CallSilhouette_Loca4","Hey! Who are you?","Агов! Хто ти такий?"
"M13S16_MON_FAisDead_Loca1","M13S16_MON_FAisDead_Loca1",""
"M13S16_MON_FAisDead_Loca5","M13S16_MON_FAisDead_Loca5",""
"M13S16_MON_FAisDead_Loca4","No, it's not me!","Ні, це не я!"
"M13S16_MON_FAisDead_Loca2","I couldn't have done that...","Я не міг цього зробити..."
"M13S16_MON_FAisDead_Loca7","M13S16_MON_FAisDead_Loca7",""
"M13S16_MON_FAisDead_Loca3","She thought that she would escape her destiny.","Вона думала, що зможе втікти від її долі."
"M13S16_MON_FAisDead_Loca9","But finally, her life had to end.","Але зрештою, її життя повинно було закінчитись."
"M13S16_MON_FirstPassOut01_Loca1","M13S16_MON_FirstPassOut01_Loca1",""
"M13S16_MON_FirstPassOut01_Loca2","Keep going…","Продовжуй йти…"
"M13S16_MON_FirstPassOut02_Loca1","M13S16_MON_FirstPassOut02_Loca1",""
"M13S16_MON_FirstPassOut02_Loca2","My god...","Господи..."
"M13S16_MON_FirstPassOut03_Loca1","M13S16_MON_FirstPassOut03_Loca1",""
"M13S16_MON_FirstPassOut03_Loca2","This way...","Сюди..."
"M13S16_MON_FirstPassOut03_Loca4","What...?","Що...?"
"M13S16_MON_GetOutOfHere_Loca1","M13S16_MON_GetOutOfHere_Loca1",""
"M13S16_MON_GetOutOfHere_Loca2","What happened to me?","Що сталося зі мною?"
"M13S16_MON_GetOutOfHere_Loca3","Sarah! I must find Sarah before she suffers the same fate.","Саро! Я повинен знайти Сару до того, як вона пройде ту саму долю."
"M13S16_MON_GetOutOfHere_Loca4","Sarah! I must go to Sarah. She is the Oracle. She will know what to do.","Саро! Я повинен йти до Сари. Вона - Оракул. Вона знатиме, що робити."
"M13S16_MON_Intro_Loca1","M13S16_MON_Intro_Loca1",""
"M13S16_MON_Intro_Loca5","M13S16_MON_Intro_Loca5",""
"M13S16_MON_Intro_Loca6","*He chokes and groans in pain","*Він душиться і стогне від болю"
"M13S16_MON_Intro_Loca10","The voice... I can't hear the voice anymore!","Голос... Я вже не чую голосу!"
"M13S16_MON_Intro_Loca11","*hysterical laughter and he chokes again*","*істеричний сміх і він знову душиться*"
"M13S16_MON_Intro_Loca4","M13S16_MON_Intro_Loca4",""
"M13S16_MON_Intro_Loca8","*coughs as he spits out water*","*кашляє, випльовуючи воду*"
"M13S16_MON_LeviathanPainting_Loca1","M13S16_MON_LeviathanPainting_Loca1",""
"M13S16_MON_LeviathanPainting_Loca7","The Miraculous Catch was a trap. Leviathan wanted to be found.","Чудотворний улов був пасткою. Левіафан хотів, щоб його знайшли."
"M13S16_MON_PierceIsLost_01_Loca1","M13S16_MON_PierceIsLost_01_Loca1",""
"M13S16_MON_PierceIsLost_01_Loca5","M13S16_MON_PierceIsLost_01_Loca5",""
"M13S16_MON_PierceIsLost_01_Loca10","There must be a way out.","Там повинен бути вихід."
"M13S16_MON_PierceIsLost_01_Loca6","Colden didn't arrive here by magic...","Колден прибув сюди не за помахом магії..."
"M13S16_MON_PierceIsLost_01_Loca4","M13S16_MON_PierceIsLost_01_Loca4",""
"M13S16_MON_PierceIsLost_01_Loca7","Destiny will guide me out of these caves.","Доля виведе мене з цих печер."
"M13S16_MON_PierceIsLost_01_Loca11","She would only have slowed me down.","Вона б тільки сповільнила мене."
"M13S16_MON_SecondPassOut01_Loca1","M13S16_MON_SecondPassOut01_Loca1",""
"M13S16_MON_SecondPassOut01_Loca2","Stand up! Walk!","Підведись! Йди!"
"M13S16_MON_SecondPassOut01_Loca3","*Grunts*","*Бурчить*"
"M13S16_MON_SeeingBoat_Loca1","M13S16_MON_SeeingBoat_Loca1",""
"M13S16_MON_SeeingBoat_Loca7","No! This can’t be it. There is another way.","Ні! Цього не може бути. Є інший шлях."
"M13S16_MON_SeeingPaint_Loca1","M13S16_MON_SeeingPaint_Loca1",""
"M13S16_MON_SeeingPaint_Loca6","M13S16_MON_SeeingPaint_Loca6",""
"M13S16_MON_SeeingPaint_Loca7","How many people have been dragged into this madness?","Скільки людей було втягнуто в це божевілля?"
"M13S16_MON_SeeingPaint_Loca2","The man in this painting. Is it me?","Чоловік на цій картині. Це я?"
"M13S16_MON_SeeingPaint_Loca5","Sarah, what have you done?","Саро, що ти наробила?"
"M13S16_MON_Stele_Loca1","M13S16_MON_Stele_Loca1",""
"M13S16_MON_Stele_Loca8","To our fallen crew members. They have given their lives for a greater purpose.","Нашим загиблим членам екіпажу. Вони віддали своє життя заради більшої мети."
"M13S16_MON_Stele_Loca9","The last name added is that of Charles Hawkins.","Додано прізвище Чарльза Гокінса."
"M13S16_MON_Stele_Loca13","M13S16_MON_Stele_Loca13",""
"M13S16_MON_Stele_Loca14","I'm willing to bet that they've killed all the survivors of the Miraculous Catch.","Я готовий посперечатися, що вони вбили всіх, хто вижив у Чудовому улові."
"M13S16_MON_Stele_Loca12","M13S16_MON_Stele_Loca12",""
"M13S16_MON_Stele_Loca15","This monument is gruesome.","Цей пам'ятник жахливий."
"M13S16_MON_WhileCrouching_Loca1","M13S16_MON_WhileCrouching_Loca1",""
"M13S16_MON_WhileCrouching_Loca2","You are trapped.","Ти у пастці."
"M13S16_MON_WhileCrouching_Loca3","What? No!","Що? Ні!"
"M13S17_AMB_Charles01_Loca1","M13S17_AMB_Charles01_Loca1",""
"M13S17_AMB_Charles01_Loca21","Sarah... Her paintings have always been more than just art. They reflect an inescapable truth.","Саро... Її картини мали завжди бути більше, ніж просто мистецтво. Вони відображають неминучу правду."
"M13S17_AMB_Charles02_Loca1","M13S17_AMB_Charles02_Loca1",""
"M13S17_AMB_Charles02_Loca2","You took everything from me... Wife, life, destiny!","Ти забрав все у мене... Дружину, життя, сенс буття!"
"M13S17_AMB_Charles02_Loca3","You forsook your right to a normal life the moment you chose power over humanity.","Ти відмовляєшся від свого права на нормальне життя в той момент, коли ти обрав владу над людством."
"M13S17_AMB_Charles02_Loca4","No one wants to witness such an unbearable sight.","Ніхто не хоче бути свідком такого нестерпного видовища."
"M13S17_AMB_CharlesMoche_Loca1","M13S17_AMB_CharlesMoche_Loca1",""
"M13S17_AMB_CharlesMoche_Loca7","They want to see what I will do with their world...","Вони хочуть побачити що я робитиму з їхнім світом..."
"M13S17_AMB_CharlesMoche_Loca3","Who chooses to preserve his humanity when offered power?","Хто вирішує зберегти свою людяність, коли йому пропонують владу?"
"M13S17_AMB_CharlesMoche_Loca6","You, perhaps?","Ти, можливо?"
"M13S17_AMB_CharlesTentacles_Loca1","M13S17_AMB_CharlesTentacles_Loca1",""
"M13S17_AMB_CharlesTentacles_Loca3","You don't have the slightest idea of what you speak. Of what I've been through!","У тебе немає ані найменшого уявлення про те, що ти говориш. Про те, через що я пройшла!"
"M13S17_AMB_CharlesTentacles_Loca5","I have sacrificed my life to The One Who Sleeps! My marriage! My family! My own flesh!","Я пожертвував своїм життям Тому, Хто Спить! Моїм шлюбом! Моєї сім'єю! Моєю власною плоттю!"
"M13S17_AMB_CharlesTentacles_Loca6","And you get here at the last moment to reap the fruit of my efforts!","І ти приходиш сюди в останній момент, щоб пожинати плоди моїх зусиль!"
"M13S17_AMB_CharlesTentacles_Loca7","Why didn't Sarah choose me? Why is it your damn face on her painting?!","Чому Сара не вибрала мене? Чому це твоє безглузде обличчя на її картині?!"
"M13S17_AMB_DrakesPlea_Loca1","M13S17_AMB_DrakesPlea_Loca1",""
"M13S17_AMB_DrakesPlea_Loca2","Sarah, I beg you... Don’t let you sorrow blind you.","Сара, я прошу тебе... Не дозволяй скорботі засліпити тебе."
"M13S17_AMB_DrakesPlea_Loca3","You saw the Shambler, yet you still refuse the truth. We are weak. We need the power to make things right at last.","Ти бачив Блукача, але все одно відмовляєшся від правди. Ми слабкі. Нам потрібна сила, щоб нарешті все виправити."
"M13S17_AMB_DrakesPlea_Loca4","Mr Pierce! Don’t listen to her insanities. Put an end to this madnes. Use the amulet.","Містере Пірсе! Не слухайте її божевільну маячню! Покладіть край цьому божевіллю. Використайте амулет."
"M13S17_AMB_DrakesPlea_Loca5","Silence!","Тиша!"
"M13S17_AMB_FemaleAssociate01_Loca1","M13S17_AMB_FemaleAssociate01_Loca1",""
"M13S17_AMB_FemaleAssociate01_Loca18","You can barely stand up and, yet, here you are. You never give up.","Ти ледве можеш встати, поки що, але ось ти тут. Ти ніколи не здаєшся."
"M13S17_AMB_FemaleAssociate01_Loca25","That is not you. Not anymore. Not since your disappearance on the docks.","Це не ти. Більше ні. Не з моменту, коли ти зник на доках."
"M13S17_AMB_FemaleAssociate02_Loca1","M13S17_AMB_FemaleAssociate02_Loca1",""
"M13S17_AMB_FemaleAssociate02_Loca12","Detective. So easy to fool you. So eager to rush to the rescue of a woman in distress.","Детективе. Так легко тебе надурити. Так прагнеш допомогти жінці в біді."
"M13S17_AMB_FemaleAssociate03_Loca1","M13S17_AMB_FemaleAssociate03_Loca1",""
"M13S17_AMB_FemaleAssociate03_Loca3","You won't make me regret having tried to save people.","Ти не змусиш мене шкодувати, що я намагалася врятувати людей."
"M13S17_AMB_FemaleAssociate03_Loca13","I did what I could. Even for Colden.","Я зробив усе можливе. Навіть для Колден."
"M13S17_AMB_FemaleAssociateDarkworld_Loca1","M13S17_AMB_FemaleAssociateDarkworld_Loca1",""
"M13S17_AMB_FemaleAssociateDarkworld_Loca9","Your efforts to change your destiny, although in vain, make you worthy of the fate that is yours.","Твої зусилля змінити свою долю, хоч і марні, але роблять тебе гідним долі твоєї."
"M13S17_AMB_FemaleAssociateDarkworld_Loca3","The day has come. You will be asked to chose.","Цей день настав. Тебе попросять обрати."
"M13S17_AMB_FitzroyBringDagger_Loca1","M13S17_AMB_FitzroyBringDagger_Loca1",""
"M13S17_AMB_FitzroyBringDagger_Loca2","Bring forth the ritual dagger to the Oracle.","Принесіть ритуальний кинджал до Оракула."
"M13S17_AMB_Fuller_Loca1","M13S17_AMB_Fuller_Loca1",""
"M13S17_AMB_Fuller_Loca24","Ah, Mr Pierce. I was expecting you.","Ох, містере Пірсе. Я очікував на тебе."
"M13S17_AMB_Fuller_Loca28","Fuller? You died in front of my eyes!","Фуллер? Ти ж помер прямо на моїх очах!"
"M13S17_AMB_Fuller_Loca27","Don't jump to conclusions. Is there not the tiniest spark of a scientific mind inside of that detective-skull of yours?","Не поспішайте з висновками. Хіба в твоєму детективному черепі немає найменшої іскри наукового розуму?"
"M13S17_AMB_FullerDarkworld_Loca1","M13S17_AMB_FullerDarkworld_Loca1",""
"M13S17_AMB_FullerDarkworld_Loca3","What abject substance did you use to turn her into an empty shell?","Яку жалюгідну речовину ви використали, щоб перетворити її на порожню оболонку?"
"M13S17_AMB_FullerDarkworld_Loca7","Abject substance? The serum extracted from Leviathan's oil bestows the power of life.","Жалюгідна речовина? Сироватка, витягнута з олії Левіафана, наділяє силою життя."
"M13S17_AMB_FullerDarkworld_Loca4","To me, my body is nothing but the mortal vessel of my conscience.","Для мене моє тіло - ні що інше, як смертна посудина моєї совісті."
"M13S17_AMB_FullerDarkworld_Loca5","To you, it contains more answers and secrets than your insignificant mind can grasp.","Для тебе він містить більше відповідей і таємниць, ніж твій незначний розум може осягнути."
"M13S17_CIN_SUB_CounterRitual_Loca1","M13S17_CIN_SUB_CounterRitual_Loca1",""
"M13S17_CIN_SUB_CounterRitual_Loca22","Ya Stell'bsna fhtagn shagg uaaah!","Йа Стелл'бсна фхтаґн шаґґ уааах!"
"M13S17_CIN_SUB_CounterRitual_Part2_Loca1","M13S17_CIN_SUB_CounterRitual_Part2_Loca1",""
"M13S17_CIN_SUB_CounterRitual_Part2_Loca25","We doubled the dosage, as you asked us to, doctor.","Ми подвоїли дозу, як ви просили нас, докторе."
"M13S17_CIN_SUB_CounterRitual_Part2_Loca26","Good. Thank you.","Добре. Вдячний вам."
"M13S17_CIN_SUB_CthulhuRitual_Loca1","M13S17_CIN_SUB_CthulhuRitual_Loca1",""
"M13S17_CIN_SUB_CthulhuRitual_Loca22","Ph'nglui mglw'nafh Cthulhu R'lyeh wgah'nagl fhtagn","Пн'ґлуї мґлв'нафх Ктулгу Р'льєх Вґаг'нагл фгтаґн"
"M13S17_CIN_SUB_CthulhuRitualPartII_Loca1","M13S17_CIN_SUB_CthulhuRitualPartII_Loca1",""
"M13S17_CIN_SUB_PierceSuicide_Loca1","M13S17_CIN_SUB_PierceSuicide_Loca1",""
"M13S17_CIN_SUB_SarahDeath_Loca1","M13S17_CIN_SUB_SarahDeath_Loca1",""
"M13S17_CIN_SUB_SarahDeath_Loca22","I can’t let you do this.","Я не можу дозволити тобі це зробити."
"M13S17_CIN_SUB_SarahDeath_Loca23","No one can force you.","Ніхто не може змусити тебе."
"M13S17_CIN_SUB_SarahDeath_Loca24","Sorry, Simon.","Вибач, Саймоне."
"M13S17_CIN_SUB_ToTheEnd_Loca1","M13S17_CIN_SUB_ToTheEnd_Loca1",""
"M13S17_CIN_SUB_ToTheEnd_Loca2","Silence!","Тиша!"
"M13S17_CIN_SUB_ToTheEndDrake_Loca1","M13S17_CIN_SUB_ToTheEndDrake_Loca1",""
"M13S17_CIN_SUB_ToTheEndDrake_Loca2","Pierce, help me!","Пірсе, допоможи мені!"
"M13S17_CIN_SUB_ToTheEndDrake_Loca3","Silence!","Тиша!"
"M13S17_INT_FinalChoice_Loca1","M13S17_INT_FinalChoice_Loca1",""
"M13S17_INT_FinalChoice_Loca16","M13S17_INT_FinalChoice_Loca16",""
"M13S17_INT_FinalChoice_Loca17","It's over.","Все скінчено."
"M13S17_INT_FinalChoice_Loca20","[Sacrifice oneself]","[Пожертвувати собою]"
"M13S17_INT_FinalChoice_Loca23","[Perform the counter-ritual]","[Виконати анти-ритуал]"
"M13S17_INT_FinalChoice_Loca26","I will perform the ritual.","Я виконаю ритуал."
"M13S17_INT_RealPierce_Loca1","M13S17_INT_RealPierce_Loca1",""
"M13S17_INT_RealPierce_Loca2","None of this is real.","Нічого з цього не справжнє."
"M13S17_INT_RealPierce_Loca5","You know it, deep down.","Ти знаєж це, глибоко в душі."
"M13S17_INT_RealPierce_Loca6","Trust your guts.","Довіряйте своїм передчуттям."
"M13S17_INT_RealPierce_Loca3","If nothing's real, what are you?","Якщо нічого не справжнє, що ти таке?"
"M13S17_INT_RealPierce_Loca7","I am a projection of your mind. What remains of that instinct that pulled you out of the trenches.","Я - проекція твого розуму. Що залишилося від того інстинкту, який витягнув тебе з окопів."
"M13S17_INT_RealPierce_Loca10","M13S17_INT_RealPierce_Loca10",""
"M13S17_INT_RealPierce_Loca13","I can change the world. It's my fate.","Я можу змінити світ. Це моє покликання."
"M13S17_INT_RealPierce_Loca14","No man can do that. You let them fool you without putting up a fight.","Жодна людина не може це зробити. Ти дозволиш їм надурити себе, не втручаючись у бій."
"M13S17_INT_RealPierce_Loca11","M13S17_INT_RealPierce_Loca11",""
"M13S17_INT_RealPierce_Loca12","You rejected her half-truths.","Ти відкинув її напівістину."
"M13S17_INT_RealPierce_Loca8","M13S17_INT_RealPierce_Loca8",""
"M13S17_INT_RealPierce_Loca9","Don’t listen to them.They are too dangerous for your tired mind.","Не слухай їх. Вони надто небезпечні для твого виснаженого мозку."
"M13S17_INT_Sarah_Loca1","M13S17_INT_Sarah_Loca1",""
"M13S17_INT_Sarah_Loca2","Here you are at last, truth seeker.","Ось ти нарешті, шукаче істини."
"M13S17_INT_Sarah_Loca150","M13S17_INT_Sarah_Loca150",""
"M13S17_INT_Sarah_Loca72","She was waiting for you!","Вона чекала на тебе!"
"M13S17_INT_Sarah_Loca3","You were waiting for me...","Ти очікувала на мене..."
"M13S17_INT_Sarah_Loca201","Yes, when I finally discovered the truth, I knew you would come.","Так, коли я нарешті відкрив правду, я знав, що ти прийдеш."
"M13S17_INT_Sarah_Loca156","M13S17_INT_Sarah_Loca156",""
"M13S17_INT_Sarah_Loca151","M13S17_INT_Sarah_Loca151",""
"M13S17_INT_Sarah_Loca153","What have you done?","Що ти скоїла?"
"M13S17_INT_Sarah_Loca199","I followed the truth.","Я послідувала істині."
"M13S17_INT_Sarah_Loca200","I answered his call.","Я відповіла на його покликання."
"M13S17_INT_Sarah_Loca155","M13S17_INT_Sarah_Loca155",""
"M13S17_INT_Sarah_Loca74","All this time, I was fighting it. Afraid of what I might discover.","Весь цей час, я змагався з цим. Боявся того, що я міг дізнатися."
"M13S17_INT_Sarah_Loca159","In fact, I was afraid of myself.","Як факт, я бовся самого себе."
"M13S17_INT_Sarah_Loca163","M13S17_INT_Sarah_Loca163",""
"M13S17_INT_Sarah_Loca161","You're not listening! Have you seen the dead?","Ти не слухаєш! Чи ти бачив що таке смерть?"
"M13S17_INT_Sarah_Loca162","Their blood is on our hands!","Їхня кров на наших руках!"
"M13S17_INT_Sarah_Loca165","M13S17_INT_Sarah_Loca165",""
"M13S17_INT_Sarah_Loca166","M13S17_INT_Sarah_Loca166",""
"M13S17_INT_Sarah_Loca168","It's coming...","Воно йде..."
"M13S17_INT_Sarah_Loca169","What did you learn?","Що ти дізналася?"
"M13S17_INT_Sarah_Loca171","(laughs quietly)","(тихо сміється)"
"M13S17_INT_Sarah_Loca170","M13S17_INT_Sarah_Loca170",""
"M13S17_INT_Sarah_Loca8","Listen to me, Edward Pierce. As I will deliver the Truth...","Слухай мене, Едварде Пірсе. Як я проведу Істину..."
"M13S17_INT_Sarah_Loca43","M13S17_INT_Sarah_Loca43",""
"M13S17_INT_Sarah_Loca44","I will accept it.","Я прийму її."
"M13S17_INT_Sarah_Loca174","I have seen things, strange and horrifying but always true.","Я бачив речі, дивні та жахливі, але завжди правдиві."
"M13S17_INT_Sarah_Loca197","Will you trust my words?","Ти довіришся моїм словам?"
"M13S17_INT_Sarah_Loca198","Yes.","Так."
"M13S17_INT_Sarah_Loca191","M13S17_INT_Sarah_Loca191",""
"M13S17_INT_Sarah_Loca46","You are lost.","Ти програв."
"M13S17_INT_Sarah_Loca173","You husband was right.","Ти, чоловіче, мав рацію."
"M13S17_INT_Sarah_Loca193","Facing the Dimensional Shambler was too much for your shattered mind.","Зіткнутися з Міжвимірним Блукачем було занадто для вашого зруйнованого розуму."
"M13S17_INT_Sarah_Loca194","Even though you're lost, we might still save the world.","Незважаючи на те, що ти програв, ми все одно можемо врятувати світ."
"M13S17_INT_Sarah_Loca195","You will decide.","Тобі вирішувати."
"M13S17_INT_Sarah_Loca190","M13S17_INT_Sarah_Loca190",""
"M13S17_INT_Sarah_Loca45","Are you crazy?","Ти збожеволіла?"
"M13S17_INT_Sarah_Loca172","Look around you!","Оглянься довкола!"
"M13S17_INT_Sarah_Loca187","Everything is falling apart!","Все розвалюється!"
"M13S17_INT_Sarah_Loca188","You must stop this madness!","Ти повинен зупинити це божевілля!"
"M13S17_INT_Sarah_Loca192","I can't make that choice. This will be you decision.","Я не можу зробити такий вибір. Це буде твоє рішення."
"M13S17_INT_Sarah_Loca189","M13S17_INT_Sarah_Loca189",""
"M13S17_INT_Sarah_Loca128","One man, one man only, prepared by the trials and the revelations, holds the power to change the world.","Одна людина, лише одна людина, підготовлена випробуваннями та одкровеннями, має силу змінити світ."
"M13S17_INT_Sarah_Loca184","As I saw you in the dreams I share with my god, I recognize you for what you are.","Як я бачила тебе у снах, якими ділюся зі своїм богом, я впізнаю тебе таким, яким ти є."
"M13S17_INT_Sarah_Loca185","A truth seeker. One of rare humans able to perceive fragments of His mind.","Шукач істини. Один з рідкісних людей, здатних сприймати фрагменти Його розуму."
"M13S17_INT_Sarah_Loca176","M13S17_INT_Sarah_Loca176",""
"M13S17_INT_Sarah_Loca177","Yes, yes!","Так, так!"
"M13S17_INT_Sarah_Loca175","I feel the truth in your words...","Я відчуваю істину у твоїх словах..."
"M13S17_INT_Sarah_Loca178","M13S17_INT_Sarah_Loca178",""
"M13S17_INT_Sarah_Loca179","M13S17_INT_Sarah_Loca179",""
"M13S17_INT_Sarah_Loca181","But, why?","Але, чому?"
"M13S17_INT_Sarah_Loca186","Why is it so important for you that I take this decision!","Чому для тебе це так важливо, щоб я прийняв це рішення!"
"M13S17_INT_Sarah_Loca183","M13S17_INT_Sarah_Loca183",""
"M13S17_INT_Sarah_Loca180","Because it was written, or, as I like to see it, painted on the canvas of fate.","Тому що це було прописано, або, як я люблю це називати, намальовано на полотні долі."
"M13S17_INT_TruePierce_Loca1","M13S17_INT_TruePierce_Loca1",""
"M13S17_INT_TruePierce_Loca2","Ignore this coward.","Ігноруйте цього боягуза."
"M13S17_INT_TruePierce_Loca4","How much more evidence will you chose to ignore? All her paintings were right. You can’t deny it.","Скільки ще доказів ти вирішеш ігнорувати? Всі її картини були праві. Ти не можеш заперечувати це."
"M13S17_INT_TruePierce_Loca5","Open your eyes. You are the most important human on Earth.","Розплющ свої очі. Ти найважливіша людина на Землі."
"M13S17_INT_TruePierce_Loca6","But you already know it. I can see that you will make the choice.","Але ти це вже знаєш. Я бачу, що ти зробиш вибір."
"M13S17_INT_TruePierce_Loca3","I don’t know... I don’t know.","Я не знаю... не знаю."
"M13S17_INT_TruePierce_Loca10","M13S17_INT_TruePierce_Loca10",""
"M13S17_INT_TruePierce_Loca13","You’re on the right path.","Ти не на правильному шляху."
"M13S17_INT_TruePierce_Loca18","Let the Oracle guide you. She has the purest intentions in mind.","Нехай Оракул направить тебе. Вона має найчистіші наміри."
"M13S17_INT_TruePierce_Loca14","Your fate has already been painted. You will make a choice.","Твоя доля вже намальована. Ти зробиш вибір."
"M13S17_INT_TruePierce_Loca11","M13S17_INT_TruePierce_Loca11",""
"M13S17_INT_TruePierce_Loca12","So you've decided to shut your eyes? Find refuge in denial like a spooked child?","Отже, ти вирішив заплющити очі? Знайти притулок у запереченні, як налякана дитина?"
"M13S17_INT_TruePierce_Loca16","You've lost your mind. And to think mankind's future is on your shoulders...","Ти з'їхала з глузду. І думати, що майбутнє людства на твоїх плечах..."
"M13S17_INT_TruePierce_Loca8","M13S17_INT_TruePierce_Loca8",""
"M13S17_INT_TruePierce_Loca9","Your fear of the unknown and your stupid pride cloud your judgment.","Твій страх невідомого й твоя дурна гордість затьмарюють твій вирок."
"M13S17_INT_TruePierce_Loca7","Quit lying to yourself and embrace your destiny. It's not cowering that brought you those medals.","Перестань брехати собі і прийми свою долю. Це не страх того, що принесли тобі ці медалі."
"M13S17_MON_Almost_Loca1","M13S17_MON_Almost_Loca1",""
"M13S17_MON_Almost_Loca3","It's right there!","Воно прямо там!"
"M13S17_MON_Almost_Loca2","I'm almost there...","Я майже там..."
"M13S17_MON_OnTop_Loca1","M13S17_MON_OnTop_Loca1",""
"M13S17_MON_OnTop_Loca3","Sarah is with them!","Сара з ними!"
"M13S17_MON_OnTop_Loca4","What's she doing? Painting?","Що вона робить? Малює?"
"M13S17_MON_Rewrittenlines_Loca1","M13S17_MON_Rewrittenlines_Loca1",""
"M13S17_MON_Rewrittenlines_Loca2","From the pictures I've seen, it does look a little like Charles Hawkins. But a weird, distorted version of him.","З малюнів, які я бачив, це трохи схоже на Чарльза Гокінса. Але дивна, спотворена його версія."
"M13S17_MON_Rewrittenlines_Loca3","Is that all you can tell me about them?","І це все, що ти можеш сказати мені про них?"
"M13S17_MON_Rewrittenlines_Loca6","This door… She opened another room last time!","Ці двері... Минулого разу вона відчинила ще одну кімнату!"
"M13S17_MON_Rewrittenlines_Loca7","This place is a maze. I must find the pattern.","Це місце - лабіринт. Я повинен знайти візеруно."
"M13S17_MON_SeeSarah_Loca1","M13S17_MON_SeeSarah_Loca1",""
"M13S17_MON_SeeSarah_Loca2","Sarah?","Саро?"
"M13S17_MON_Sick_Loca1","M13S17_MON_Sick_Loca1",""
"M13S17_MON_Sick_Loca2","Ah! What have they done to me?","Ох! Що вони зробили зі мною?"
"M13S17_MON_Startlevel_Loca1","M13S17_MON_Startlevel_Loca1",""
"M13S17_MON_Startlevel_Loca21","This is Alabaster Point.","Це Точка Алабастера."
"M13S17_MON_Startlevel_Loca39","Reality as you know it stops here.","Реальність, яку ти знаєш, тут зупиняється."
"M13S17_MON_Startlevel_Loca22","Alabaster Point…","Точка Алабастера…"
"M13S17_MON_Startlevel_Loca11","None of this makes sense.","Ніщо з цього не має сенсу."
"M13S17_MON_Startlevel_Loca43","You must go to the summit.","Ти повинен піти на саміт."
"M13S17_MON_Startlevel_Loca28","Go! She is waiting!","Йди! Вона чекає!"
"M13S17_MON_Weakens_Loca1","M13S17_MON_Weakens_Loca1",""
"M13S17_MON_Weakens_Loca5","Come on!","Ну ж бо!"
"M13S17_MON_Weakens_Loca2","*groans* I have no strength left...","*стогне* У мене не залишилося сил..."
"Puppet_a_Alert_Enter_00_Loca1","Puppet_a_Alert_Enter_00_Loca1",""
"Puppet_a_Alert_Enter_00_Loca2","Haaa!","Хааа!"
"Puppet_a_Alert_Enter_01_Loca1","Puppet_a_Alert_Enter_01_Loca1",""
"Puppet_a_Alert_Enter_01_Loca2","*Growl*","*Гарчання*"
"Puppet_a_Alert_Enter_02_Loca1","Puppet_a_Alert_Enter_02_Loca1",""
"Puppet_a_Alert_Enter_02_Loca2","No!","Ні!"
"Puppet_a_Alert_Roaming_00_Loca1","Puppet_a_Alert_Roaming_00_Loca1",""
"Puppet_a_Alert_Roaming_00_Loca2","You won't have my flesh! You won't have my skin!","Ти не отримаєш мою плоть! Ти не отримаєш мою шкіру!"
"Puppet_a_Alert_Roaming_01_Loca1","Puppet_a_Alert_Roaming_01_Loca1",""
"Puppet_a_Alert_Roaming_01_Loca2","It's my body! Only I have the right to eat it!","Це моє тіло! Тільки я маю право їсти його!"
"Puppet_a_Alert_Roaming_02_Loca1","Puppet_a_Alert_Roaming_02_Loca1",""
"Puppet_a_Alert_Roaming_02_Loca2","I can't take any more!","Я більше не можу!"
"Puppet_a_Catch_00_Loca1","Puppet_a_Catch_00_Loca1",""
"Puppet_a_Catch_00_Loca2","Die! Die! Die!","Помри! Помри! Помри!"
"Puppet_a_Catch_02_Loca1","Puppet_a_Catch_02_Loca1",""
"Puppet_a_Catch_02_Loca2","The eye! It sees me!","Око! Воно бачить мене!"
"Puppet_a_Search_Enter_00_Loca1","Puppet_a_Search_Enter_00_Loca1",""
"Puppet_a_Search_Enter_00_Loca2","Who's there?","Хто там?"
"Puppet_a_Search_Enter_01_Loca1","Puppet_a_Search_Enter_01_Loca1",""
"Puppet_a_Search_Enter_01_Loca2","Go! Die!","Давай! Помри!"
"Puppet_a_Search_Enter_02_Loca1","Puppet_a_Search_Enter_02_Loca1",""
"Puppet_a_Search_Enter_02_Loca2","Enough!","Достатньо!"
"Puppet_a_Search_Roaming_00_Loca1","Puppet_a_Search_Roaming_00_Loca1",""
"Puppet_a_Search_Roaming_00_Loca2","Go away!","Відійди!"
"Puppet_a_Search_Roaming_01_Loca1","Puppet_a_Search_Roaming_01_Loca1",""
"Puppet_a_Search_Roaming_01_Loca2","I don't want to see you! I don't want to hear you!","Я не хочу бачити тебе! Я не слухатиму тебе!"
"Puppet_a_Search_Roaming_02_Loca1","Puppet_a_Search_Roaming_02_Loca1",""
"Puppet_a_Search_Roaming_02_Loca2","Leave me alone.","Залиш мене одного."
"Puppet_a_Suspicious_Enter_00_Loca1","Puppet_a_Suspicious_Enter_00_Loca1",""
"Puppet_a_Suspicious_Enter_00_Loca2","Ha!","Ха!"
"Puppet_a_Suspicious_Enter_01_Loca1","Puppet_a_Suspicious_Enter_01_Loca1",""
"Puppet_a_Suspicious_Enter_01_Loca2","Who's there?","Хто там?"
"Puppet_a_Suspicious_Enter_02_Loca1","Puppet_a_Suspicious_Enter_02_Loca1",""
"Puppet_a_Suspicious_Enter_02_Loca2","*questioning growl*","*допитливе гарчання*"
"Puppet_b_Alert_Enter_00_Loca1","Puppet_b_Alert_Enter_00_Loca1",""
"Puppet_b_Alert_Enter_00_Loca2","Haaa!","Хааа!"
"Puppet_b_Alert_Enter_01_Loca1","Puppet_b_Alert_Enter_01_Loca1",""
"Puppet_b_Alert_Enter_01_Loca2","*Growl*","*Гарчання*"
"Puppet_b_Alert_Enter_02_Loca1","Puppet_b_Alert_Enter_02_Loca1",""
"Puppet_b_Alert_Enter_02_Loca2","No!","Ні!"
"Puppet_b_Alert_Roaming_00_Loca1","Puppet_b_Alert_Roaming_00_Loca1",""
"Puppet_b_Alert_Roaming_00_Loca2","You won't have my flesh! You won't have my skin!","Ти не візьмеш мою плоть! Ти не здереш мою шкіру!"
"Puppet_b_Alert_Roaming_01_Loca1","Puppet_b_Alert_Roaming_01_Loca1",""
"Puppet_b_Alert_Roaming_01_Loca2","It's my body! Only I have the right to eat it!","Це моє тіло! Тільки я маю право його їсти!"
"Puppet_b_Alert_Roaming_02_Loca1","Puppet_b_Alert_Roaming_02_Loca1",""
"Puppet_b_Alert_Roaming_02_Loca2","I can't take any more!","Я більше не можу це витримати!"
"Puppet_b_Catch_00_Loca1","Puppet_b_Catch_00_Loca1",""
"Puppet_b_Catch_00_Loca2","Die! Die! Die!","Згинь! Згинь! Згинь!"
"Puppet_b_Catch_02_Loca1","Puppet_b_Catch_02_Loca1",""
"Puppet_b_Catch_02_Loca2","The eye! It sees me!","Око! Воно бачить мене!"
"Puppet_b_Search_Enter_00_Loca1","Puppet_b_Search_Enter_00_Loca1",""
"Puppet_b_Search_Enter_00_Loca2","Who's there?","Хто там?"
"Puppet_b_Search_Enter_01_Loca1","Puppet_b_Search_Enter_01_Loca1",""
"Puppet_b_Search_Enter_01_Loca2","Go! Die!","Іди! Вмри!"
"Puppet_b_Search_Enter_02_Loca1","Puppet_b_Search_Enter_02_Loca1",""
"Puppet_b_Search_Enter_02_Loca2","Enough!","Досить!"
"Puppet_b_Search_Roaming_00_Loca1","Puppet_b_Search_Roaming_00_Loca1",""
"Puppet_b_Search_Roaming_00_Loca2","Go away!","Забирайся!"
"Puppet_b_Search_Roaming_01_Loca1","Puppet_b_Search_Roaming_01_Loca1",""
"Puppet_b_Search_Roaming_01_Loca2","I don't want to see you! I don't want to hear you!","Я не хочу тебе бачити! Я не хочу тебе чути!"
"Puppet_b_Search_Roaming_02_Loca1","Puppet_b_Search_Roaming_02_Loca1",""
"Puppet_b_Search_Roaming_02_Loca2","Leave me alone.","Залиш мене в спокої."
"Puppet_b_Suspicious_Enter_00_Loca1","Puppet_b_Suspicious_Enter_00_Loca1",""
"Puppet_b_Suspicious_Enter_00_Loca2","Ha!","Га!"
"Puppet_b_Suspicious_Enter_01_Loca1","Puppet_b_Suspicious_Enter_01_Loca1",""
"Puppet_b_Suspicious_Enter_01_Loca2","Who's there?","Хто там?"
"Puppet_b_Suspicious_Enter_02_Loca1","Puppet_b_Suspicious_Enter_02_Loca1",""
"Puppet_b_Suspicious_Enter_02_Loca2","*questioning growl*","*питальне ричання*"
"Puppet_c_Alert_Enter_00_Loca1","Puppet_c_Alert_Enter_00_Loca1",""
"Puppet_c_Alert_Enter_00_Loca2","Haaa!","Гааа!"
"Puppet_c_Alert_Enter_01_Loca1","Puppet_c_Alert_Enter_01_Loca1",""
"Puppet_c_Alert_Enter_01_Loca2","*Growl*","*Ричання*"
"Puppet_c_Alert_Enter_02_Loca1","Puppet_c_Alert_Enter_02_Loca1",""
"Puppet_c_Alert_Enter_02_Loca2","No!","Ні!"
"Puppet_c_Alert_Roaming_00_Loca1","Puppet_c_Alert_Roaming_00_Loca1",""
"Puppet_c_Alert_Roaming_00_Loca2","You won't have my flesh! You won't have my skin!","Ти не візьмеш мою плоть! Ти не здереш мою шкіру!"
"Puppet_c_Alert_Roaming_01_Loca1","Puppet_c_Alert_Roaming_01_Loca1",""
"Puppet_c_Alert_Roaming_01_Loca2","It's my body! Only I have the right to eat it!","Це моє тіло! Тільки я маю право його їсти!"
"Puppet_c_Alert_Roaming_02_Loca1","Puppet_c_Alert_Roaming_02_Loca1",""
"Puppet_c_Alert_Roaming_02_Loca2","I can't take any more!","Я більше не можу це витримати!"
"Puppet_c_Catch_00_Loca1","Puppet_c_Catch_00_Loca1",""
"Puppet_c_Catch_00_Loca2","Die! Die! Die!","Згинь! Згинь! Згинь!"
"Puppet_c_Catch_02_Loca1","Puppet_c_Catch_02_Loca1",""
"Puppet_c_Catch_02_Loca2","The eye! It sees me!","Око! Воно бачить мене!"
"Puppet_c_Search_Enter_00_Loca1","Puppet_c_Search_Enter_00_Loca1",""
"Puppet_c_Search_Enter_00_Loca2","Who's there?","Хто там?"
"Puppet_c_Search_Enter_01_Loca1","Puppet_c_Search_Enter_01_Loca1",""
"Puppet_c_Search_Enter_01_Loca2","Go! Die!","Іди! Вмри!"
"Puppet_c_Search_Enter_02_Loca1","Puppet_c_Search_Enter_02_Loca1",""
"Puppet_c_Search_Enter_02_Loca2","Enough!","Досить!"
"Puppet_c_Search_Roaming_00_Loca1","Puppet_c_Search_Roaming_00_Loca1",""
"Puppet_c_Search_Roaming_00_Loca2","Go away!","Забирайся!"
"Puppet_c_Search_Roaming_01_Loca1","Puppet_c_Search_Roaming_01_Loca1",""
"Puppet_c_Search_Roaming_01_Loca2","I don't want to see you! I don't want to hear you!","Я не хочу тебе бачити! Я не хочу тебе чути!"
"Puppet_c_Search_Roaming_02_Loca1","Puppet_c_Search_Roaming_02_Loca1",""
"Puppet_c_Search_Roaming_02_Loca2","Leave me alone.","Залиш мене в спокої."
"Puppet_c_Suspicious_Enter_00_Loca1","Puppet_c_Suspicious_Enter_00_Loca1",""
"Puppet_c_Suspicious_Enter_00_Loca2","Ha!","Га!"
"Puppet_c_Suspicious_Enter_01_Loca1","Puppet_c_Suspicious_Enter_01_Loca1",""
"Puppet_c_Suspicious_Enter_01_Loca2","Who's there?","Хто там?"
"Puppet_c_Suspicious_Enter_02_Loca1","Puppet_c_Suspicious_Enter_02_Loca1",""
"Puppet_c_Suspicious_Enter_02_Loca2","*questioning growl*","*питальне ричання*"
"Retake_M09S02_AMB_Bradley_LeaveMeAlone_Loca1","Retake_M09S02_AMB_Bradley_LeaveMeAlone_Loca1",""
"Retake_M09S02_AMB_Bradley_LeaveMeAlone_Loca2","I prefer to be alone.","Я віддаю перевагу бути наодинці."
"Retake_M09S02_AMB_Drake_PierceSpotted_Loca1","Retake_M09S02_AMB_Drake_PierceSpotted_Loca1",""
"Retake_M09S02_AMB_Drake_PierceSpotted_Loca2","Mr Pierce. We were waiting for you.","Містере Пірс. Ми чекали на вас."
"Retake_M09S02_AMB_Drake_PierceSpotted_Loca3","Good. Sarah doesn’t have much time.","Добре. У Сари не так багато часу."
"Retake_M09S02_AMB_Drake_PierceSpotted_Loca4","Retake_M09S02_AMB_Drake_PierceSpotted_Loca4",""
"Retake_M09S02_AMB_Drake_PierceSpotted_Loca5","How can we help her escape the influence of the Cult?","Як ми можемо допомогти їй вирватися з-під впливу культу?"
"Retake_M09S02_AMB_Drake_PierceSpotted_Loca6","I do have a plan. Come and see me later.","У мене є план. Зустрінемось пізніше."
"Retake_M09S02_AMB_Drake_PierceSpotted_Loca7","Before everything else, I need to talk to Mr Pierce.","Перш за все, мені треба поговорити з містером Пірсом."
"Retake_M09S02_AMB_Drake_PierceSpotted_Loca8","Retake_M09S02_AMB_Drake_PierceSpotted_Loca8",""
"Retake_M09S02_AMB_Drake_PierceSpotted_Loca9","Retake_M09S02_AMB_Drake_PierceSpotted_Loca9",""
"Retake_M09S02_AMB_Drake_PierceSpotted_Loca10","What are you doing here?","Що ти тут робиш?"
"Retake_M09S02_AMB_Drake_PierceSpotted_Loca11","Did you think I would let you confront the occult without supervision?","Ти думав, я дозволю тобі зіткнутися з окультизмом без нагляду?"
"Retake_M09S02_AMB_Drake_PierceSpotted_Loca12","This is too dangerous for a bookworm like you.","Це занадто небезпечно для книголоба на кшталт тебе."
"Retake_M09S02_AMB_Drake_PierceSpotted_Loca13","Algernon.","Алджерноне."
"Retake_M09S02_AMB_Drake_PierceSpotted_Loca14","I need to talk to Mr Pierce.","Мені треба поговорити з містером Пірсом."
"Retake_M09S02_AMB_Drake_PierceSpotted_Loca15","Retake_M09S02_AMB_Drake_PierceSpotted_Loca15",""
"Retake_M09S02_AMB_Drake_PierceSpotted_Loca16","Very well, Sarah.","Дуже добре, Саро."
"Retake_M09S02_AMB_Drake_PierceSpotted_Loca17","I will be in Charles Hawkins’s office.","Я буду в кабінеті Чарльза Гокінса."
"Retake_M09S02_AMB_LeviathanWhispers_Loca1","Retake_M09S02_AMB_LeviathanWhispers_Loca1",""
"Retake_M09S02_AMB_LeviathanWhispers_Loca2","Mr Pierce. The Truth seeker. We meet at last.","Містер Пірс. Шукач істини. Ми нарешті зустрілися."
"Retake_M09S02_AMB_LeviathanWhispers_Loca3","Who is there?","Хто тут?"
"Retake_M09S02_AMB_SarahAskToTakeASit_Loca1","Retake_M09S02_AMB_SarahAskToTakeASit_Loca1",""
"Retake_M09S02_AMB_SarahAskToTakeASit_Loca2","Please do sit down.","Прошу, сідай."
"Retake_M09S02_AMB_SarahDrake_Discussion_Loca1","Retake_M09S02_AMB_SarahDrake_Discussion_Loca1",""
"Retake_M09S02_AMB_SarahDrake_Discussion_Loca2","I don't know if I can fight it, Algernon.","Я не знаю, чи зможу протистояти цьому, Алджерноне."
"Retake_M09S02_AMB_SarahDrake_Discussion_Loca3","But still, I must put an end to the killings.","Але все ж, я повинна покласти край вбивствам."
"Retake_M09S02_AMB_SarahDrake_Discussion_Loca4","My dear Sarah!","Моя люба Саро!"
"Retake_M09S02_AMB_SarahDrake_Discussion_Loca5","You are not seriously considering exposing yourself to that influence again?","Ти ж не серйозно збираєшся знову піддаватися цьому впливу?"
"Retake_M09S02_AMB_SarahDrake_Discussion_Loca6","Do I have a choice?","Чи є у мене вибір?"
"Retake_M09S02_AMB_SarahGoodMorning_Loca1","Retake_M09S02_AMB_SarahGoodMorning_Loca1",""
"Retake_M09S02_AMB_SarahGoodMorning_Loca2","Ah, you are awake, Edward! I was looking for you.","О, ти прокинувся, Едварде! Я шукала тебе."
"Retake_M09S02_AMB_SarahGoodMorning_Loca3","Were you able to sleep?","Добре поспав?"
"Retake_M09S02_AMB_SarahGoodMorning_Loca4","Not really, but I still feel better.","Не дуже, але я все одно почуваюся краще."
"Retake_M09S02_AMB_SarahGoodMorning_Loca5","Sit down, I shall answer your questions.","Сідай, я дам відповіді на твої запитання."
"Retake_M09S02_AMB_SarahWantToSleep_Loca1","Retake_M09S02_AMB_SarahWantToSleep_Loca1",""
"Retake_M09S02_AMB_SarahWantToSleep_Loca2","I wanted to thank you again for getting me out of that prison and taking me to see my son.","Я хотіла ще раз подякувати тобі за те, що ти витяг мене з тієї в’язниці й дозволив побачити мого сина."
"Retake_M09S02_AMB_SarahWantToSleep_Loca7","Don't mention it, Mrs Hawkins.","Не варто дякувати, місіс Гокінс."
"Retake_M09S02_AMB_SarahWantToSleep_Loca8","Please call me Sarah.","Будь ласка, називай мене Сара."
"Retake_M09S02_AMB_SarahWantToSleep_Loca3","OK... Sarah. You can imagine that I have plenty of questions waiting for an answer.","Гаразд... Саро. Ти не уявляєш, скільки в мене запитань, які чекають на відповідь."
"Retake_M09S02_AMB_SarahWantToSleep_Loca5","If you don't mind, I would prefer that we put it off until tomorrow. All this agitation... I need to rest.","Якщо ти не проти, я б воліла відкласти це до завтра. Весь цей стрес... Мені треба відпочити."
"Retake_M09S02_AMB_SarahWantToSleep_Loca6","I understand.","Я розумію."
"Retake_M09S02_AMB_SarahWantToSleep_Loca9","Good night, Edward.","На добраніч, Едварде."
"Retake_M09S02_INT_AmuletFound_Loca1","Retake_M09S02_INT_AmuletFound_Loca1",""
"Retake_M09S02_INT_AmuletFound_Loca2","This is the amulet that Drake was looking for.","Це амулет, який шукав Дрейк."
"Retake_M09S02_INT_BradleyAboutColden_Loca1","Retake_M09S02_INT_BradleyAboutColden_Loca1",""
"Retake_M09S02_INT_BradleyAboutColden_Loca2","How are you, Bradley?","Як ти, Бредлі?"
"Retake_M09S02_INT_BradleyAboutColden_Loca3","Ah it's you, Pierce.","А, це ти, Пірс."
"Retake_M09S02_INT_BradleyAboutColden_Loca4","I'm just worried about Marie. I mean Dr. Colden. Have you had any news?","Я просто хвилююся за Марі. Маю на увазі докторку Колден. У тебе є якісь новини?"
"Retake_M09S02_INT_BradleyAboutColden_Loca5","Retake_M09S02_INT_BradleyAboutColden_Loca5",""
"Retake_M09S02_INT_BradleyAboutColden_Loca6","[Tell the truth]","[Сказати правду]"
"Retake_M09S02_INT_BradleyAboutColden_Loca8","I am sorry Bradley. I could do nothing to save her.","Мені шкода, Бредлі. Я нічого не міг вдіяти, щоб її врятувати."
"Retake_M09S02_INT_BradleyAboutColden_Loca11","What do you mean? What happened?","Що ти маєш на увазі? Що сталося?"
"Retake_M09S02_INT_BradleyAboutColden_Loca12","I'm not sure what happened, but I found her body in the cellars of Riverside.","Я не певен, що саме сталося, але я знайшов її тіло в катакомбах Ріверсайду."
"Retake_M09S02_INT_BradleyAboutColden_Loca13","You're sure that you've got nothing to do with it?","Ти впевнений, що не маєш до цього жодного стосунку?"
"Retake_M09S02_INT_BradleyAboutColden_Loca72","If she hadn't tried to help you, she might still be alive.","Якби вона не намагалася допомогти тобі, можливо, була б і досі жива."
"Retake_M09S02_INT_BradleyAboutColden_Loca17","Retake_M09S02_INT_BradleyAboutColden_Loca17",""
"Retake_M09S02_INT_BradleyAboutColden_Loca7","[Lie]","[Збрехати]"
"Retake_M09S02_INT_BradleyAboutColden_Loca9","I'm sorry, I haven't heard anything from her, but I'm sure she's fine.","Пробач, я нічого про неї не чув, але впевнений, що з нею все гаразд."
"Retake_M09S02_INT_BradleyAboutColden_Loca15","She must be in the hospital or at home.","Мабуть, вона в лікарні або вдома."
"Retake_M09S02_INT_BradleyAboutColden_Loca14","I already checked. She wasn't at home, and no one has seen her in Riverside since you set the cellars on fire.","Я вже перевірив. Вдома її не було, і ніхто не бачив її в Ріверсайді відтоді, як ти підпалив катакомби."
"Retake_M09S02_INT_BradleyAboutColden_Loca16","You know more than you're telling me.","Ти знаєш більше, ніж кажеш мені."
"Retake_M09S02_INT_BradleyAboutColden_Loca19","I'm certainly not as good a detective as the great Edward Pierce, but I still know when someone's lying to me.","Я, звісно, не такий гарний детектив, як «великий Едвард Пірс», проте я бачу, коли мені брешуть."
"Retake_M09S02_INT_BradleyAboutColden_Loca18","Retake_M09S02_INT_BradleyAboutColden_Loca18",""
"Retake_M09S02_INT_BradleyAboutColden_Loca10","I'm sorry. Truly.","Мені шкода. Справді."
"Retake_M09S02_INT_BradleyAboutColden_Loca20","It's that slug Fuller. I swear I'll shoot him.","Це той слизняк Фуллер. Клянуся, я його застрелю."
"Retake_M09S02_INT_BradleyAboutColden_Loca32","What do you say Pierce? Are you with me?","Що скажеш, Пірсе? Ти зі мною?"
"Retake_M09S02_INT_BradleyAboutColden_Loca22","Retake_M09S02_INT_BradleyAboutColden_Loca22",""
"Retake_M09S02_INT_BradleyAboutColden_Loca24","Marie Colden would not have wanted that.","Марі Колден не хотіла б цього."
"Retake_M09S02_INT_BradleyAboutColden_Loca39","Retake_M09S02_INT_BradleyAboutColden_Loca39",""
"Retake_M09S02_INT_BradleyAboutColden_Loca38","You knew her better than me, but don't you think that it would betray your friend's way of thinking?","Ти знав її краще за мене, але хіба це не суперечило б її поглядам?"
"Retake_M09S02_INT_BradleyAboutColden_Loca43","She spent her life saving lives, so wouldn't killing someone in cold blood be contrary to her convictions?","Вона присвятила життя порятунку інших, тож убивство когось у холодній крові суперечило б її переконанням, хіба ні?"
"Retake_M09S02_INT_BradleyAboutColden_Loca44","You're probably right.","Можливо, ти маєш рацію."
"Retake_M09S02_INT_BradleyAboutColden_Loca47","Retake_M09S02_INT_BradleyAboutColden_Loca47",""
"Retake_M09S02_INT_BradleyAboutColden_Loca41","Retake_M09S02_INT_BradleyAboutColden_Loca41",""
"Retake_M09S02_INT_BradleyAboutColden_Loca42","I’m sure Dr. Colden would have wanted you to help fight the cult.","Я впевнений, що докторка Колден хотіла б, щоб ти допомагав боротися з культом."
"Retake_M09S02_INT_BradleyAboutColden_Loca50","Fuller is just a link in the chain. It’s their leader that must be tracked down.","Фуллер - лише ланка в ланцюзі. Їхнього лідера потрібно знайти."
"Retake_M09S02_INT_BradleyAboutColden_Loca51","Marie devoted the last three months fighting against this monster, and it cost her her life.","Марі присвятила останні три місяці боротьбі з цим монстром, і це коштувало їй життя."
"Retake_M09S02_INT_BradleyAboutColden_Loca54","He killed her, Pierce!","Він її вбив, Пірс!"
"Retake_M09S02_INT_BradleyAboutColden_Loca52","Don't presume to understand her motivations when you obviously paid no attention to her crusade.","Ти не зрозумієш її мотиви, якщо ти явно не звертав уваги на її боротьбу."
"Retake_M09S02_INT_BradleyAboutColden_Loca53","Retake_M09S02_INT_BradleyAboutColden_Loca53",""
"Retake_M09S02_INT_BradleyAboutColden_Loca27","The nature of their relationship.","Характер їхніх стосунків."
"Retake_M09S02_INT_BradleyAboutColden_Loca28","You and Dr. Colden were close, from what I saw.","Ви з докторкою Колден були близькими, судячи з того, що я бачив."
"Retake_M09S02_INT_BradleyAboutColden_Loca33","Yes, you can say that. We've known each other for some time now and, let's say, that I was sweet on her the first day I saw her.","Так, можна і так сказати. Ми зналися вже деякий час, і, скажімо так, я закохався в неї з першого дня, як побачив."
"Retake_M09S02_INT_BradleyAboutColden_Loca34","And she shared these feelings?","А вона відповідала тобі взаємністю?"
"Retake_M09S02_INT_BradleyAboutColden_Loca35","I think so, but I'm not sure. We weren't very good at expressing that sort of thing, but we enjoyed spending time together.","Гадаю, так, але не впевнений. Ми не дуже вміли це висловлювати, але нам подобалося проводити час разом."
"Retake_M09S02_INT_BradleyAboutColden_Loca36","In any case, I won't let her death go unpunished.","У будь-якому випадку, я не дозволю, щоб її смерть залишилася безкарною."
"Retake_M09S02_INT_BradleyAboutColden_Loca37","Retake_M09S02_INT_BradleyAboutColden_Loca37",""
"Retake_M09S02_INT_BradleyAboutColden_Loca23","His grief clouds his judgment.","Його скорбота затьмарює йому розум."
"Retake_M09S02_INT_BradleyAboutColden_Loca29","I understand your feelings, Bradley, but I don't think that you're in a state to make such a decision.","Я розумію твої почуття, Бредлі, але не думаю, що ти зараз у стані приймати таке рішення."
"Retake_M09S02_INT_BradleyAboutColden_Loca55","He killed her, Pierce!","Він її вбив, Пірс!"
"Retake_M09S02_INT_BradleyAboutColden_Loca56","I can't do nothing, faced with this situation.","Я нічого не можу зробити в цій ситуації."
"Retake_M09S02_INT_BradleyAboutColden_Loca57","No, Fuller’s crimes won't go unpunished. I give you my word. But, for now, you must keep a cool head.","Ні, злочини Фуллера не залишаться безкарними. Обіцяю. Але зараз ти маєш тримати голову холодною."
"Retake_M09S02_INT_BradleyAboutColden_Loca58","Retake_M09S02_INT_BradleyAboutColden_Loca58",""
"Retake_M09S02_INT_BradleyAboutColden_Loca25","Fuller will pay the price.","Фуллер заплатить за це."
"Retake_M09S02_INT_BradleyAboutColden_Loca59","Fuller has committed too many atrocities. He carried out his experiments on Sarah, on me, and now he has killed Dr. Colden.","Фуллер вчинив надто багато звірств. Він проводив експерименти на Сарі, на мені, а тепер убив докторку Колден."
"Retake_M09S02_INT_BradleyAboutColden_Loca60","He must die.","Він має померти."
"Retake_M09S02_INT_BradleyAboutColden_Loca61","He will suffer the fate he deserves, I promise you. But we must keep a cool head.","Він понесе покарання, якого заслуговує, обіцяю. Але ми повинні стримуватися."
"Retake_M09S02_INT_BradleyAboutColden_Loca62","He's not alone. We must identify his accomplices in order to put an end to their schemes.","Він не один. Ми повинні виявити його спільників, щоб покінчити з їхніми планами."
"Retake_M09S02_INT_BradleyAboutColden_Loca63","If you say so, but I'm only interested in Fuller.","Як скажеш, але мене цікавить лише Фуллер."
"Retake_M09S02_INT_BradleyAboutColden_Loca64","Retake_M09S02_INT_BradleyAboutColden_Loca64",""
"Retake_M09S02_INT_BradleyAboutColden_Loca26","It is not for us to decide.","Це не нам вирішувати."
"Retake_M09S02_INT_BradleyAboutColden_Loca65","Fuller is a monster. We agree on that. But we are neither judge nor executioner.","Фуллер — монстр. З цим ми погоджуємося. Але ми не судді і не кати."
"Retake_M09S02_INT_BradleyAboutColden_Loca66","You are a police officer! The man must be arrested and brought to justice. It's for the judge to decide his fate.","Ти ж поліцейський! Цю людину треба арештувати і притягнути до правосуддя. Суддя має вирішувати її долю."
"Retake_M09S02_INT_BradleyAboutColden_Loca67","And risk that he gets away scot-free? No. Not while I have something to say about it!","І ризикувати, що він уникне покарання? Ні. Допоки я «кілька слів»!"
"Retake_M09S02_INT_BradleyAboutColden_Loca68","You really intend to shoot him down in cold blood?","Ти справді вб'єш його холоднокровно?"
"Retake_M09S02_INT_BradleyAboutColden_Loca69","If that's what it takes.","Якщо це необхідно."
"Retake_M09S02_INT_BradleyAboutColden_Loca70","And have you thought of the consequences?","А ти подумав про наслідки?"
"Retake_M09S02_INT_BradleyAboutColden_Loca71","I don't give give two hoots for the consequences.","Мені начхати на наслідки."
"Retake_M09S02_INT_BradleyAboutColden_Loca49","Retake_M09S02_INT_BradleyAboutColden_Loca49",""
"Retake_M09S02_INT_BradleyAboutColden_Loca74","Fuller's destiny will catch up with him.","Доля Фуллера наздожене його."
"Retake_M09S02_INT_BradleyAboutColden_Loca75","Have no fear, Bradley. Dr. Fuller will not escape the clutches of destiny for long.","Не бійся, Бредлі. Доктор Фуллер не уникне своєї «долі»."
"Retake_M09S02_INT_BradleyAboutColden_Loca76","Sooner or later, he will be judged for what he has done. You just need to have faith.","Рано чи пізно він відповість за скоєне. Просто треба вірити."
"Retake_M09S02_INT_BradleyAboutColden_Loca77","What are you talking about? What's this story of destiny?","Про що ти говориш? Що це за історія про «долю»?"
"Retake_M09S02_INT_BradleyAboutColden_Loca78","No, I'm sorry! I'm not going to wait for some mystical intervention. I'll take care of him, myself!","Е, ні, звиняй! Я не збираюся чекати на якусь «містичну інтервенцію». Я сам з ним розберусь!"
"Retake_M09S02_INT_BradleyAboutColden_Loca79","Retake_M09S02_INT_BradleyAboutColden_Loca79",""
"Retake_M09S02_INT_BradleyAboutColden_Loca21","We must do something for those who are still alive, Bradley.","Ми повинні щось зробити для тих, хто ще живий, Бредлі."
"Retake_M09S02_INT_BradleyAboutColden_Loca45","Sarah is still in danger as long as the cult is active.","Сара досі в небезпеці, поки культ активний."
"Retake_M09S02_INT_BradleyAboutColden_Loca48","We must see this through to the end. Otherwise Marie's death will have been in vain.","Ми мусимо довести це до кінця. Інакше смерть Марі буде марною."
"Retake_M09S02_INT_BradleyAboutColden_Loca46","You are the voice of reason, Pierce. As always.","Ти — голос розуму, Пірс. Як завжди."
"Retake_M09S02_INT_Drake_AboutAmulet_Loca1","Retake_M09S02_INT_Drake_AboutAmulet_Loca1",""
"Retake_M09S02_INT_Drake_AboutAmulet_Loca37","Retake_M09S02_INT_Drake_AboutAmulet_Loca37",""
"Retake_M09S02_INT_Drake_AboutAmulet_Loca38","It's you again.","Знову ти."
"Retake_M09S02_INT_Drake_AboutAmulet_Loca39","Retake_M09S02_INT_Drake_AboutAmulet_Loca39",""
"Retake_M09S02_INT_Drake_AboutAmulet_Loca17","Retake_M09S02_INT_Drake_AboutAmulet_Loca17",""
"Retake_M09S02_INT_Drake_AboutAmulet_Loca18","Ah, Pierce. A timely appearance!","А, Пірс. Якраз вчасно з'явився!"
"Retake_M09S02_INT_Drake_AboutAmulet_Loca19","You might be able to make yourself useful.","Можливо, ти зможеш стати в нагоді."
"Retake_M09S02_INT_Drake_AboutAmulet_Loca20","Retake_M09S02_INT_Drake_AboutAmulet_Loca20",""
"Retake_M09S02_INT_Drake_AboutAmulet_Loca29","Retake_M09S02_INT_Drake_AboutAmulet_Loca29",""
"Retake_M09S02_INT_Drake_AboutAmulet_Loca31","Seeing you again… It's you.","Знову тебе бачу… Це ти."
"Retake_M09S02_INT_Drake_AboutAmulet_Loca33","I’m here for her. Not you.","Я прийшов за нею. Не за тобою."
"Retake_M09S02_INT_Drake_AboutAmulet_Loca30","I don't care why you're here. Your usefulness is the only thing that matters.","Мені байдуже, чому ти тут. Важлива лише твоя користь."
"Retake_M09S02_INT_Drake_AboutAmulet_Loca32","Retake_M09S02_INT_Drake_AboutAmulet_Loca32",""
"Retake_M09S02_INT_Drake_AboutAmulet_Loca3","How do we protect Mrs Hawkins from the influence of the forces that claim her?","Як захистити пані Гокінс від впливу сил, що її забирають?"
"Retake_M09S02_INT_Drake_AboutAmulet_Loca41","By following Hawkins, that imbecile of a thief, of course.","Слідкуючи за Гокінсом, тим ідіотом-злодюгою, звісно."
"Retake_M09S02_INT_Drake_AboutAmulet_Loca42","What do you mean?","Що ти маєш на увазі?"
"Retake_M09S02_INT_Drake_AboutAmulet_Loca43","He found something. An amulet. The symbol engraved on it could protect Sarah.","Він знайшов щось. Амулет. Символ, вигравіруваний на ньому, міг би захистити Сару."
"Retake_M09S02_INT_Drake_AboutAmulet_Loca103","Could?","Міг би?"
"Retake_M09S02_INT_Drake_AboutAmulet_Loca44","We are dealing with forces that by far surpass what your intellect can process.","Ми маємо справу з силами, які значно перевищують те, що може сприйняти твій розум."
"Retake_M09S02_INT_Drake_AboutAmulet_Loca104","Feel free to ask me any question regarding the matters that exceed your grasp.","Не соромся ставити мені питання щодо того, що виходить за межі твого розуміння."
"Retake_M09S02_INT_Drake_AboutAmulet_Loca4","Retake_M09S02_INT_Drake_AboutAmulet_Loca4",""
"Retake_M09S02_INT_Drake_AboutAmulet_Loca5","He sold the dagger to Sanders.","Він продав кинджал Сандерсу."
"Retake_M09S02_INT_Drake_AboutAmulet_Loca13","The dagger with the strange sign... Was it you who sold it to Francis Sanders?","Кинджал зі дивним знаком... Це ти продав його Франсісу Сандерсу?"
"Retake_M09S02_INT_Drake_AboutAmulet_Loca45","If you are referring to the dagger of the Ancients, then yes it was me. Why?","Якщо ти маєш на увазі кинджал «Стародавніх», то так, це був я. І що?"
"Retake_M09S02_INT_Drake_AboutAmulet_Loca46","Do you know what he intended to do with it?","Ти знаєш, навіщо він йому був потрібен?"
"Retake_M09S02_INT_Drake_AboutAmulet_Loca47","Francis was primarily a collector of occult objects. He liked rare items such as the dagger, but I doubt he knew its purpose.","Френсіс передусім був колекціонером окультних предметів. Він полюбляв рідкісні речі, як-от цей кинджал, але сумніваюся, що він знав його справжнє призначення."
"Retake_M09S02_INT_Drake_AboutAmulet_Loca48","It allowed me to send the creature you call ""Shambler"" back into the painting.","Він дозволив мені повернути створіння, яке ти називаєш «Блукачем», назад у картину."
"Retake_M09S02_INT_Drake_AboutAmulet_Loca49","Fascinating... But I am afraid that this might only be short-lived.","Цікаво... Але боюся, що це ненадовго."
"Retake_M09S02_INT_Drake_AboutAmulet_Loca50","You mean that… thing could come back?","Ти хочеш сказати, що... ця штука може повернутися?"
"Retake_M09S02_INT_Drake_AboutAmulet_Loca51","Yes that is why I am looking for a more... permanent solution.","Так, саме тому я шукаю більш... остаточне рішення."
"Retake_M09S02_INT_Drake_AboutAmulet_Loca52","It must never come back.","Воно не повинно більше ніколи повернутися."
"Retake_M09S02_INT_Drake_AboutAmulet_Loca53","Retake_M09S02_INT_Drake_AboutAmulet_Loca53",""
"Retake_M09S02_INT_Drake_AboutAmulet_Loca7","A Dimensional Shambler?","Міжвимірний Блукач?"
"Retake_M09S02_INT_Drake_AboutAmulet_Loca14","This creature... the "" Shambler""... What is it?","Ця істота... «Блукач»... Що воно таке?"
"Retake_M09S02_INT_Drake_AboutAmulet_Loca60","It is a hunter. It travels from one dimension to another to hunt down its prey.","Це мисливець. Воно мандрує між вимірами, щоб вистежувати свою здобич."
"Retake_M09S02_INT_Drake_AboutAmulet_Loca64","And Francis Sanders was one of its victims...","І Френсіс Сандерс став однією з його жертв..."
"Retake_M09S02_INT_Drake_AboutAmulet_Loca61","How could a creature like that end up in one of Mrs Hawkins' paintings?","Як таке створіння могло опинитися в одній із картин місіс Гокінс?"
"Retake_M09S02_INT_Drake_AboutAmulet_Loca62","Sarah has an uncommon gift: a ""connection"" with entities that live beyond our reality.","У Сари рідкісний дар: «зв’язок» із сутностями, що мешкають поза нашою реальністю."
"Retake_M09S02_INT_Drake_AboutAmulet_Loca63","I doubt that she was aware at the time, but when she painted the picture, in a certain way, she called it.","Сумніваюся, що вона усвідомлювала це тоді, але коли вона намалювала картину, певним чином вона його покликала."
"Retake_M09S02_INT_Drake_AboutAmulet_Loca65","And now, it remains in our reality?","І тепер воно залишилося в нашій реальності?"
"Retake_M09S02_INT_Drake_AboutAmulet_Loca66","Let us say that it uses the painting as a portal into our reality, and we make enticing prey for it.","Скажімо так: воно використовує картину як портал у наш світ, а ми для нього — принадна здобич."
"Retake_M09S02_INT_Drake_AboutAmulet_Loca67","That's why we must find a way of sending it back permanently to where it came from.","Тому ми повинні знайти спосіб відправити його назад назавжди, туди, звідки воно прийшло."
"Retake_M09S02_INT_Drake_AboutAmulet_Loca69","Retake_M09S02_INT_Drake_AboutAmulet_Loca69",""
"Retake_M09S02_INT_Drake_AboutAmulet_Loca9","He must have a plan to get rid of it.","Він напевно має план, як його позбутися."
"Retake_M09S02_INT_Drake_AboutAmulet_Loca10","A genius like you must already have found a way to get rid of this creature, yes?","Такий геній, як ти, напевно вже придумав, як позбутися цієї потвори, так?"
"Retake_M09S02_INT_Drake_AboutAmulet_Loca70","I sense your sarcasm, but it does happen that, yes, I do have a solution.","Чую твій сарказм, але так, співпало, що в мене є рішення."
"Retake_M09S02_INT_Drake_AboutAmulet_Loca71","I think I can destroy it, but for that I must approach the creature and, to be able to do so, I need the key to R'lyeh.","Думаю, я зможу його знищити, але для цього мушу наблизитися до створіння, а щоб це зробити — потрібен «ключ до Р’льєху»."
"Retake_M09S02_INT_Drake_AboutAmulet_Loca21","The acclaimed amulet you spoke about?","Той самий амулет, про який ти казав?"
"Retake_M09S02_INT_Drake_AboutAmulet_Loca73","That is, indeed, correct.","Так, усе правильно."
"Retake_M09S02_INT_Drake_AboutAmulet_Loca72","Another one of your baubles?","Ще одна з твоїх цяцьок?"
"Retake_M09S02_INT_Drake_AboutAmulet_Loca22","It is no ""bauble"", unbeliever! It is a very powerful protection, able to repel very ancient forces. Much more effective than your ""Colt"".","Це не «цяцька», невіруючий! Це потужний захист, здатний відганяти дуже давні сили. Значно ефективніший за твій «Colt»."
"Retake_M09S02_INT_Drake_AboutAmulet_Loca76","What does it look like?","Як він виглядає?"
"Retake_M09S02_INT_Drake_AboutAmulet_Loca77","It is a golden amulet, bearing very ancient inscriptions and an Elder Sign at its center. A star with an eye in the middle.","Це золотий амулет із дуже давніми написами й «Знаком Старійшини» у центрі. Зірка з оком посередині."
"Retake_M09S02_INT_Drake_AboutAmulet_Loca23","I have already seen this sign. And where can we find it?","Я вже бачив цей знак. І де ми його знайдемо?"
"Retake_M09S02_INT_Drake_AboutAmulet_Loca24","Therein lies the problem. That foul thief, Charles, has hidden it somewhere.","Ось у чому проблема. Цей гнилий злодій Чарльз десь його сховав."
"Retake_M09S02_INT_Drake_AboutAmulet_Loca27","I found this drawing among his personal effects. I think that it as something to do with the location of the amulet.","Я знайшов цей малюнок серед його речей. Думаю, він якось пов’язаний із місцем, де заховано амулет."
"Retake_M09S02_INT_Drake_AboutAmulet_Loca74","I'll try to follow this lead, you continue searching.","Я спробую піти цим слідом, а ти продовжуй пошуки."
"Retake_M09S02_INT_Drake_AboutAmulet_Loca75","That is what I intended to do and, as for you, return it the second you find it. I don't want it to ""disappear"" again.","Саме так я й збирався зробити. А ти — поверни його відразу, щойно знайдеш. Я не хочу, щоб він «зник» знову."
"Retake_M09S02_INT_Drake_AboutAmulet_Loca94","You own a very powerful book.","У тебе є дуже потужна книга."
"Retake_M09S02_INT_Drake_AboutAmulet_Loca96","What is the true nature of the Necronomicon?","Яка справжня сутність Некрономікону?"
"Retake_M09S02_INT_Drake_AboutAmulet_Loca97","Ah, I see that you are interested in my precious book.","А, бачу, тебе зацікавила моя коштовна книга."
"Retake_M09S02_INT_Drake_AboutAmulet_Loca100","It is the definitive book of knowledge of the occult, Mr Pierce, written by Abdul Alhazred. It is the answer to many a question.","Це головна книга знань про окультизм, містер Пірс, написана Абдулом Альхазредом. Вона дає відповіді на безліч питань."
"Retake_M09S02_INT_Drake_AboutAmulet_Loca101","So that is why it is so highly valued.","Ось чому вона така цінна."
"Retake_M09S02_INT_Drake_AboutAmulet_Loca98","Yes, and even though it is a copy, given to me as a gift by Professor Armitage of Miskatonic University, the work remains very powerful.","Так, і хоча це лише копія, подарована мені професором Армітеджем із Міскатонікського університету, сила твору не менша."
"Retake_M09S02_INT_Drake_AboutAmulet_Loca99","I understand better why you keep it in a safe.","Тепер зрозуміло, чому ти зберігаєш її в сейфі."
"Retake_M09S02_INT_Drake_AboutAmulet_Loca102","Retake_M09S02_INT_Drake_AboutAmulet_Loca102",""
"Retake_M09S02_INT_Drake_AboutAmulet_Loca28","The cult worships a certain Cthulhu.","Культ поклоняється певному Ктулгу"
"Retake_M09S02_INT_Drake_AboutAmulet_Loca82","Mrs Hawkins mentioned that they worshiped some sort of deity... Something like Cthulhu. Does that mean anything to you?","Місіс Гокінс згадувала, що вони поклоняються якійсь божественній істоті... Щось на кшталт Ктулгу. Це тобі про щось говорить?"
"Retake_M09S02_INT_Drake_AboutAmulet_Loca83","By the heavens! Did you say Cthulhu?","Святі небеса! Ти сказав — Ктулгу?"
"Retake_M09S02_INT_Drake_AboutAmulet_Loca84","Yes, why? Is he that well known?","Так, а що? Він настільки відомий?"
"Retake_M09S02_INT_Drake_AboutAmulet_Loca85","He asks me if he is known…","Він питає мене, чи він відомий..."
"Retake_M09S02_INT_Drake_AboutAmulet_Loca86","Who is he?","То хто він такий?"
"Retake_M09S02_INT_Drake_AboutAmulet_Loca87","Nothing less than a cosmic god. One of the Great Old Ones. The worst. Humanity is nothing more than a vulgar insect to it.","Ніхто інший, як космічний бог. Один із Старших Богів. Найстрашніший. Для нього людство — не більше ніж жалюгідна комаха."
"Retake_M09S02_INT_Drake_AboutAmulet_Loca88","And what would happen if the cult managed to wake him up?","І що буде, якщо культ зуміє його пробудити?"
"Retake_M09S02_INT_Drake_AboutAmulet_Loca89","Chaos, destruction, the end of everything. That must not happen,Mr Pierce. Under no circumstances!","Хаос, руйнування, кінець усього. Цього не можна допустити, містере Пірс. За жодних обставин!"
"Retake_M09S02_INT_Drake_AboutAmulet_Loca90","Please tell me there is a way to stop this cult?","Будь ласка, скажи мені, що є спосіб зупинити цей культ?"
"Retake_M09S02_INT_Drake_AboutAmulet_Loca91","Maybe, yes. The key to R'lyeh could help us. Let me think about it.","Можливо, так. «Ключ до Р’льєху» може нам допомогти. Дай мені подумати."
"Retake_M09S02_INT_Drake_AboutAmulet_Loca93","Understood.","Зрозуміло."
"Retake_M09S02_INT_Drake_AboutAmulet_Loca92","Retake_M09S02_INT_Drake_AboutAmulet_Loca92",""
"Retake_M09S02_INT_Drake_AboutAmulet_Loca11","[Give the amulet]","[Віддати амулет]"
"Retake_M09S02_INT_Drake_AboutAmulet_Loca15","I think I've found what you were looking for.","Здається, я знайшов те, що ти шукав."
"Retake_M09S02_INT_Drake_AboutAmulet_Loca78","Let me see that!","Дай-но гляну!"
"Retake_M09S02_INT_Drake_AboutAmulet_Loca79","Yes, that's it. It's perfect! We are saved.","Так, це він. Ідеально! Ми врятовані."
"Retake_M09S02_INT_Drake_AboutAmulet_Loca80","I must tell Mrs Hawkins.","Я повинен повідомити місіс Гокінс."
"Retake_M09S02_INT_Drake_AboutAmulet_Loca81","Yes, do that...","Так, повідом..."
"Retake_M09S02_INT_Drake_AboutAmulet_Loca12","[Leave]","[Піти]"
"Retake_M09S02_INT_Drake_AboutAmulet_Loca16","That's all I wanted to know.","Це все, що я хотів дізнатися."
"Retake_M09S02_INT_Drake_AboutAmulet_Loca40","All in good time.","На все свій час."
"Retake_M09S02_INT_GlassOfWhisky_Loca1","Retake_M09S02_INT_GlassOfWhisky_Loca1",""
"Retake_M09S02_INT_GlassOfWhisky_Loca24","Retake_M09S02_INT_GlassOfWhisky_Loca24",""
"Retake_M09S02_INT_GlassOfWhisky_Loca25","Retake_M09S02_INT_GlassOfWhisky_Loca25",""
"Retake_M09S02_INT_GlassOfWhisky_Loca26","Retake_M09S02_INT_GlassOfWhisky_Loca26",""
"Retake_M09S02_INT_GlassOfWhisky_Loca3","Retake_M09S02_INT_GlassOfWhisky_Loca3",""
"Retake_M09S02_INT_GlassOfWhisky_Loca4","[Have a drink]","[Випити]"
"Retake_M09S02_INT_GlassOfWhisky_Loca5","[Don't drink]","[Не пити]"
"Retake_M09S02_INT_GlassOfWhisky_Loca9","Retake_M09S02_INT_GlassOfWhisky_Loca9",""
"Retake_M09S02_INT_GlassOfWhisky_Loca10","[Have a drink]","[Випити]"
"Retake_M09S02_INT_GlassOfWhisky_Loca12","[Don't drink]","[Не пити]"
"Retake_M09S02_INT_GlassOfWhisky_Loca16","Retake_M09S02_INT_GlassOfWhisky_Loca16",""
"Retake_M09S02_INT_GlassOfWhisky_Loca17","[Have a drink]","[Випити]"
"Retake_M09S02_INT_GlassOfWhisky_Loca19","[Don't drink]","[Не пити]"
"Retake_M09S02_INT_LeviathanJ1_Loca1","Retake_M09S02_INT_LeviathanJ1_Loca1",""
"Retake_M09S02_INT_LeviathanJ1_Loca2","(Pierce tries to speak, fight, camera must move or shake)",""
"Retake_M09S02_INT_LeviathanJ1_Loca3","Do not struggle.","Не пручайся."
"Retake_M09S02_INT_LeviathanJ1_Loca4","You will not be able to speak or escape my influence.","Тобі не вдасться ані заговорити, ані втекти від мого впливу."
"Retake_M09S02_INT_LeviathanJ1_Loca5","Retake_M09S02_INT_LeviathanJ1_Loca5",""
"Retake_M09S02_INT_LeviathanJ1_Loca6","[Struggle]","[Боротися]"
"Retake_M09S02_INT_LeviathanJ1_Loca7","(As Pierce tries to struggle, we hear a loud sound)",""
"Retake_M09S02_INT_LeviathanJ1_Loca8","I told you to behave.","Я ж сказав: слухайся."
"Retake_M09S02_INT_LeviathanJ1_Loca9","Retake_M09S02_INT_LeviathanJ1_Loca9",""
"Retake_M09S02_INT_LeviathanJ1_Loca10","[Try to speak]","[Спробувати говорити]"
"Retake_M09S02_INT_LeviathanJ1_Loca11","Retake_M09S02_INT_LeviathanJ1_Loca11",""
"Retake_M09S02_INT_LeviathanJ1_Loca12","[Submit]","[Підкоритися]"
"Retake_M09S02_INT_LeviathanJ1_Loca13","Excellent. Your mind has begun to expand.","Відмінно. Твій розум почав розширюватися."
"Retake_M09S02_INT_LeviathanJ1_Loca14","Your dreams have been gently shepherded by the being they call the Oracle.","Твої сни лагідно скеровував той, кого вони звуть Оракулом."
"Retake_M09S02_INT_LeviathanJ1_Loca15","But it is your curiosity and your fate that have led you up to this moment.","Але саме твоя цікавість і твоя доля привели тебе сюди."
"Retake_M09S02_INT_LeviathanJ1_Loca16","Retake_M09S02_INT_LeviathanJ1_Loca16",""
"Retake_M09S02_INT_LeviathanJ1_Loca17","You are here to accept the knowledge and follow the path that leads to your freedom.","Ти тут, аби прийняти знання й піти шляхом, що веде до твоєї свободи."
"Retake_M09S02_INT_LeviathanJ1_Loca18","This is an offer that the likes of you, particularly those with such rare characteristics, cannot refuse.","Це пропозиція, від якої подібні до тебе — особливо такі рідкісні, — не можуть відмовитися."
"Retake_M09S02_INT_LeviathanJ1_Loca19","The more you bend your human spirit to make it able to receive the Truth, the closer you will come to embrace his power.","Чим більше ти гнітитимеш свій людський дух, щоби прийняти Істину, тим ближче ти до осягнення Його сили."
"Retake_M09S02_INT_LeviathanJ1_Loca20","Where is the Oracle, truth seeker? Would you like to see her?","Де Оракул, шукачу істини? Бажаєш її побачити?"
"Retake_M09S02_INT_LeviathanJ1_Loca21","Retake_M09S02_INT_LeviathanJ1_Loca21",""
"Retake_M09S02_INT_LeviathanJ1_Loca22","[Accept the knowledge]","[Прийняти знання]"
"Retake_M09S02_INT_LeviathanJ1_Loca23","Where is the Oracle?","Де Оракул?"
"Retake_M09S02_INT_LeviathanJ1_Loca24","Is she not the very object of your quest?","Чи не вона — мета твого шляху?"
"Retake_M09S02_INT_LeviathanJ1_Loca25","I'll let you see for yourself. But do not forget.","Я дозволю тобі побачити самому. Але не забувай."
"Retake_M09S02_INT_LeviathanJ1_Loca26","Your fate has already been written.","Твоя доля вже передбачена."
"Retake_M09S02_INT_LeviathanJ1_Loca27","Retake_M09S02_INT_LeviathanJ1_Loca27",""
"Retake_M09S02_INT_LeviathanJ1_Loca28","[Refuse the knowledge]","[Відмовитися від знання]"
"Retake_M09S02_INT_LeviathanJ1_Loca29","Your mind must open itself willingly, or the Truth will immediatly shattered it.","Твій розум має відкритися добровільно, інакше Істина одразу його зламає."
"Retake_M09S02_INT_LeviathanJ1_Loca30","Retake_M09S02_INT_LeviathanJ1_Loca30",""
"Retake_M09S02_INT_LeviathanJ1_Loca31","Our paths shall cross again, truth seeker.","Наші шляхи ще перетнуться, шукачу істини."
"Retake_M09S02_INT_LeviathanSarah_Loca1","Retake_M09S02_INT_LeviathanSarah_Loca1",""
"Retake_M09S02_INT_LeviathanSarah_Loca2","I am the one men named ""Leviathan"".","Я той, кого люди назвали «Левіафан»"
"Retake_M09S02_INT_LeviathanSarah_Loca3","Not because of the scale of my terrestrial form, but as a reminder of the immensity of my knowledge.","Не через величину моєї земної форми, а як нагадування про безмежність мого знання."
"Retake_M09S02_INT_LeviathanSarah_Loca4","Which I came to share with you, human.","Я прийшов поділитися ним із тобою, людино."
"Retake_M09S02_INT_R2_Start_Loca1","Retake_M09S02_INT_R2_Start_Loca1",""
"Retake_M09S02_INT_R2_Start_Loca2","Wow!","Ого!"
"Retake_M09S02_INT_SarahEndLevel_Loca1","Retake_M09S02_INT_SarahEndLevel_Loca1",""
"Retake_M09S02_INT_SarahEndLevel_Loca2","I have it. It's a strange amulet.","Він у мене. Дивний амулет."
"Retake_M09S02_INT_SarahEndLevel_Loca36","I hope it will protect you.","Сподіваюся, він захистить тебе."
"Retake_M09S02_INT_SarahEndLevel_Loca38","Considering that nothing will help you change your mind...","Враховуючи, що тебе вже нічого не змусить передумати..."
"Retake_M09S02_INT_SarahEndLevel_Loca37","You must undestand. I already went to far.","Ти маєш зрозуміти. Я зайшла надто далеко."
"Retake_M09S02_INT_SarahEndLevel_Loca7","What have you seen that's so terrible you convinced yourself that you had to risk so much?","Що ти побачила такого жахливого, що вирішила так ризикувати?"
"Retake_M09S02_INT_SarahEndLevel_Loca8","I can't tell you now.","Не можу сказати тобі зараз."
"Retake_M09S02_INT_SarahEndLevel_Loca13","This story is going to end badly.","Ця історія скінчиться погано."
"Retake_M09S02_INT_SarahHawkins_Loca1","Retake_M09S02_INT_SarahHawkins_Loca1",""
"Retake_M09S02_INT_SarahHawkins_Loca2","You seem different.","Ти виглядаєш інакше."
"Retake_M09S02_INT_SarahHawkins_Loca3","Yes. When I woke up this morning, my mind was sharper. Cleaner.","Так. Коли я прокинулася сьогодні зранку, мій розум був ясніший. Чистіший."
"Retake_M09S02_INT_SarahHawkins_Loca4","I can still hear the voice, calling me.","Я все ще чую голос, який кличе мене."
"Retake_M09S02_INT_SarahHawkins_Loca5","It is so strong, so ancient. Enticing. Dangerous.","Він такий сильний, такий давній. Спокусливий. Небезпечний."
"Retake_M09S02_INT_SarahHawkins_Loca6","I may never be able to escape his grip, but for now I can keep it at bay.","Можливо, я ніколи не зможу вирватися з його лап, але зараз я можу тримати його на відстані."
"Retake_M09S02_INT_SarahHawkins_Loca7","I know what I owe you, Mr Pierce.","Я знаю, чим тобі зобов’язана, містере Пірс."
"Retake_M09S02_INT_SarahHawkins_Loca8","But I can’t come back to Boston with you.","Але я не можу повернутися з тобою до Бостона."
"Retake_M09S02_INT_SarahHawkins_Loca9","Retake_M09S02_INT_SarahHawkins_Loca9",""
"Retake_M09S02_INT_SarahHawkins_Loca10","It's because of the Wanderer!","Все через Блукача!"
"Retake_M09S02_INT_SarahHawkins_Loca11","You want to hunt it! The thing that hides in your painting.","Ти хочеш його вполювати! Ту істоту, що ховається у твоїй картині."
"Retake_M09S02_INT_SarahHawkins_Loca12","Where? Where did you saw it?","Де? Де ти його бачив?"
"Retake_M09S02_INT_SarahHawkins_Loca13","In the basement of Riverside Institute.","У підвалі Інституту Ріверсайд."
"Retake_M09S02_INT_SarahHawkins_Loca14","I met Francis Sanders just there before his death.","Я зустрів там Френсіса Сандерса перед його смертю."
"Retake_M09S02_INT_SarahHawkins_Loca15","So, he met his fate. You understand, right?","Тож він зустрів свою долю. Ти ж розумієш, правда?"
"Retake_M09S02_INT_SarahHawkins_Loca16","Retake_M09S02_INT_SarahHawkins_Loca16",""
"Retake_M09S02_INT_SarahHawkins_Loca17","Charles Hawkins is dead.","Чарльз Гокінс мертвий."
"Retake_M09S02_INT_SarahHawkins_Loca18","There is nothing left for you on Darkwater.","У Дарквотері тебе більше нічого не тримає."
"Retake_M09S02_INT_SarahHawkins_Loca19","Except my sins.","Окрім моїх гріхів."
"Retake_M09S02_INT_SarahHawkins_Loca20","We all know you are not responsible of the actions of your husband.","Ми всі знаємо, що ти не винна у вчинках свого чоловіка."
"Retake_M09S02_INT_SarahHawkins_Loca21","And what about the Wanderer?","А як щодо Блукача?"
"Retake_M09S02_INT_SarahHawkins_Loca22","The creature who killed Francis Sanders?","Істоти, що вбила Френсіса Сандерса?"
"Retake_M09S02_INT_SarahHawkins_Loca23","Retake_M09S02_INT_SarahHawkins_Loca23",""
"Retake_M09S02_INT_SarahHawkins_Loca24","There is a Cult on Darkwater.","У Дарквотері діє якийсь культ."
"Retake_M09S02_INT_SarahHawkins_Loca25","I saw everything: the tunnels under your house, the rituals, the secret society.","Я бачив усе: тунелі під твоїм будинком, ритуали, таємне братство."
"Retake_M09S02_INT_SarahHawkins_Loca26","I must get you out of its reach.","Я мушу забрати тебе подалі від них."
"Retake_M09S02_INT_SarahHawkins_Loca27","I know how dangerous they can be to me.","Я знаю, наскільки вони небезпечні для мене."
"Retake_M09S02_INT_SarahHawkins_Loca28","But first, there is the Wanderer.","Але спершу — Блукач."
"Retake_M09S02_INT_SarahHawkins_Loca29","Retake_M09S02_INT_SarahHawkins_Loca29",""
"Retake_M09S02_INT_SarahHawkins_Loca30","You and Drake are up to something.","Ти і Дрейк щось задумали."
"Retake_M09S02_INT_SarahHawkins_Loca31","You have been friends for a long time.","Ви вже давно друзі."
"Retake_M09S02_INT_SarahHawkins_Loca32","Hiding each others secrets.","Приховуєте секрети одне одного."
"Retake_M09S02_INT_SarahHawkins_Loca33","I trust him.","Я йому довіряю."
"Retake_M09S02_INT_SarahHawkins_Loca34","What are you planning to do?","Що ти збираєшся робити?"
"Retake_M09S02_INT_SarahHawkins_Loca35","Retake_M09S02_INT_SarahHawkins_Loca35",""
"Retake_M09S02_INT_SarahHawkins_Loca38","You feel guilty.","Ти почуваєшся винною."
"Retake_M09S02_INT_SarahHawkins_Loca39","Why do you think you are responsible for everything that has happened?","Чому ти думаєш, що винна у всьому, що сталося?"
"Retake_M09S02_INT_SarahHawkins_Loca40","Because I am.","Бо я винна."
"Retake_M09S02_INT_SarahHawkins_Loca41","I am the one who read the Forbidden Book.","Це я прочитала Заборонену Книгу."
"Retake_M09S02_INT_SarahHawkins_Loca42","I am the one who painted the creature.","Це я намалювала цю істоту."
"Retake_M09S02_INT_SarahHawkins_Loca43","Retake_M09S02_INT_SarahHawkins_Loca43",""
"Retake_M09S02_INT_SarahHawkins_Loca44","I must find it and kill it.","Я мушу знайти її і знищити."
"Retake_M09S02_INT_SarahHawkins_Loca45","I am the only one who can end its slaughter.","Я єдина, хто може припинити цю бійню."
"Retake_M09S02_INT_SarahHawkins_Loca46","No. You will come with me to Boston.","Ні. Ти повернешся зі мною до Бостона."
"Retake_M09S02_INT_SarahHawkins_Loca47","I owe you no obedience.","Я тобі нічого не винна."
"Retake_M09S02_INT_SarahHawkins_Loca48","This is not about what you want or don’t want to do!","Йдеться не про те, чого ти хочеш чи не хочеш!"
"Retake_M09S02_INT_SarahHawkins_Loca49","You would risk destroying the world just because you can’t face the consequences of your actions.","Ти готова зруйнувати цілий світ тільки тому, що не можеш змиритися з наслідками своїх учинків."
"Retake_M09S02_INT_SarahHawkins_Loca50","I am willing to atone for my sins!","Я готова спокутувати свої гріхи!"
"Retake_M09S02_INT_SarahHawkins_Loca51","No!  You're trying to erase all proof of the mistakes you've made.","Ні! Ти просто намагаєшся знищити всі докази своїх помилок."
"Retake_M09S02_INT_SarahHawkins_Loca52","I know what I have done!","Я знаю, що накоїла!"
"Retake_M09S02_INT_SarahHawkins_Loca53","I will not rest until the creature is sent back to its dimension!","Я не заспокоюся, доки істота не повернеться у свій вимір!"
"Retake_M09S02_INT_SarahHawkins_Loca54","Retake_M09S02_INT_SarahHawkins_Loca54",""
"Retake_M09S02_INT_SarahHawkins_Loca55","So we all die.","Тож, ми всі загинемо."
"Retake_M09S02_INT_SarahHawkins_Loca56","You will get us all killed.","Ти приречеш нас усіх."
"Retake_M09S02_INT_SarahHawkins_Loca57","Listen.","Послухай."
"Retake_M09S02_INT_SarahHawkins_Loca58","Retake_M09S02_INT_SarahHawkins_Loca58",""
"Retake_M09S02_INT_SarahHawkins_Loca59","I get it.","Я зрозумів."
"Retake_M09S02_INT_SarahHawkins_Loca60","You can’t give up, even knowing the stakes.","Ти не відступиш, навіть знаючи, чим це загрожує."
"Retake_M09S02_INT_SarahHawkins_Loca61","Yes, Thank you.","Так. Дякую тобі."
"Retake_M09S02_INT_SarahHawkins_Loca62","Still, I won’t let you go.","Але я не відпущу тебе."
"Retake_M09S02_INT_SarahHawkins_Loca63","What?","Що?"
"Retake_M09S02_INT_SarahHawkins_Loca64","You will stay here until I find a safe way to return to Boston.","Ти залишишся тут, поки я не знайду безпечний спосіб повернутися до Бостона."
"Retake_M09S02_INT_SarahHawkins_Loca65","That’s ridiculous! Listen.","Це безглуздо! Послухай."
"Retake_M09S02_INT_SarahHawkins_Loca66","Retake_M09S02_INT_SarahHawkins_Loca66",""
"Retake_M09S02_INT_SarahHawkins_Loca67","There must be a way to fight it.","Має бути спосіб боротися з цим."
"Retake_M09S02_INT_SarahHawkins_Loca68","You’ve recovered from yesterday’s condition.","Схоже, ти вже оговталась після вчорашнього."
"Retake_M09S02_INT_SarahHawkins_Loca69","That must mean you can fight it.","Можливо, ти зможеш боротися."
"Retake_M09S02_INT_SarahHawkins_Loca70","We must find something to stop you from relapsing.","Ми мусимо знайти спосіб, щоб ти знову не зірвалася."
"Retake_M09S02_INT_SarahHawkins_Loca71","Retake_M09S02_INT_SarahHawkins_Loca71",""
"Retake_M09S02_INT_SarahHawkins_Loca72","Algernon knows of a way to protect me.","Алджернон знає, як мене захистити."
"Retake_M09S02_INT_SarahHawkins_Loca73","Help him find what he seeks and we may all survive this battle.","Допоможи йому знайти те, що він шукає, — і ми всі переживемо цю битву."
"Retake_M09S02_INT_SarahHawkins_Loca74","Doesn’t seem like I have much choice.","Схоже, у мене немає вибору."
"Retake_M09S02_INT_SarahHawkins_Loca75","All right. I will help you.","Добре. Я тобі допоможу."
"Retake_M09S02_INT_TimeToSleep_Loca1","Retake_M09S02_INT_TimeToSleep_Loca1",""
"Retake_M09S02_INT_TimeToSleep_Loca2","I've got nothing better to do anyway. I might as well have a rest.","Усе одно мені нема чим зайнятися. Можу й відпочити."
"Retake_M09S02_INT_WestWelcoming_Loca1","Retake_M09S02_INT_WestWelcoming_Loca1",""
"Retake_M09S02_INT_WestWelcoming_Loca7","You know, I've heard a lot about you Mr Pierce.","Знаєш, містере Пірс, я багато про вас чув."
"Retake_M09S02_INT_WestWelcoming_Loca8","All good, I hope?","Сподіваюся, лише хороше?"
"Retake_M09S02_INT_WestWelcoming_Loca9","It appears that you've been involved in a variety of misdemeanors since your arrival on Darkwater.","Схоже, що з моменту вашої появи у Дарквотері ви встигли натворити чимало дрібних правопорушень."
"Retake_M09S02_INT_WestWelcoming_Loca10","Entering private property, twice, aggression, insulting behavior and, to top it all, arson.","Проникнення на приватну власність — двічі, напад, образлива поведінка і, на додачу до всього, підпал."
"Retake_M09S02_INT_WestWelcoming_Loca69","Retake_M09S02_INT_WestWelcoming_Loca69",""
"Retake_M09S02_INT_WestWelcoming_Loca70","We also found poor widow Sanders lying in her drawing room, with a bullet in the head.","Ми також знайшли бідолашну вдову Сандерс у вітальні з кулею в голові."
"Retake_M09S02_INT_WestWelcoming_Loca71","According to the autopsy it was a suicide, but it appears that you visited her earlier in the day, which arouses my curiosity.","Згідно з висновком патологоанатома, це було самогубство, але, як з’ясувалося, ви відвідували її того ж дня, і це мене насторожує."
"Retake_M09S02_INT_WestWelcoming_Loca72","The death of the widow aside, what is your answer to these accusations?","Окрім смерті вдови, що ви скажете на своє виправдання?"
"Retake_M09S02_INT_WestWelcoming_Loca73","Retake_M09S02_INT_WestWelcoming_Loca73",""
"Retake_M09S02_INT_WestWelcoming_Loca74","Retake_M09S02_INT_WestWelcoming_Loca74",""
"Retake_M09S02_INT_WestWelcoming_Loca11","Even old Ben swears his bottle of liquor was stolen... Though I suspect he'll find it under his pillow, as usual.","Навіть старий Бен клянеться, що в нього вкрали пляшку — хоча я підозрюю, що він знайде її під подушкою, як завжди."
"Retake_M09S02_INT_WestWelcoming_Loca12","Whatever the case, what do you have to say about all this?","Як би там не було, що ви скажете на все це?"
"Retake_M09S02_INT_WestWelcoming_Loca76","Retake_M09S02_INT_WestWelcoming_Loca76",""
"Retake_M09S02_INT_WestWelcoming_Loca13","Retake_M09S02_INT_WestWelcoming_Loca13",""
"Retake_M09S02_INT_WestWelcoming_Loca14","I am ready to cooperate with him.","Я готовий співпрацювати з ним."
"Retake_M09S02_INT_WestWelcoming_Loca20","Listen, Chief West, I realize that I'm in your jurisdiction, and that you don't like guys like me.","Послухайте, шефе Вест, я розумію, що я у вашій юрисдикції і що вам не подобаються такі хлопці, як я."
"Retake_M09S02_INT_WestWelcoming_Loca23","However, I think that these accusations are exaggerated and that we would benefit from working together.","Проте я вважаю, що ці звинувачення перебільшені і нам варто було б працювати разом."
"Retake_M09S02_INT_WestWelcoming_Loca24","If that means a confession from you and, therefore, less paperwork for me then we've got a deal.","Якщо це означає, що ви зізнаєтеся і мені буде менше паперової роботи — тоді ми домовилися."
"Retake_M09S02_INT_WestWelcoming_Loca25","I’m serious ! Can't you see what is going right under your nose?","Я серйозно! Ви що, не бачите, що коїться прямо у вас під носом?"
"Retake_M09S02_INT_WestWelcoming_Loca27","Retake_M09S02_INT_WestWelcoming_Loca27",""
"Retake_M09S02_INT_WestWelcoming_Loca15","Truth comes at a cost.","Правда має свою ціну."
"Retake_M09S02_INT_WestWelcoming_Loca21","Listen, in my line of business we are sometimes obliged to overstep certain limits.","Знаєте, у моїй роботі іноді доводиться переходити межі."
"Retake_M09S02_INT_WestWelcoming_Loca32","We're not just talking about illegal surveillance... You are being accused of serious crimes!","Мова йде не просто про незаконне стеження... Вас звинувачують у серйозних злочинах!"
"Retake_M09S02_INT_WestWelcoming_Loca33","There's nothing serious in what you’ve said. And you've got no proof that I started the fire.","Нічого серйозного в тому, що ви сказали, немає. І у вас немає доказів, що це я підпалив."
"Retake_M09S02_INT_WestWelcoming_Loca34","Don't you worry. I’ll find some.","Не хвилюйтеся. Я їх знайду."
"Retake_M09S02_INT_WestWelcoming_Loca35","You're gonna waste time and effort on me, while terrible things are happening on this island.","Ви марнуватимете час і сили на мене, тоді як на острові відбуваються жахливі речі."
"Retake_M09S02_INT_WestWelcoming_Loca36","Retake_M09S02_INT_WestWelcoming_Loca36",""
"Retake_M09S02_INT_WestWelcoming_Loca16","He's in no position to lecture me.","Він не має права мене повчати."
"Retake_M09S02_INT_WestWelcoming_Loca22","With all the liquor that is openly on sale in the middle of Prohibition, do you really want me to believe that you're enforcing the law?","З урахуванням усього алкоголю, що продається посеред сухого закону, ви й справді хочете сказати, що дотримуєтеся закону?"
"Retake_M09S02_INT_WestWelcoming_Loca37","Enough of that! You're not going to tell me how to do my job.","Годі! Ти не будеш мене вчити, як робити мою роботу."
"Retake_M09S02_INT_WestWelcoming_Loca39","I would like to point out that it is you, not me, who is behind bars.","Нагадую: це ви, а не я, сидите за ґратами."
"Retake_M09S02_INT_WestWelcoming_Loca38","There are things going on right now that are so much more serious than what you accuse me of.","Просто зараз відбувається щось куди серйозніше за ті звинувачення, що ви мені шиєте."
"Retake_M09S02_INT_WestWelcoming_Loca77","Retake_M09S02_INT_WestWelcoming_Loca77",""
"Retake_M09S02_INT_WestWelcoming_Loca26","Yeah?  So what's going on that I don't know about?","Справді? І що ж такого відбувається, про що я не знаю?"
"Retake_M09S02_INT_WestWelcoming_Loca28","Retake_M09S02_INT_WestWelcoming_Loca28",""
"Retake_M09S02_INT_WestWelcoming_Loca29","The Hawkins case is far from closed.","Справа Гокінсів ще далеко не закрита."
"Retake_M09S02_INT_WestWelcoming_Loca53","The fire at the Hawkins mansion is just a tree hiding the forest.","Пожежа в маєтку Гокінсів — це лише дерево, що приховує цілий ліс."
"Retake_M09S02_INT_WestWelcoming_Loca54","You contented yourself with the so-called proof that was given to you, without asking yourself any other questions.","Ви обмежилися так званими доказами, що вам підсунули, і не стали ставити зайвих запитань."
"Retake_M09S02_INT_WestWelcoming_Loca55","It may seem odd, but unlike you, we base our investigations on facts. Not on vague theories.","Може, це й дивно, але на відміну від вас ми будуємо розслідування на фактах. А не на розмитих здогадах."
"Retake_M09S02_INT_WestWelcoming_Loca56","And despite all that, you failed to see the truth.","І попри все це ви не побачили правди."
"Retake_M09S02_INT_WestWelcoming_Loca57","The only truth that I see is that you're finally where you belong, degenerate.","Єдина правда, яку я бачу, — що ви нарешті там, де вам і місце, виродок."
"Retake_M09S02_INT_WestWelcoming_Loca58","Retake_M09S02_INT_WestWelcoming_Loca58",""
"Retake_M09S02_INT_WestWelcoming_Loca30","A dangerous cult is at work.","На острові діє небезпечний культ."
"Retake_M09S02_INT_WestWelcoming_Loca48","Retake_M09S02_INT_WestWelcoming_Loca48",""
"Retake_M09S02_INT_WestWelcoming_Loca49","There's a bunch of fanatics who are attacking this island’s most ancient beliefs.","Є купка фанатиків, які посягають на найдавніші вірування цього острова."
"Retake_M09S02_INT_WestWelcoming_Loca59","I suppose these are the ones who desecrated the statue of Saint Brendan?","Гадаю, це ті самі, хто сплюндурували статую святого Брендана?"
"Retake_M09S02_INT_WestWelcoming_Loca78","While I'm looking at a man who burned down a hospital.","А я дивлюсь на людину, яка спалила лікарню."
"Retake_M09S02_INT_WestWelcoming_Loca60","Influential people from your community are part of it, operating in the shadows.","Впливові люди з вашої громади — частина цього культу, вони діють у тіні."
"Retake_M09S02_INT_WestWelcoming_Loca61","You got a real imagination, detective.","У вас багата уява, детективе."
"Retake_M09S02_INT_WestWelcoming_Loca62","There was a tunnel leading to their hideout under the Hawkins mansion... But it caved in.","Під маєтком Гокінсів був тунель, що вів до їхнього сховку... Але він завалився."
"Retake_M09S02_INT_WestWelcoming_Loca63","How very convenient.  Right, enough time wasted.","Дуже зручно, еге ж. Гаразд, досить марнувати час."
"Retake_M09S02_INT_WestWelcoming_Loca64","Retake_M09S02_INT_WestWelcoming_Loca64",""
"Retake_M09S02_INT_WestWelcoming_Loca31","No point wasting my time.","Немає сенсу марнувати мій час."
"Retake_M09S02_INT_WestWelcoming_Loca41","You wouldn't believe me anyway.","Ви все одно мені не повірите."
"Retake_M09S02_INT_WestWelcoming_Loca42","And you would be entirely correct.","І будете цілком праві."
"Retake_M09S02_INT_WestWelcoming_Loca43","I don't like your prying line of work: P.I.s sticking their nose into things that aren't their concern.","Мені не подобається ваша копирсальна робота: приватні детективи пхають носа, куди не слід."
"Retake_M09S02_INT_WestWelcoming_Loca46","Retake_M09S02_INT_WestWelcoming_Loca46",""
"Retake_M09S02_INT_WestWelcoming_Loca79","Fuller isn't as innocent as he looks.","Фуллер не такий невинний, як здається."
"Retake_M09S02_INT_WestWelcoming_Loca80","You'd be better off taking an interest in Fuller!","Вам краще було б зацікавитися Фуллером!"
"Retake_M09S02_INT_WestWelcoming_Loca81","The experiments he carries out on his patients are as much inhuman as they are illegal.","Експерименти, які він ставить на пацієнтах, настільки ж нелюдські, наскільки й незаконні."
"Retake_M09S02_INT_WestWelcoming_Loca82","And when Doctor Colden wanted to put a stop to it, she too went under the knife!","А коли докторка Колден захотіла це зупинити, вона теж потрапила під ніж!"
"Retake_M09S02_INT_WestWelcoming_Loca83","What are you talking about? Nobody has reported any wrongdoings.","Про що ви взагалі? Ніхто не повідомляв про жодні злочини."
"Retake_M09S02_INT_WestWelcoming_Loca84","Doctor Fuller is a man who is as much respected and admired on the island as he is in his profession.","Доктор Фуллер — людина, яку тут поважають і цінують як на острові, так і у професійному колі."
"Retake_M09S02_INT_WestWelcoming_Loca85","It seems like you've got a grievance against him. Is that why you set fire to his institute?","Виходить, у вас до нього рахунки? Ось чому ви підпалили його інститут?"
"Retake_M09S02_INT_WestWelcoming_Loca86","I'm admitting nothing at all.","Я нічого не визнаю."
"Retake_M09S02_INT_WestWelcoming_Loca87","Retake_M09S02_INT_WestWelcoming_Loca87",""
"Retake_M09S02_INT_WestWelcoming_Loca3","Come on, I'll show you to your new residence; I'll be back later to ask you some questions.","Гаразд, я проведу вас до вашого нового місця перебування. Повернуся пізніше — поставлю кілька запитань."
"Retake_M09S02_INT_WestWelcoming_Loca44","I hope that you'll make the right choice and confess to everything.","Сподіваюся, ви зробите правильний вибір і зізнаєтеся у всьому."
"Retake_M09S02_INT_WestWelcoming_Loca45","It would be as unpleasant for you as it would be for me if I had to adopt more ""advanced"" questioning.","Мені буде так само неприємно, як і вам, якщо доведеться застосувати більш «просунуті» методи допиту."
"Retake_M09S02_INT_WestWelcoming_Loca47","I have no doubt about that.","Я в цьому не сумніваюся."
"Retake_M09S02_INT_WestWelcoming_Loca6","Good night, Mr Pierce.","Добраніч, містере Пірс."
"Retake_M09S02_MON_R1_Candle_Loca1","Retake_M09S02_MON_R1_Candle_Loca1",""
"Retake_M09S02_MON_R1_Candle_Loca2","What kind of ritual was she preparing?","Який ритуал вона готувала?"
"Retake_M09S02_MON_R1_Start_Loca1","Retake_M09S02_MON_R1_Start_Loca1",""
"Retake_M09S02_MON_R1_Start_Loca2","Was Sarah Hawkins telling the truth?","Сара Гокінс казала правду?"
"Retake_M09S02_MON_R1_StudioEasel_Loca1","Retake_M09S02_MON_R1_StudioEasel_Loca1",""
"Retake_M09S02_MON_R1_StudioEasel_Loca2","Was the painting of the Shambler displayed here?","Чи тут стояла картина з Блукачем?"
"Retake_M09S02_MON_R2_BrokenLock_Loca1","Retake_M09S02_MON_R2_BrokenLock_Loca1",""
"Retake_M09S02_MON_R2_BrokenLock_Loca2","Charles Hawkins was ready to do everything to protect his wife...","Чарльз Гокінс був готовий на все, щоб захистити дружину..."
"Retake_M09S02_MON_R2_BrokenLock_Loca3","Did Charles Hawkins break the lock to enter?","Чарльз Гокінс зламав замок, щоб увійти?"
"Retake_M09S02_MON_R2_Conclusion_Loca1","Retake_M09S02_MON_R2_Conclusion_Loca1",""
"Retake_M09S02_MON_R2_Conclusion_Loca3","If the amulet can protect Sarah Hawkins from the influence of the Mythos, I must find it.","Якщо амулет може захистити Сару Гокінс від впливу Міту, я мушу його знайти."
"Retake_M09S02_MON_R2_DSMarks_Loca1","Retake_M09S02_MON_R2_DSMarks_Loca1",""
"Retake_M09S02_MON_R2_DSMarks_Loca7","Retake_M09S02_MON_R2_DSMarks_Loca7",""
"Retake_M09S02_MON_R2_DSMarks_Loca5","She was trying to send back the Shambler!","Вона намагалася повернути Блукача назад!"
"Retake_M09S02_MON_R2_DSMarks_Loca3","Retake_M09S02_MON_R2_DSMarks_Loca3",""
"Retake_M09S02_MON_R2_DSMarks_Loca6","How did she survive her encounter with the Shambler?","Як вона пережила зустріч із Блукачем?"
"Retake_M09S02_MON_R2_Necro_Loca1","Retake_M09S02_MON_R2_Necro_Loca1",""
"Retake_M09S02_MON_R2_Necro_Loca2","Mrs Hawkins never told me why she was in possession of the Necronomicon.","Місіс Гокінс так і не сказала, чому мала Некрономікон."
"Retake_M09S02_MON_R2_Sarah_Loca1","Retake_M09S02_MON_R2_Sarah_Loca1",""
"Retake_M09S02_MON_R2_Sarah_Loca5","Retake_M09S02_MON_R2_Sarah_Loca5",""
"Retake_M09S02_MON_R2_Sarah_Loca3","How did she react? Was she afraid?","Як вона відреагувала? Чи злякалася?"
"Retake_M09S02_MON_R2_Sarah_Loca4","Retake_M09S02_MON_R2_Sarah_Loca4",""
"Retake_M09S02_MON_R2_Sarah_Loca2","Knowing Mrs Hawkins, I bet she was wiling to fight...","Знаючи місіс Гокінс, б’юся об заклад, вона була готова боротися..."
"Retake_M09S02_MON_TryLeave_Loca1","Retake_M09S02_MON_TryLeave_Loca1",""
"Retake_M09S02_MON_TryLeave_Loca4","Retake_M09S02_MON_TryLeave_Loca4",""
"Retake_M09S02_MON_TryLeave_Loca2","I'd be better off if I went to see the others.","Було б краще, якби я поговорив з іншими."
"Retake_M09S02_MON_TryLeave_Loca3","Retake_M09S02_MON_TryLeave_Loca3",""
"Retake_M09S02_MON_TryLeave_Loca7","It's out of the question that I leave before I find this amulet.","І мови бути не може, щоб я пішов, не знайшовши цей амулет."
"Retake_M09S02_MON_Tunnels_Loca1","Retake_M09S02_MON_Tunnels_Loca1",""
"Retake_M09S02_MON_Tunnels_Loca2","Damn it! The entrance to the tunnels has been buried following the cave-in. But, at least, I didn't dream it.","Чорт! Вхід у тунелі завалило після обвалу. Але принаймні це мені не наснилося."