"key","source","Translation"
"8F602BD241989E9C984784ACE10A92E3","I found Sarah Hawkins, alive, prisoner of the Riverside Institute. Charles Hawkins and Dr. Fuller seem to have connived to hide her from the world.<lf>She seems to be very affected by the tragedies that have struck her family, but I detect a fighting spirit in this woman that I would better not underestimate. She's a survivor.","Я знайшов Сару Гокінс. Живу. Ув'язнену в Інституті Ріверсайд. Чарльз Гокінс і доктор Фуллер, здається, змовилися, щоби приховати її від усього світу.<lf>Вона вражена подіями, що спіткали її родину, але я відчуваю в ній силу волі, яку не варто недооцінювати. Вона не з тих, хто опускає руки."
"ABE656B24D897E470EB1F794B2A281A8","Sarah Hawkins","Сара Гокінс"
"BAFA82F04439BA56A4AF90B0CA4CEB5D","Painter","Художниця"
"5B6A703845DFB683B4E8CF9F60C1CF1B","Asylum inmate","Пацієнт"
"D61B65724C096BE43378AEBEE64066D0","Unknown","Невідомо"
"AE82807846320B0DE84E0CB8A6B47325","Member of asylum staff","Медбрат психлікарні"
"556044EF42AE09D39A1ECBAA3E296B26","Asylum staff","Персонал психлікарні"
"DE89C522468A4B390542BDB81A69DE37","Roy Mitchell runs the only bar on Darkwater. <lf><lf>Prohibition has no hold on The Stranded Whale, and sailors come to seek some comfort in Mitchell's whiskey. The man therefore knows, more than anyone, the secrets and rumors that the inhabitants of the island exchange after a few glasses.<lf><lf>Mitchell is devoted to the golden age of whale hunting, if the numerous trophies that decorate his establishment are anything to go by. <lf>The man will talk freely on this subject on which he is so keen, but he will be far less enthusiastic if one was to enquire about his source of liquor.…","Рой Мітчелл тримає єдиний бар у Дарквотері.<lf><lf>У «Киті, що сів на мілину» не діє сухий закон, і моряки приходять сюди, щоб знайти розраду у віскі Мітчелла. Тому він, як ніхто інший, знає таємниці та чутки, якими обмінюються мешканці острова після кількох келихів.<lf><lf>Мітчелл схоже відданий золотій добі полювання на китів, про це свідчать численні трофеї, що прикрашають його заклад.<lf>Чоловік буде вільно говорити на цю тему, якою він так захоплюється, але він буде набагато менш балакучим, якщо хтось запитає про джерело його алкоголю..."
"A814340A4E6636F71336B49BACE994E6","Roy Mitchell","Рой Мітчелл"
"CAFB9CDB492BE2E61D01D48B50DC2BF2","Owner of The Stranded Whale bar","Власник «Кита, що сів на мілину»"
"9F25E2B048066C0CA0E771A10D7A0501","James Fitzroy is the captain of the Charybdis, the only boat that still sails between Darkwater and Boston. <lf><lf>His base is the harbormaster's office, from where he misses nothing that happens on the island. The inhabitants of Darkwater respect him; the bootleggers despise him.<lf><lf>He offered to help me in my investigation.","Джеймс Фіцрой — капітан «Харибди», єдиного корабля, який досі курсує між Дарквотером і Бостоном.<lf><lf>Його база — кабінет начальника порту, звідки він не пропускає нічого, що відбувається на острові. Мешканці Дарквотера поважають його, а бутлеґери зневажають.<lf><lf>Він запропонував мені допомогти в моєму розслідуванні."
"87A5D38E41E2E8425DB8C2A999147D5C","James Fitzroy","Джеймс Фіцрой"
"42CF3ECD4292E6968D78DE9024EB8123","Captain","Капітан"
"D84A909A46B832AEDE2708BD630D92F5","Algernon Drake is the owner of The Nameless Bookstore, and a friend of Sarah Hawkins. <lf><lf>It would seem that the two of them were united in a common thirst for knowledge about the occult. He has a strange collection of parchments and books of spells, and he seems to know a lot about the island's clandestine activities. <lf><lf>If I decide to explore the occult trail, he will be an excellent guide.","Алджернон Дрейк — власник «Безіменної книгарні» та друг Сари Гокінс.<lf><lf>Здається, їх єднала спільна жага до окультних знань. У нього є дивна колекція пергаментів і книг заклять, а також, схоже, він багато знає про таємні справи на острові.<lf><lf>Якщо я вирішу йти окультним слідом, він стане чудовим провідником."
"2AA00DCF4317EDBFA3AB45BECA438E55","Algernon Drake","Алджернон Дрейк"
"4DDBDB2B4A1633E21C303189076F8853","Bookseller","Книгар"
"78A02C744CD6A7395B51079A67E59726","Only son of Sarah and Charles Hawkins. He died in the fire that claimed his whole family.","Єдиний син Сари та Чарльза Гокінсів. Загинув у пожежі, яка забрала всю його родину."
"10696F3E49B14E45C7C3EBBD26680FA0","Simon Hawkins","Саймон Гокінс"
"ED01673E4894D169826BA697EBAD1411","Schoolboy","Школяр"
"7C1CBA4B45852307E334DEAEBDC615F5","It's clear that she holds Sarah Hawkins responsible for the death of her husband. But what I don't understand about Irene Sanders is this mix of sadness and insensitivity. It looks like she had given up on her husband long before his horrid death in the cellars of the Riverside Institute.","Зрозуміло, що вона вважає Сару Гокінс відповідальною за смерть свого чоловіка. Але чого я не розумію в Ірен Сандерс, так це цієї суміші смутку і нечутливості. Схоже, що вона махнула рукою на свого чоловіка задовго до його жахливої смерті в підземеллях Інституту Ріверсайд."
"35B5B7B942EE6E1F3FDD5499E4030D1E","Irene Sanders","Ірен Сандерс"
"596BCAC3464254A027532BB2995F1402","None","Немає"
"8686240240A6D1508EA66DA3B0CCDADC","Francis Sanders, retired art dealer, moved to Darkwater to find some peace and quiet, as well as artifacts from lost civilizations. <lf>Fascinated by the work of Sarah Hawkins, he set his heart on owning one of her strangest paintings: the Shambler. He was so insistent and adept in his request to buy the painting that the painter gave it to him.","Френсіс Сандерс, арт-дилер на пенсії, переїхав до Дарквотера, щоб знайти спокій і тишу, а також артефакти зниклих цивілізацій.<lf>Захоплений творчістю Сари Гокінс, він задумав придбати одну з її найдивніших картин — «Блукача». Він був настільки наполегливим і вправним у своєму проханні купити картину, що художниця віддала її йому."
"97D9EC804B2B340C44EFF183DFE871A2","Francis Sanders","Френсіс Сандерс"
"15D3604D43C8BAD665192B8F3AEBA182","Art dealer","Арт-дилер"
"69C1D8884CBD11F2481396B7145A5684","The old caretaker of the Hawkins family, Silas Winchester still watches over the family graveyard and the burned out mansion. Devoted to Charles Hawkins, whom he all but raised, he also has great respect for the memory of Sarah Hawkins and their child, Simon. His long months of solitude in the abandoned property have made him very distrustful.<lf>Silas still puts flowers on the graves of Charles, Sarah and Simon.","Старий доглядач родини Гокінсів, Сайлас Вінчестер, досі доглядає за родинним кладовищем і згорілим маєтком. Відданий Чарльзу Гокінсу, якого він практично виростив, він також з великою повагою ставиться до пам'яті Сари Гокінс та їхнього сина Саймона. Тривалі місяці самотності в покинутому маєтку зробили його дуже недовірливим.<lf>Сайлас досі покладає квіти на могили Чарльза, Сари і Саймона."
"E77EA7F2408A1D463D8A5DBABC8AD51E","Silas Winchester","Сайлас Вінчестер"
"F3DCACFA4BA8643CD84A0798127E2ED9","Caretaker of the Hawkins property","Доглядач майна Гокінсів"
"766754624735503A320BEE908AE9D758","Associate female","Асистентка"
"A6AF911A4FC8CCAE84F175AA841F1695","Associate male","Асистент"
"941FC7654AE467368F64F6B49F7A67F0","Visitor","Відвідувач"
"D3D96BE0413507312CC8FCA0533A2DC2","Visitor","Відвідувач"
"7CD3908843E1340B28EEBB98401F55AB","Companion","Компаньйон"
"82E8AF1041506CD1F9DFC0BB85557370","{Conman_Name} like to pretend he is a salesman or a philanthropist or a rich billionaire, in short he is a chameleon, most likely a con. I know his kind but if Webster trusts him maybe he can be of help in this investigation.","{Conman_Name} любить прикидатися продавцем, філантропом або багатим мільярдером, коротше кажучи, він хамелеон, швидше за все, шахрай. Я знаю таких, але якщо Вебстер йому довіряє, можливо, він зможе допомогти в цьому розслідуванні."
"E442BE3D456C6CE781B3EBA16D45E106","{Conman_FullName}","{Conman_FullName}"
"3A6B6C97490EBF6BC4E0369EEE20B3B3","Con man","Шахрай"
"0CFDF03A4A606D87E508F6B485AC3BA7","Cultist","Окультист"
"1C39A4F543F75B065214C99034658A8D","Cultist","Окультист"
"EAABC397461A531883688294FF852265","Dimensional Shamblers are creatures living in another dimension that can be summoned to our level of existence by certain spells or rituals. They are hunters and once they have chosen a victim they will attempt to drag them into their world by using a form of hypnosis. When they do so, it seems as if the place around them disappears and their own dimension become thus visible. Shamblers can also move quickly by jumping out of portals that are linked to their dimension.","Міжвимірні Блукачі — це істоти, що живуть в іншому вимірі, яких можна викликати в наш вимір за допомогою певних заклинань або ритуалів. Вони є мисливцями і, вибравши жертву, намагаються затягнути її у свій вимір за допомогою гіпнозу. Коли вони це роблять, здається, ніби місце навколо них зникає, і їхній власний вимір стає видимим. Блукачі також можуть швидко пересуватися, вистрибуючи з порталів, пов'язаних з їхнім виміром."
"9B53EE814D7AF0BCB39525A0A3047F17","Dimensional Shambler","Міжвимірний Блукач"
"BC9A51FB4BDFDF6FF8FAA3A77A1720BE","Dimensional Shambler","Міжвимірний Блукач"
"60C2BCD8473C76A5E063A6B31F49BDB7","Docker","Докер"
"F7E820354E69E6E7E19D769479EF5223","Docker","Докер"
"9E4968DB4E1700AE806C9B9E57B0C777","Dr. Fuller reigns as the undisputed master of the Riverside Institute and of its cellars, in which he carries out illegal experiments on his patients. I don't know what he has done to me, but I shouldn't be back on my feet so soon after my fall when the tunnels under the Hawkins mansion caved in. This man is dangerous and I'd swear that he knows more about all this business than he's willing to tell.","Доктор Фуллер є беззаперечним господарем Інституту Ріверсайд і його підземель, в яких він проводить незаконні експерименти над своїми пацієнтами. Я не знаю, що він зробив зі мною, але після обвалу катакомб під маєтком Гокінсів мені не варто було так швидко ставати на ноги. Ця людина небезпечна, і я можу заприсягтися, що він знає про все це більше, ніж хоче розповісти."
"19607609464FA81BE67AB4B5A6CE9AEB","Dr. Fuller","Доктор Фуллер"
"E0D307A6438E260CA871FE88F30AAE0D","Riverside's Senior Physician","Головний лікар Ріверсайду"
"6DE3CB4948C9FD5B73BFFDBD88C505B4","Doris","Доріс"
"F886FDC54FD2C5045DB2BD9CE66D7174","Nurse","Медсестра"
"FF11102D4430308B998D018F42D012C1","Marlin","Марлін"
"5C36E82344EC312F8B68D181DF3E3089","CHARACTER_PROFILE_CHARACTERPROFILE_BASE_DESCRIPTION",""
"7254EC134D5E08B695D67B8D3F6ACED6","Evans","Еванс"
"3B489C014680E9F469F12381A1E17E55","inmate","Пацієнт"
"2B80980E4FEF3B3A344C859675834DF2","Stranger","Незнайомець"
"2862DCB4471DB0A4566B039B3AE38C1D","Unknown","Невідомо"
"818720C545A591D4D3D710932A1984DB","{FemaleAssociate_Explorer_Name} is one of Webster’s contact. She is a bright young woman who decides to give her time to help an acquaintance in his quest of seeking peace. As long as she does not find herself in my way and do what I say it will be ok for me. Even if I prefer working alone.","{FemaleAssociate_Explorer_Name} одна з контактів Вебстера. Це яскрава молода жінка, яка вирішила присвятити свій час, щоб допомогти знайомому в його пошуках миру. Поки вона не стає на моєму шляху і робить те, що я кажу, мене це влаштовує. Навіть якщо я вважаю за краще працювати на самоті."
"9A98EAD649F3752E39BEAEAAE818871C","{FemaleAssociate_Explorer_FullName}","{FemaleAssociate_Explorer_FullName}"
"CC41D61D4B47C42798F581B35F25AA26","Explorer","Дослідниця"
"7F0B7C554552AEEED83BCDB6557B5106","A wealthy businessman, well respected in the Boston area. <lf>Stephen Webster came to see me in order that I investigate the death of his only daughter, Sarah Hawkins. The man accepts neither refusals nor inconvenient truths. <lf>He is ready to do anything to prove that his daughter was not mad.","Заможний бізнесмен, якого дуже поважають у Бостоні.<lf>Стівен Вебстер прийшов до мене, щоб я розслідував смерть його єдиної доньки Сари Гокінс. Цей чоловік не приймає ні відмов, ні незручної правди.<lf>Він готовий на все, аби довести, що його донька не була божевільною."
"ABC4A3C74EA0027CF41AC5ACAEC88A42","Stephen Webster","Стівен Вебстер"
"AF98FCEA4C0238EA26E1CE8CE3E18FEE","Businessman","Бізнесмен"
"F2608EF845C1A2B51E86A0A204B29A72","Fisherman","Рибалка"
"4D22DB284CFF0D68F5A874A601DDF7DC","Fisherman","Рибалка"
"6F5B5C0F47B9EE7F02AEEA94FE9D208E","Foreman","Майстер"
"12208F5D424DC4493898CE9C47EC9955","McSweeney","МакСвіні"
"A66461544C8272764C70FA9958CEF675","Garrett","Ґарретт"
"4F80545F4920B71C61120CB5F4EEFD8A","Mrs Donovan","Пані Донован"
"039D4931446637EC0D375FBF5C8E841F","Head Nurse","Старша медсестра"
"98D1342A4B289E57FA891496555705B7","Nurse","Медсестра"
"027C01BE4924B010D5B32AA7285D9891","Nurse","Медсестра"
"1C0AC8B24B2A05310146E5B1E7C76DB0","Charles Hawkins was a local celebrity on Darkwater. The heir of a shipowner family, he used to travel a lot. He met Sarah Hawkins during a trip in Paris. They fell in love, got married, and Hawkins took her to the remote island of Darkwater.<lf>They had a child named Simon, and lived a very secretive life.","Чарльз Гокінс був місцевою знаменитістю в Дарквотері. Спадкоємець родини судновласників, він багато подорожував. Під час поїздки до Парижа він зустрів Сару Гокінс. Вони закохалися, одружилися, і Гокінс забрав її на віддалений острів Дарквотер.<lf>В них народився син на ім’я Саймон, і вони вели дуже потайливе життя."
"61AA1FEB47A266F1B3EE709B52A95F86","Charles Hawkins","Чарльз Гокінс"
"F02F2DC04B1CF884F4F3A4A5566780CB","Ship-owner","Судновласник"
"ED11EC224D3A2D900439C1B2C1150A5D","Leviathan","Левіафан"
"A529C0754A9788E94BE214BCFB7D161C","Sea God","Морський бог"
"6FAFDCF0493DEAFF85E57DA3CB8E1504","Miss Quinn","Міс Квінн"
"FC3F91E14452FC977CA3078397DB1247","Chief Nurse","Старша медсестра"
"9CB9E3274D7E0AF87C9F6EB2762DC5DE","Margaret Lynch","Маргарет Лінч"
"BD4DE5BB47A28240437875A8D7C84F23","Nurse","Медсестра"
"98F8FE8D487133908B1F8E972E6A26DF","Officer Bradley's female friend works as general practitioner at the Riverside Institute. She had figured out, long before I arrived, that Fuller was involved in illegal activities. She wants to shed full light on the nature of his experiments, and believes that helping me to solve the Hawkins case could advance her own investigation.","Подруга офіцера Бредлі працює терапевтом у Інституті Ріверсайд. Вона з'ясувала задовго до мого приїзду, що Фуллер займається незаконною діяльністю. Вона хоче пролити повне світло на природу його експериментів і вважає, що допомога мені в розкритті справи Гокінса може просунути її власне розслідування."
"E479BC9B48CB1FE989AFCBAFBA65D039","Marie Colden","Мері Колден"
"D349B9674E4CC08DBC28E0ABF539BBCA","Doctor","Докторка"
"BE61B68F49E1AA7C8678B3829ED4F00A","Albert","Альберт"
"89A49C4A42D88120C2525BBBE31CFA81","Patient","Пацієнт"
"0DC76C5D4E1E3104A743E88349D218D7","Patient","Пацієнт"
"432657154DFD7B546192639C93F2E6F1","Patient","Пацієнт"
"A8CBD2704CE54E9941B3B7AF0807D562","Patient","Пацієнт"
"CF78C3F6433D83A7DD11EA87FC0D79DA","Patient","Пацієнт"
"45CAF6F246F27FE9E63936AAC0AB8246","{Photographer_Name} is a French reporter for the newspaper “La Gazette” during the war. If he has seen at least half of what I seen and didn’t lose hope in humanity maybe he can be the man up for the task. I need people with a strong heart to help me in my investigation.","{Photographer_Name} Французький репортер газети «La Gazette» під час війни. Якщо він бачив хоча б половину того, що бачив я, і не втратив надію на людяність, можливо, він може стати тією людиною, яка зможе впоратися з цим завданням. Мені потрібні люди з сильним серцем, які допоможуть мені в моєму розслідуванні."
"16D1748642E24364F0D6818DE3575C2D","{Photographer_FullName}","{Photographer_FullName}"
"EF8504E34A95F6D44FB3DFA499C5DF3F","Reporter","Репортер"
"83DECE5F49CD1017DEA975B3EDB220E3","Edward Pierce","Едвард Пірс"
"56C4DEBA4E66A8D3F2AFD0BD956C49F3","Private detective","Приватний детектив"
"6EB20E384AB0FB24D06DD3AC16F3941F","Henry West is Darkwater’s chief of police since 1914. He doesn’t like strangers especially the ones who mess with his business, means that he hates my guts.","Генрі Вест — шеф поліції Дарквотера з 1914 року. Він не любить незнайомців, особливо тих, хто втручається в його справи, а це означає, що він ненавидить мене до глибини душі."
"8FF9A5B1462D2077A01D9E9E96C9E90B","Henry West","Генрі Вест"
"3045594A4BF0C836FD9338BEDDD77307","Police Chief","Шеф Поліції"
"C64A3D2F47271B03F430EFB789427171","This hick cop likes order and justice. He's no great sleuth, but he seems more inclined than his colleagues to discover the truth in the Hawkins case. The inhabitants of the island seem to be friendly with him; he could help me in my investigation.","Цей провінційний коп любить порядок і справедливість. Він не великий сищик, але, здається, більше, ніж його колеги, прагне знайти правду в справі Гокінсів. Мешканці острова, схоже, ставляться до нього приязно; він міг би допомогти мені в моєму розслідуванні."
"1785FE0842922A01C47AD99A156307E2","Officer Bradley","Офіцер Бредлі"
"F0751E714C946828D9E5B38DA4496827","Police Officer","Офіцер Поліції"
"E104D077424814CFC387099FB719E3FA","Officer Marshall","Офіцер Маршалл"
"42FC034A497F09F1D96E2B8F8F533C5B","Officer Andrews","Офіцер Ендрюс"
"FE4388CE4405805B8ECE4499A1D5A83C","Officer Sullivan","Офіцер Саліван"
"446B0B414DDDF362967E4491A8400AB7","Police Officer","Офіцер Поліції"
"CD58AC07406B3B258FE69289C38ECB01","Madman","Божевільний"
"C4F004CF4720F527D9A7C9BC64BAAF1F","Miss Prince","Міс Прінс"
"20D39A7142CC29DC85A959B75C162300","Fuller's Secretary","Секретарка Фуллера"
"9B3F90934C29748C8B882CA7325F47AE","Murphy is an Irish small business man. He is from Boston like me but I suspect that he is the one behind the alcohol smuggling but it’s not my business.","Мерфі—ірландський малий бізнесмен. Він родом з Бостона, як і я, але я підозрюю, що саме він стоїть за контрабандою алкоголю, але це не моя справа."
"E0DFB5EC4A1AB4CCFE813290AAC70F60","Dominic Murphy","Домінік Мерфі"
"5B3B51EC4B0C16F669D7CAB9E81FE900","Business man","Бізнесмен"
"3EBF149E481E78FBF4CB4EBB1338029D","Bootlegger","Бутлеґер"
"D15B08844762E6D393696595C08D0534","Smuggler","Контрабандист"
"921A2AF34E2D2867B02FAD9778586F13","{Fisherman_Alibi2_Name} Baxter","{Fisherman_Alibi2_Name} Бекстер"
"B47D775240C7CEAD1934369D8850A894","Soldier - First class","Солдат першого класу"
"A04CE68043ABE1D7E46BDD85054D032C","Secretary","Секретарка"
"18CDBFC0419901D9DB03FBB0A364E72B","Secretary","Секретарка"
"C01745AC49D9712BEFC72C860569D98E","Boss of a gang of bootleggers, which seems to use Darkwater as a hideout, Cat always keeps an eye on her territory, the zone of abandoned warehouses on the docks. <lf>I have the impression that all the men on Darkwater fear her. Even Mitchell, the owner of The Stranded Whale, is reluctant to talk about her.<lf>She uses Darkwater as the point of departure for her cargoes of whiskey, and she is slowly gnawing away at Captain Fitzroy's territory.","Очільниця банди бутлеґерів, яка, схоже, використовує Дарквотер як схованку, Кет завжди стежить за своєю територією, зоною покинутих складів у доках.<lf>У мене таке враження, що всі чоловіки в Дарквотері її бояться. Навіть Мітчелл, власник «Кита, що сів на мілину», неохоче говорить про неї.<lf> Вона використовує Дарквотер як відправну точку для своїх партій віскі й потроху відгризає територію капітана Фіцроя."
"42C39DB944E05484D768F38656866CB2","Cat","Кет"
"DB5DDD5D452E74D5DB0D069411320B53","Gang boss","Босиня банди"
"092D26F0421ACE466EBD2083CB795258","Violent inmate","Небезпечний пацієнт"
"6411F9334CDAECDD03B95F98B781212F","Inmate","Пацієнт"
"AF12262B476E22220953F4B0CAB7FB17","Visitor","Відвідувач"
"321040FA491DF3562574438B633D79F1","banker","Банкір"
"7827E4714AB7AFFC30271DB53538F57F","Whaling watchman","Сторож китобійної станції"
"005385714B1CA20D3DF920923E3E3AE5","Watchman","Сторож"
"B107A72A4D33569C388D30B4C6032993","Virgil Hogan","Верджил Гоґан"
"0044B1D941D6BFA29C0C7B8B5A837911","Message recorded by Drake.","Повідомлення записане Дрейком."
"521964C54A0958FBE2789D8B60919922","A cylinder meant to be listened to by using a phonograph. I found it in The Nameless Bookstore. The message, although obscure, might contain important information.","Циліндр, призначений для прослуховування за допомогою фонографа. Я знайшов його в «Безіменній книгарні». Послання, хоч і незрозуміле, але може містити важливу інформацію."
"EDE730C046239334BD4E49811A034804","Message recorded by Drake.","Повідомлення записане Дрейком."
"FFBBA98644970840C562DB9184A7E0C2","Drake's cylinder 2","Циліндр Дрейка 2"
"E9A84C61454989BFA33360A4D3FE2754","A cylinder meant to be listened to by using a phonograph. I found it in The Nameless Bookstore. The message, although obscure, might contain important information.","Циліндр, призначений для прослуховування за допомогою фонографа. Я знайшов його в «Безіменній книгарні». Послання, хоч і незрозуміле, але може містити важливу інформацію."
"257D1B7A45024C05D91565914842F694","Message recorded by Drake.","Повідомлення записане Дрейком."
"DBA156F84099ECE7F16031807D299C84","Drake's cylinder 3","Циліндр Дрейка 3"
"3F43F5634583B851439D8A829B7E1452","A cylinder meant to be listened to by using a phonograph. I found it in The Nameless Bookstore. The message, although obscure, might contain important information.","Циліндр, призначений для прослуховування за допомогою фонографа. Я знайшов його в «Безіменній книгарні». Послання, хоч і незрозуміле, але може містити важливу інформацію."
"DATE_FORMAT","{1} {0} {2}","{1} {0} {2}"
"08B9924541C5D48B9A60FA810419CC28","Open","Відкрити"
"479E8F34472315F3CB11A3A70DFEB947","Open","Відкрити"
"E0B3CA164FB134F5A519ADAB49D0FA9E","Open","Відкрити"
"E0C222154669A67C316962ACFA130AEA","Open","Відкрити"
"0670D9584B836D603970CABA892A7FBD","Pick","Вибрати"
"3ADC8F3F4A6DD39872A542B0BBE419A7","Pick","Вибрати"
"4B476172470D5F2C9A6955A76C6116C7","Pick","Вибрати"
"51458DA94CAB27D9864BE197B368D5E0","Pick","Вибрати"
"66F3C5E741F17744CB7E16B6ED48E5B5","Pick","Вибрати"
"6FC37BA44ED6129585C26DB018C95F27","Pick","Вибрати"
"720113C842D4B29D924FDEAB11669129","Pick","Вибрати"
"77E2F04E449224BAB7AF19BA9BD88E0A","Pick","Вибрати"
"8C433E1B45336F015DFFC4B6FE5FB871","Pick","Вибрати"
"D83DF0524D042827DE9E568F87DB4669","Pick","Вибрати"
"ED1BDF494E191E7CF55ADEA41481ECF6","Pick","Вибрати"
"F971E99245E72A5B2FDAF68B3F7236AC","Pick","Вибрати"
"5E7BA5124D9ACF9E2565F7B3F62AB973","Sarah and Charles had a violent argument and Sarah threw this lamp in a burst of rage. What could have been the reason for such violence? This wasn't just the result of a burst of rage. What if Charles was the one responsible? How could the Police not see all of this? Someone is hiding something.","Сара і Чарльз сильно посварилися, і в пориві гніву Сара кинула цю лампу. Що могло стати причиною такої жорстокості? Це не було просто наслідком пориву гніву. Що, якби Чарльз був єдиним винним? Як поліція могла цього не помітити? Хтось щось приховує."
"2850B6A54F5BBA681CFA6BBFCA6DFE3A","The entire Hawkins family died that night in the fire. It seems that Sarah threw and shattered the lamp that triggered the fire. I have to find out what drove her to the act.","Уся сім'я Гокінсів загинула через пожежу тієї ночі. Схоже, що Сара кинула і розбила лампу, яка спричинила пожежу. Я маю з'ясувати, що штовхнуло її на цей вчинок."
"1E7D06E642137B242AEBB0BB3EC870B9","It seems clear that the fire wasn’t accidental. There has been a violent dispute between the Hawkins spouses, with Simon as a witness. Was Sarah’s dementia the cause of this, or was it something else? How could the police detectives neglect all these clues?","Очевидно, що пожежа не була випадковою. Між подружжям Гокінсів відбулася сильна суперечка, свідком якої був Саймон. Чи була причиною цього деменція Сари, чи щось інше? Як поліцейські могли знехтувати всіма цими доказами?"
"5312A1C141000AE9ECD06892E483FEDE","A brand new battery","Новий акумулятор"
"127C633C4BCFCE5D9401CDACB8FBA604","A brand new battery, it might come in handy","Новий акумулятор, може стати в нагоді"
"1260DE3A45E500B0A74740B764DF862C","Battery","Акумулятор"
"14CC57094686A175A4A4F1A6C7508F03","One page from the boy's diary, it's partly burnt. It seems that there are others.","Одна сторінка з щоденника хлопчика, вона частково обгоріла. Схоже, що є й інші."
"DBA5A08646D792F0EC8D04AE3FE68C09","August, the 2nd 1924I HATE MY STEP DAD.I hate his stupid beard and I hate this stupid island. I only like Miss Turner, she smells nice. Beardy smells rotten, like old fish.I took something from him. He’ll never find it, it’s my treasure now.I don’t think he loves Mom. He only loves her paintings. He talks about them all the time. He spends more time looking at her paintings than reading all those great books we have.Too bad for him, he might have found something interesting between the two monsters of the deep.”","2-ге серпня 1924 року Я НЕНАВИДЖУ СВОГО ВІТЧИМА. Ненавиджу його дурну бороду й цей дурний острів. Єдина, хто мені подобається — це міс Тернер, вона гарно пахне. А Бородань смердить гниллю, як стара риба. Я щось у нього поцупив. Він ніколи цього не знайде — тепер це мій скарб. Я не думаю, що він любить маму. Він любить лише її картини. Постійно про них говорить. Він більше часу проводить, розглядаючи її картини, ніж читаючи всі ті круті книжки, що в нас є. Шкода його. Міг би знайти щось цікаве між двома монстрами глибини."
"EDF2C62341007CDDA66E05BB7A6AF5F5","Simon's diary page 1","Щоденник Саймона, сторінка 1"
"46E9623742893FD1DECBA79E43C0F814","Another page of the boy's diary, it looks like he didn't like his step-father. He also talked about a pendant, maybe I can find it.","Ще одна сторінка щоденника хлопчика, схоже, він не любив свого вітчима. Він також говорив про кулон, можливо, я зможу його знайти."
"B7DEC9234AE879C86CFB66957F21FA8F","August, the 7th 1924My Mom is sad, again… I tried to cheer her up but she was too sad…She is upset about Beardy AGAIN…This morning he yelled at her about his missing pendant. I feel a bit bad, it’s not her fault, but I won’t give it back.He’s such a strange man. I tried to follow him yesterday, but he vanished when I entered his study. He is like a ghost. You see him one minute and the next minute he is gone…From the threshold I hide in opposition to the family reunion.","7-ме серпня 1924 року Моя мама знову сумує… Я намагався її розвеселити, але вона була надто засмучена… Вона знову засмучена через Бороданя… Сьогодні вранці він накричав на неї через свій зниклий кулон. Мені трохи шкода її, це ж не її провина, але я не віддам його назад. Він такий дивний чоловік. Учора я спробував стежити за ним, але він зник, щойно я увійшов до його кабінету. Він як привид. Бачиш його в одну мить — і вже в наступну його немає… Я стою на порозі, не приймаючи участі в родинному «возз'єднанні»."
"5175166146EFB4151BE5B08A3E2B1C58","Simon's diary page 2","Щоденник Саймона, сторінка 2"
"9AC13DBC439EDC14D3D868A830DD633C","The boy is talking about some strange voices. In these old mansions you can literally hear through the walls.","Хлопець розповідає про якісь дивні голоси. У таких старих маєтках можна буквально чути через стіни."
"97691BBF42A00CF9A2C92EBBB0A0D9D7","August, the 13th 1924Last night I couldn’t sleep. I heard strange voices coming from downstairs. I went to the library, the chanting seemed to come from the study. I couldn’t understand what they were saying, they sounded really weird.I talked to Silas about it but he always has crazy theories. He told me that those strange chants are the voices of the deep sea creatures that live under the island. That’s just stupid. He must think I’m a little kid.I did find a sunken panel on the wall next to the bookcase. There’s a symbol on it, it looks like the pendant I have stolen from Beardy but it doesn’t quite fit, something is missing.Anyway he will never understand, so here I stand between a meadow and a sunset.","13-те серпня 1924 року Минулої ночі я не міг заснути. Я чув дивні голоси, що лунали знизу. Я пішов до бібліотеки — здається, співи доносились з кабінету. Я не розумів, що вони казали — звучали справді дивно. Я поговорив про це з Сайласом, але в нього завжди якісь божевільні теорії. Він сказав, що ці дивні співи — це голоси глибоководних істот, які живуть під островом. Ну й дурня. Напевно, він думає, що я ще зовсім дитина. Але я таки знайшов щось —  панель схована в стіні біля книжкової шафи. На ній був символ — схожий на той кулон, який я вкрав у Бороданя, але він не зовсім підходить… чогось бракує. У будь-якому разі, він ніколи нічого не зрозуміє. А я ось стою між галявиною і заходом сонця."
"984A3F1C4E9C6FB4557279A3F0DC73E0","Simon's diary page 3","Щоденник Саймона, сторінка 3"
"7A4346204A20C690C35A6B81A6F648B5","I should take a look at Sarah's studio she seems to spend a lot of time there.","Треба заглянути в майстерню Сари, вона, здається, проводить там багато часу."
"F0EB3B4A47F711E74AF4EAB5DE53AFCA","August, the 21th 1924Mom is acting stranger and stranger every day. She never stops working. Sometimes she paints all night by lamp light. I don’t like her new stuff, it’s creepy. Beardy loves it.Today she screamed at me for no reason and locked herself in her studio. I heard her crying but there was nothing I could do.I HATE THIS ISLAND.I want us to leave together, just Mom and me.I want my real dad back.I miss him so much even though I don’t even remember him.At the center of my houseIt squeaks like a mouseYou can walk on it with graceBut you’ll never find my secret place.","21-ше серпня 1924 року Мама стає все дивнішою з кожним днем. Вона ніколи не припиняє працювати. Іноді вона малює всю ніч при світлі лампи. Мені не подобаються її нові роботи, вони страшні. Бороданю вони дуже подобаються. Сьогодні вона накричала на мене без причини і замкнулась у своїй майстерні. Я чув, як вона плакала, але я не міг нічого зробити. Я НЕНАВИДЖУ ЦЕЙ ОСТРІВ. Я хочу, щоб ми поїхали разом, тільки мама і я. Я хочу, щоб мій справжній тато повернувся. Я так за ним сумую, хоч я і не пам'ятаю його. У центрі мого дому воно піщить, як миша. Ти можеш шукати скільки завгодно. Але ти ніколи не знайдеш моє секретне місце."
"AF94193E45C94BB4CFB46CBE41DC41B3","Simon's diary page 4","Щоденник Саймона, сторінка 4"
"783893A04B23D5F38F50B097F6228F24","A .45 Colt bullet for the Smith & Wesson M1917.","Куля .45 Colt для револьверу Smith & Wesson M1917."
"F5FE919347972815B74C82AD669D7176","Colt bullet","Куля для Colt"
"E8176C1849E937AB89D9819BC72516DB","A revolver bullet","Револьверна куля"
"2789AA864C0D09E635EDD38CA8D0EE3C","Revolver bullet","Револьверна куля"
"B52C9ACF42BEE6AE54E8818C54DF66AE","Record cylinder","Звукозаписний циліндр"
"31EAEC06435F600D3939B2B53188CA31","ITEM_CYLINDER_DESCRIPTION",""
"87F21FD246053DF044FC1D995650513A","ITEM_CYLINDER_LONGDESCRIPTION",""
"68F267B94E84979AA371CC9D11E62EFF","Cylinder Drake to Sarah","Циліндр Дрейка для Сари"
"E28572FE4B537C1C9FED3A9D3FC58A3B","Extra description shown when listened","Додатковий опис відображається під час прослуховування"
"8389F285445A77E501A3AE98F184D748","Record cylinder","Звукозаписний циліндр"
"866E4B0C42961726A743C3ADD3968F32","Cylinder","Циліндр"
"F098910B4EF3C438E501479DF35D0E2A","ITEM_CYLINDER_DESCRIPTION",""
"93FB4BAE49C12C71F064BFB17DD7CD91","ITEM_CYLINDER_LONGDESCRIPTION",""
"86026C6840FB6AB69DBE1780455E4967","Cylinder Sarah to drake","Циліндр Сари для Дрейка"
"785907244B166F0F4FD8AE831F06AFAE","An item where you can you use skill for more clues","Застосування навички дозволяє дізнатися більше про предмет, щоб отримати більше доказів"
"C1B92D034BB132A6C47212869EBFAB45","An item where you can you use skill for more clues","Застосування навички дозволяє дізнатися більше про предмет, щоб отримати більше доказів"
"E50146DB40C62DEB651C48823A3D15CB","Item deduction skill","Аналіз предмета"
"5A7984D4417C6088A4EA1DBAFEA4592C","An item where you can you use skill for more clues","Застосування навички дозволяє дізнатися більше про предмет, щоб отримати більше доказів"
"E3E095A84BBB5DBA810C8BA3CF6272FB","An item where you can you use skill for more clues","Застосування навички дозволяє дізнатися більше про предмет, щоб отримати більше доказів"
"87EC24D1420F7CA71103D38E5127B293","Item deduction skill","Аналіз предмета"
"994CD06548B7F861FE2CEBB61E125FEA","An item where you can you use skill for more clues","Застосування навички дозволяє дізнатися більше про предмет, щоб отримати більше доказів"
"9F1F0FD44E6B8AFD5C863697F21C14C1","An item where you can you use skill for more clues","Застосування навички дозволяє дізнатися більше про предмет, щоб отримати більше доказів"
"C90CC90B45DE8D451B7829A17C71E88B","Item deduction skill","Аналіз предмета"
"A3B6F0A4473302EF7F369FA7C7D85104","An item where you can you use skill for more clues","Застосування навички дозволяє дізнатися більше про предмет, щоб отримати більше доказів"
"4C77A2DA4BB3AB7AF52C4692921FB624","An item where you can you use skill for more clues","Застосування навички дозволяє дізнатися більше про предмет, щоб отримати більше доказів"
"5AB21E3B4043A83F92D85DA4E4E907E4","Item deduction skill","Аналіз предмета"
"9E8C2584470C527BFBA58585046D025A","Hook","Виявити зачіпку"
"C54AA5C04FE6A7CD22577AB58E56F575","Hook","Виявити зачіпку"
"36EE954F48B23A1FF4D3338AFCA9746E","Hook","Виявити зачіпку"
"F08125F54776395C197ED9B79C6B41A8","It is strange to see this kind of lamp in a mansion. It's still hot, it might have been used recently.","Дивно бачити таку лампу в маєтку. Вона ще гаряча, можливо, її нещодавно використовували."
"73CB25F94FA43ED01A384BA90CD5F948","Old hurricane lamp, still working. I've just got to be careful; it burns a lot of oil.","Стара гасова лампа, все ще працює. Треба тільки бути розсудливим, вона спалює багато палива."
"A6E198304103DAE1A603C396885B410A","Hurricane lamp","Гасова лампа"
"CA93970844D736A6495F29998EC6FB59","It is strange to see this kind of lamp in a mansion. It's still hot, it might have been used recently.","Дивно бачити таку лампу в маєтку. Вона ще гаряча, можливо, її нещодавно використовували."
"2B9ADCDF4508F8C151010E8382D976F1","A hurricane lamp, still in working condition. I've got to be careful; it burns a lot of oil.","Стара гасова лампа, все ще працює. Треба тільки бути розсудливим, вона спалює багато палива."
"EB4A3CE241011FCFA502CB84376A4CA6","Hurricane lamp","Гасова лампа"
"08713B344110B88C743083A76DD04276","My old lighter","Моя стара запальничка"
"A88A814049BF24AA9ABD21B6A5ACE5EE","My old lighter, that I engraved in memory of the 77th Infantry Division and the men of the Lost Battalion who fell.","Моя стара запальничка, яку я вигравіював у пам'ять про 77-у піхотну дивізію та загиблих бійців «Загубленого батальйону»."
"AB57F7B34B133F2DBFB3378003DD4F46","Lighter","Запальничка"
"243DCBF2413E07CFE152418D08ED12D2","Lock pick","Відмичка"
"61EE755E4C544D60BA4E0BB673DE8C80","Lock pick","Відмичка"
"8BA802484CFCE01EB7DD4DA3566E21E6","[WONT] Lock pick","[WONT] Відмичка"
"51DEB1DD4201F7BEE9F18FBD9A8C9B4B","A notebook dedicated to investigation files.","Блокнот, присвячений матеріалам слідства."
"047E75FA464FB4038A69D6B46C6EF69A","A notebook dedicated to investigation files. I like to keep track of what I'm doing or what I found during a case.","Блокнот, присвячений слідчим матеріалам. Мені подобається відстежувати, що я роблю або що я знайшов під час розслідування."
"06E1F7434AB0ED18D968479F963CA4E2","Investigation files","Слідчі матеріали"
"9C0C3185493F9952A58299B2DA19CC14","The Boston Daily, a few days old now.","«Бостон Дейлі», кілька днів тому."
"1DA479224769A0800E9D9081F0FD17C2","The Boston Daily, a few days old now. Apparently the Red Sox won... I stopped caring about all that a long time ago.","«Бостон Дейлі», кілька днів тому. Мабуть, «Ред Сокс» виграли... Мене це вже давно не цікавить."
"2636912E4515DF75026529A9BA622465","The Boston Daily","«Бостон Дейлі»"
"FE47E5BA49DEEE95B6BD0F80EEC47E57","This painting depicts a monstrous silhouette threatening a woman and child. Flames can be made out in the background. Stephen Webster, the father of Sarah Hawkins, thinks that it is linked to the death of his daughter.","На цій картині зображено монструозний силует, що загрожує жінці та дитині. На задньому плані видніється полум'я. Стівен Вебстер, батько Сари Гокінс, вважає, що це пов'язано зі смертю його дочки."
"8FDD2DFB4B238052FD6096A8B9FFE7F2","Painting by Sarah Hawkins","Картина Сари Гокінс"
"D2BA09064595AEF18A511094D878CFAD","A Private Investigator Diplome from several years ago.","Диплом приватного детектива, отриманий кілька років тому."
"6D833B3741B4C521D19D2083A2EE55F5","This piece of paper gives me the right to exercise as a private detective. Since the Wentworth Agency doesn't attract top-notch cases, this job didn't turn out to be as exciting as expected.","Цей папірець дає мені право працювати приватним детективом. Відтоді, як агенція «Вентворт» перестала отримувати гучні справи, це не дуже захоплююча робота."
"923F8A0F43437B6B1B939EA4CD80D83A","Private detective permit","Ліцензія на приватну детективну діяльність"
"2511CE2A4F840CF93B6DE8A166CCB838","A photo showing the 307th Infantry Regimen","Світлина 307-го піхотного полку"
"C092A6E842C1FD6E145683877015E9AE","It was all that was left of our company after our return from the Argonne Forest. They decorated us; sent us home and named us the Lost Battalion.","Це все, що залишилося від нашої роти після повернення з Аргоннського лісу. Нас нагородили, відправили додому і назвали «Загубленим батальйоном»."
"60224F804CA0558C8C5261AEE510921A","Picture of the 307th Infantry Regiment","Зображення 307-го піхотного полку"
"C739DE564CA8455A3D83839C352A5BA6","Opens the Archives of the Police Station.","Дає доступ до архівів відділу поліції."
"9ACD67B2438528AB0146AE9F951441C7","This key opens the Archives of the Police Station. I ""borrowed"" it from a policeman.","Цей ключ дає доступ до архівів відділу поліції. Я «позичив» його в поліцейського."
"54F15F0F4E0ECFBB49FB829F87BD66FF","Archives Key","Ключ до архівів"
"0B893E474F50D0F0C1D655B7983589F7","The Hawkins family's death reports.","Звіти про смерть родини Гокінсів."
"802D4B3F419E864612D3738DC9B2CB82","The Hawkins family's death reports. Without the bodies, it's hard to figure out what exactly might be wrong in it. They were all done by the same ""Doctor Fuller"".","Звіти про смерть родини Гокінсів. Без тіл важко з'ясувати, що саме могло статися. Всі вони були зроблені одним і тим же «доктором Фуллером»."
"FB441A644FB11F333A1A1A89E33B007A","Hawkins' death reports","Звіти про смерть Гокінсів"
"E68009E145D8AB1904A96C8E6AFEB6F3","This Boston Daily is several weeks old.","Цьому випуску «Бостон Дейлі» вже кілька тижнів."
"450549734993E98BCA65DB9F7B402D77","This Boston Daily is several weeks old. These policemen apparently don't have much contact with the mainland. This strange weather must be pretty bad for the Island though...","Цьому випуску «Бостон Дейлі» вже кілька тижнів. Ці поліцейські, вочевидь, не мають особливого зв'язку з материком. Схоже насувається шторм... і не лише на морі"
"AF7166CF4FC07BFAFF61F69B464000AF","Old Boston Daily","Старий випуск «Бостон Дейлі»"
"30B631F34C976A7F6191D18AB31DA626","The official police report on the Hawkins Case.","Офіційний поліцейський звіт у справі Гокінсів."
"14808DD14016D46B28AD1BA16D0F60F2","Officer Bradley's report. On August 23, 1924 at 0:24, the officers responded to a call concerning deaths in fire at Hawkins Mansion.The call was made by Silas Winchester, caretaker of the mansion.","Звіт офіцера Бредлі. 23 серпня 1924 року о 00:24 офіцери відреагували на виклик щодо смертей унаслідок пожежі в маєтку Гокінсів. Виклик зробив Сайлас Вінчестер, доглядач маєтку."
"6309A04D46E0947E077C308E9D4FC1C4","Hawkins Case's official report","Офіційний звіт у справі Гокінсів"
"B618176B4F42F44EEE6C749EFF4BCC00","Opens the service door of the Hawkins Mansion.","Відмикає службові двері в маєтку Гокінсів"
"285D64D94162D6F3BCAE36A9066D8D00","I've got hold of the key that opens the door to the tradesman's entrance of the Hawkins mansion. I hope that it was worth the risk.","У мене в руках ключ, який відмикає службові двері в маєтку Гокінсів. Сподіваюся, воно варте того, щоб ризикнути."
"10D08C324011D1384AE7FB9383CCAA63","Key to the tradesman's entrance","Ключ до службового входу"
"BE2FFA4B4A1F1C7A7DC76F8BEB887997","A pack of Lucky Star cigarettes.","Пачка цигарок «Lucky Star»."
"42261C7F43AF23DD3F0D4E9593D7C58D","A pack of Lucky Star cigarettes. This brand is pretty hard to find.","Пачка цигарок «Lucky Star». Цей бренд досить важко знайти."
"7E64E6344BABE42AE14E3FA8932888D3","Cigarette pack","Пачка цигарок"
"A72AB8684347711B006F438DCF1C5001","A wooden carved whale, probably a child's toy.","Дерев'яний різьблений кит, ймовірно, дитяча іграшка."
"FA5D5AD64E196A707807C686107D8BDD","A figurine of a whale carved from wood. It's the sort of toy that sailors made for their children.","Фігурка кита, вирізана з дерева. Такі іграшки робили моряки для своїх дітей."
"A665B4BF44FD5DA8A194BDA99F8BEE1D","Small wooden whale","Маленький дерев'яний кит"
"7C15661147F78AA18D3037BC0902F9D2","A prescription of barbiturates for Sarah.","Рецепт на барбітурати для Сари"
"6419C51E4BD7B31F4E2E8C8919980BDC","Doctor Thomas Fuller<lf>Riverside Institute<lf>DARKWATER, MASSACHUSETTS<lf><lf>DATE 07/21/24….<lf><lf>75 mg of Amobarbital Sodium to be taken every four to six hours, as required.<lf>If attacks become too violent, add 25 mg of Phenobarbital up to three times a day.<lf>Do NOT consume alcohol or any other medication during the period of treatment.<lf><lf>Doctor Thomas Fuller<lf><lf>TAKE TO<lf>Darkwater General Store","Доктор Томас Фуллер<lf>Інститут Ріверсайдт<lf>ДАРКВОТЕР, ШТАТ МАССАЧУСЕТС<lf><lf>ДАТА: 21.07.1924....<lf><lf>75 мг амобарбіталу натрію приймати кожні 4-6 годин, за необхідності.<lf>Якщо напади стають надто сильними, додайте 25 мг фенобарбіталу до 3-х разів на день.<lf> НЕ вживайте алкоголь або будь-які інші ліки під час лікування.<lf><lf>Доктор Томас Фуллер<lf><lf>ДОСТАВИТИ ДО:<lf>Універсальна крамниця Дарквотера."
"07B91CDE44DC03EE644ED5B86FD46741","Prescription","Рецепт на ліки"
"6F61FB484E077EA4E13D17B9669BEEBD","A small barbiturate vial.","Невелика ампула барбітуратів"
"79E0CBCF4D4545BC929E898CA4EB4AC6","Barbiturates. They act as a depressant of the nervous system but, once you begin, you can never live without them. Of that I know something.","Барбітурати. Вони пригнічують нервову систему, але варто лише почати—і вже не зможеш жити без них. Про це я знаю як ніхто інший."
"F991E0E54D78F5CBE79364AAA4252819","Barbiturates","Барбітурати"
"8109D74141B07C1A54ADB6A184742ED8","Two boat tickets for France.","Два квитки на круїз до Франції."
"AC25690C4789C46A0FF15D8C3FCFAAEC","Two boat tickets for Le Havre, followed by train tickets to Paris, one-way. One of them is for a child: she probably intended to run away with Simon.","Два квитки на круїз до Ле-Гавру, а потім квитки на потяг до Парижа, в один бік. Один з них—для дитини: вона, ймовірно, мала намір втекти з Саймоном."
"8CDA72D1475FDB892EA4F6A64A86FC6B","Boat tickets","Квитки на круїз"
"0F310D2A492757796E6727BDEE12ABC1","A luxurious, now scorched clock.","Розкішний, але вже обгорілий годинник."
"604DD213492DF2F568C7D5B273D2B65D","The glass of this heavy clock is broken and the hands show 10 o'clock. It could give the time of the fire, or have nothing to do with it.","Скло цього важкого годинника розбите, а стрілки показують 10-ту годину. Він може показати час пожежі, а може й не мати до цього жодного відношення."
"8D1155184C1A040F5DBA44AE22A98A35","Broken clock","Зламаний годинник"
"798A09334308BAED2DCA54AB52521887","Tiny glass shards.","Крихітні уламки скла"
"50CFDF8747936B29EF608E912615F03B","Splinters of glass that are still scattered across the floor of the floor of the Hawkins drawing room. They are stained with blood.","Уламки скла, які досі розкидані по підлозі вітальні Гокінсів. Вони заплямовані кров'ю."
"FA4D51F74BF3DA5DAFFA6495501F9A03","Splinters of glass","Уламки скла"
"093D01F3475CA8DCE8705CB769888CDA","A broken oil lamp. Allegedly the cause of the fire.","Розбитий каганець. Імовірно, це стало причиною пожежі."
"972F491D49D9C560BA4DC2B19786CA36","According to the police report, this lamp is the cause of the accidental fire that destroyed the mansion. However, blood stains on the debris tell a very different story...","Згідно зі звітом поліції, саме ця лампа стала причиною пожежі, яка знищила маєток. Однак плями крові на уламках свідчать зовсім про інше..."
"5719E9964320C9F8D75725936E5137C9","Smashed oil lamp","Розбитий каганець"
"BCD0470F475B973C5F038081D2D4C73A","A letter from Doctor Fuller to Charles' Hawkins about Sarah's mental condition.","Лист доктора Фуллера до Чарльза Гокінса про психічний стан Сари."
"0AAF765043B509405D6E7E9758159D83","Charles, <lf><lf>I understand your worries, but I assure you that Sarah is in good hands here at the Riverside Institute.<lf><lf>It goes without saying that her state requires very specific care and a high level of attention. Her full potential will only be able to express itself if she is placed in a secure environment and surrounded by qualified staff. <lf><lf>The decision is yours, of course. But I seem to understand that you are running out of time.<lf><lf>Your friend,<lf><lf>Thomas Fuller","Чарльзе,<lf><lf>Я розумію ваше занепокоєння, але запевняю вас, що Сара в надійних руках тут, в Інституті Ріверсайд.<lf><lf>Зрозуміло, що її стан вимагає дуже специфічного догляду і високого рівня уваги. Її потенціал зможе повністю розкритися лише в тому випадку, якщо вона буде перебувати в безпечному середовищі та в оточенні кваліфікованого персоналу.<lf><lf>Рішення, звичайно, за вами. Але я розумію, що часу у вас обмаль.<lf><lf>З повагою, ваш друг,<lf><lf>Томас Фуллер"
"0D8C689E41D93CCCFB1A34827E3ADB81","Letter from Dr Fuller","Лист від доктора Фуллера"
"0EA6738543EC08BD189EC89428AF2BB1","A pile of opened letters from Sarah's father.","Купа відкритих листів від батька Сари."
"8B03F1FB46DAEB26751FF59713457C6A","These letters have been opened but, visibly, have not left Charles Hawkins' office. They are tied together by a carefully knotted braid. Why did Hawkins intercept his wife's mail?","Ці листи були відкриті, але, очевидно, не покидали кабінету Чарльза Гокінса. Вони пов'язані між собою ретельно зав'язаною тасьмою. Навіщо Гокінс перехоплював пошту своєї дружини?"
"0DD098804ADC285DEEF5B9BA6A2163D6","Letters from Sarah's father","Листи від батька Сари"
"987B9F6D417C0C1116CD8785E4F19EBF","A letter from Sarah's concerned agent.","Лист від стурбованого агента Сари."
"F720FA8E49A39498501BEA924D5093E2","My very dear Sarah, <lf><lf>Ever since you left to bury yourself away on that lost island, your art has been attracting increasing numbers of collectors. I beg you to send me some new paintings. The last ones, so somber and strange, moving as no other paintings have been, are selling at a premium price <lf><lf>Your percentage of these most recent sales is attached. <lf>Do not forget your friend, who was the first to recognize your genius, and display it to the world. <lf><lf>Affectionately yours,<lf>Maximilien L.","Моя люба Саро,<lf><lf>З того часу, як ти поїхала, щоб побути наодинці на тому загубленому острові, твоє мистецтво приваблює все більше поціновувачів. Я благаю тебе надіслати мені кілька нових картин. Останні, такі похмурі і химерні, зворушливі, як жодна інша картина, продаються за високою ціною.<lf><lf>Твій відсоток від продажів закріплений.<lf>Не забувай свого друга, який першим розпізнав твій геній мистецтва і показав це світові.<lf><lf>З любов'ю,<lf>Максиміліан Л."
"B124A843443523014466EB9013521B74","Agent's letter","Лист від агента."
"0FB123F84EC327BE0B01F796F741E490","A copy of Moby Dick.","Копія роману «Мобі Дік, або Білий кит»"
"F77D01B94817483D5DD1DC8C21818800","A copy of the novel Moby Dick by Herman Melville. A classic, especially for a family of ship-owners.","Копія роману Германа Мелвілла «Мобі Дік, або Білий кит». Класика, особливо для родини судновласників."
"4BFA402648E9DF72ACF972AC7048574D","Moby Dick","«Мобі Дік, або Білий кит»"
"D457ADF54F703996997ECC88B143F18A","A toy boat made of metal.","Іграшковий кораблик з металу."
"89E088004B0C31F27E06CF8B749B28B2","A toy boat made of metal. I doubt it can float.","Іграшковий кораблик, зроблений із металу. Сумніваюся, що він попливе."
"65D83DCC481498AE20403EA12FDDC627","Toy boat","Іграшковий кораблик"
"97530C354B37E56BC737A895C1DC81AD","An old Boston Daily newspaper.","Старий випуск газети «Бостон Дейлі»"
"AE0F433848CA46E4C6302A9CD0986190","An old Boston Daily issue. It dates back to several months ago. There is an article about the exhibition of Sarah's unique paintings.","Старий випуск «Бостон Дейлі». Кількамісячної давнини. Там є стаття про виставку унікальних картин Сари."
"C6E458F24B1E40EA564BA481CF3CC25B","Old newspaper","Стара газета"
"3F2154ED4AED3BFD69AEEE807F47E36F","A note from the manager of Darkwater's general store.","Записка від менеджера Універсальної крамниці Дарквотера."
"EE8B15714CE310A4C56F2D9230095712","Dear Sir,<lf><lf>As you know, I have always held you and your family in high respect. Unfortunately, I can no longer continue to close my eyes on the behavior of your wife. <lf>Last week she, again, terrified my clientele. I know that she means no harm, but you should place her in the care of Doctor Fuller. He, alone, seems able to make her come to her senses. <lf><lf>If these disturbances were to recur, believe me that, although it would feel like torture, I would be obliged to involve the police.<lf><lf>Respectfully yours,<lf>Anton Wellard","Шановний пане,<lf><lf>Як ви знаєте, я завжди ставився до вас і вашої родини з великою повагою. На жаль, я більше не можу закривати очі на поведінку вашої дружини.<lf>Минулого тижня вона знову налякала моїх клієнтів. Я знаю, що вона не бажає їм зла, але ви повинні віддати її під опіку доктора Фуллера. Тільки він, здається, здатен привести її до тями.<lf><lf>Якщо ці збурення повторяться, повірте мені, що, може це буде занадто з моєї сторони, я буду змушений залучити поліцію.<lf><lf>З повагою,<lf>Ентон Веллард"
"C44050A241DB1B0CAAA3BD88EA80B721","Letter of complaint","Лист-скарга"
"BAE2EE1A4230BD7CE5842ABA1A185D28","PendantCultistScylla","Кулон окультиста"
"CD1B69464E1BD5687407D5B16F682856","PendantCultistScylla","Кулон окультиста"
"C4A1D7134626AAB63446FA9F4420B5FE","PendantCultistScylla","Кулон окультиста"
"80944B294370A72658C87DABE4BD9FFA","A photography of Sarah and her son, Simon.","Світлина, на якій зображена Сара та її син, Саймон."
"50A0F6954173E3AC93D5528BB72CA80E","A photography of Sarah and her son, Simon. She seems to hold him dear.","Це світлина, на якій зображена Сара та її син, Саймон. Здається, вона його дуже любить."
"8E1CE76240C04714E78E6083B256C72F","Photo of Sarah and her son","Світлина Сари та її сина"
"304407AE42A4EE6A047AEA8394499398","A photography of Simon and what seems to be his father.","Світлина Саймона і, здається, його батька."
"DE1E21E448768F227D1CA5AF8FA28C4B","It's a photography of Simon and what seems to be his father, Sarah's first husband. I think his name was Jonathan....","Це світлина Саймона і, схоже, його батька, першого чоловіка Сари. Здається, його звали Джонатан...."
"82A73CC749B7824199C795A3700F8355","Photo of Simon and his father","Світлина Саймона та його батька"
"49B31A004B6BEB4AF5756E81857C5D2C","Sarah's personal diary.","Особистий щоденник Сари Гокінс"
"C3CC045446F6A3A1DBF989BF9EFFB35C","... color unlike any other. When I give myself over to it, I can paint for hours without anything being able to end the trance.<lf><lf>9th May<lf>Francis insists that I sell him the painting. He does not understand. I cannot part with it. <lf><lf>21st May<lf>Irene is attached to spotless alabaster, but their walls are of the brightest and most unfortunate cochineal that I have ever seen. I think……...which will allow him to send it back. The commission……..<lf><lf>(unreadable date)<lf>The city is still there. I'm going to look at the photographs Charles took on his voyages in order to…….Open my eyes…..Lies! LIES! ","...колір, не схожий ні на жоден інший. Коли я віддаюся цьому, я можу малювати годинами, і ніщо не може вивести мене з цього трансу.<lf><lf>9 травня</lf>Френсіс наполягає, щоб я продала йому картину. Він не розуміє. Я не можу з нею розлучитися.<lf><lf>21 травня<lf>Ірен дуже прив'язана до бездоганного алебастру, але їхні стіни з найяскравішого і найнещаснішого кохінеалу, який я коли-небудь бачила. Я думаю, що........ що дозволить йому відправити її назад. Замовлення........<lf><lf>(нечитабельна дата)<lf>Місто все ще там. Я збираюся переглянути світлини, які Чарльз зробив під час своїх подорожей, щоб.......Розплющити мені очі.....Брехня! БРЕХНЯ!"
"D90A7CAB43787C0CAA28AEA8EE7063D4","Sarah Hawkins' diary","Щоденник Сари Гокінс"
"C96E5D914C84C328B9AEFA8782F1746C","Monday, 24th of May, 1847<lf>42N, 70W. Darkwater Island. We sailed this morning. Heading North. Captain Hamilton is confident that we can beat the Orpheus this season. God be merciful.<lf>Sunday, 30th of May, 1847<lf>47N, 55W. Nothing but a trail of dead whales, floating belly up, like a Sargasso Sea of slaughter. I told Hamilton that this is a bad omen and that we should head back home. He responded that he intends to follow the trail.<lf>Tuesday, 1st of June, 1847<lf>49N, 61W. We landed by a village held by a Nauset tribe. The redskins warned me that the waters are tainted and that we should not challenge the sea gods. I told them that I only fear the Almighty.<lf>Friday, 9th of June, 1847<lf>57N, 51W. We spotted a big whale at distance, robust as a rock and fast as the wind. Hellish sounds, she makes. Hamilton wants it at any cost.<lf>Wednesday, 23rd of June, 1847<lf>33N, 53W. We managed. Most hideous whale I have ever laid my eyes on. This will be remembered as the greatest catch of all times. We lost a few men, but the glory is great. This is a day to remember for the years to come!<lf>Tuesday, 29th of June, 1847<lf>Darkwater. We beat the Orpheus, they came back empty-handed. Hamilton didn’t make it, but what matters is that we’re home. The Scylla is a useless wreck now, although the new Captain said we will not need to whale anymore. I hope he is right.<lf>D. Hawkins","Понеділок, 24 травня 1847 року<lf>42° пн. ш., 70° зх. д. Острів Дарквотер. Ми відпливли сьогодні вранці. Курс на північ. Капітан Гамільтон упевнений, що цього сезону ми зможемо перемогти «Орфея».<lf>Неділя, 30 травня 1847 року,<lf>47° пн. ш., 55° зх. д. Нічого, крім мертвих китів, що пливуть догори черевом, наче в Саргасовому морі. Я сказаа Гамільтону, що це поганий знак і що нам слід повертатися додому. Він відповів, що має намір піти по сліду.<lf>Вівторок, 1 червня 1847 року<lf>49 пн. ш., 61 зх. д. Ми висадилися біля села, яке належало племені наусетів. Червоношкірі попередили мене, що вода тут нечиста і що не варто кидати виклик морським богам. Я відповів їм, що боюся лише Всевишнього.<lf>П'ятниця, 9 червня 1847 року<lf>57° пн. ш., 51° зх. д. Ми помітили здалеку великого кита, міцного, як скеля, і швидкого, немов вітер. Він видає пекельні звуки. Гамільтон хоче зловити його за будь-яку ціну.<lf>Середа, 23 червня 1847 року,<lf>33° пн. ш., 53° зх. д. У нас вийшло. Найогидніший кит, якого я коли-небудь бачив. Світ запам'ятає це як найбільший улов усіх часів. Ми втратили кількох людей, але слава обіцяна. Цей день ми запам'ятаємо на довгі роки!<lf>Вівторок, 29 червня 1847 року<lf>Дарквотер. Ми перемогли «Орфея», вони повернулися з порожніми трюмами. Гамільтон не вижив, але головне, що ми вдома. Тепер від «Сцилли» толку мало, хоча новий капітан сказав, що нам більше не доведеться полювати на китів. Сподіваюся, він має рацію.<lf>Д. Гокінс"
"D94BF1EF446392A6B9AB27B0AAD7D335","Sailor's logbook","Бортовий журнал"
"E921C045463399640023FBAB46F014EC","Monday 24th May 1847<lf>42N, 70W. Darkwater Island. We sailed north all morning.<lf>Captain Hamilton is confident. He says that we'll beat the Orpheus this season. May God be Merciful.<lf><lf>Sunday 30th May 1847<lf>47N, 55W. I preferred it when the whales disappeared without trace. With these carcasses, we can no longer ignore their sad fate. What is eating these huge beasts? I told Hamilton that it was a bad omen. He doesn't care.<lf><lf>Tuesday 1st June 1847<lf>49N, 61W. We dropped anchor near a village. The inhabitants say that the waters are red with the blood of the sacred beasts, and to follow them is to defy the gods. I told them that I only feared God Almighty, but in the loneliness of the hold, I'm scared. <lf><lf>Friday 4th June 1847<lf>57N, 51W. We have sighted a huge whale in the distance. Its size seems to be beyond anything known to man. It sends out an infernal song. Hamilton wants it.<lf><lf>Wednesday 23rd June 1847<lf>33N, 53W. We've caught it! It's the most grotesque whale I've ever laid eyes upon. It will go into memory as the biggest catch ever. Men have died, but we have gained glory. This day will be celebrated for years to come!<lf><lf>Tuesday 29th June 1847<lf>Darkwater. We have beaten the Orpheus, returned with empty holds. The Scylla and Hamilton are only memories.","Понеділок 24 травня 1847 року<lf>42° пн. ш., 70° зх. д. Острів Дарквотер. Ми відпливли сьогодні вранці. Курс на північ. Капітан Гамільтон піднесений. Він каже, що цього сезону ми переможемо «Орфея». Нехай Бог буде милостивий.<lf><lf>Неділя 30 травня 1847 року<lf>47° пн. ш., 55° зх. д. Мені більше подобалося, коли кити зникали безслідно. З цими тушами ми більше не можемо ігнорувати їх сумну долю. Що або хто їсть цих величезних тварин? Я казав Гамільтону, що це поганий знак. Йому чхати.<lf><lf>Вівторок, 1 червня 1847 року<lf>49° пн. ш., 61° зх. д. Ми закинули якір біля села. Мешканці кажуть, що води червоні від крові священних істот, і йти за ними—значить кинути виклик богам. Я сказав їм, що боюся тільки Всевишнього, але на самоті в трюми мені страшно.<lf><lf>П'ятниця, 4 червня 1847 року<lf>57° пн. ш., 51° зх. д. Вдалині ми побачили величезного кита. Його розмір, здається, перевершує все, що відомо людині. Він видає пісню, немов із пекла. Гамільтон хоче його зловити.<lf><lf>Середа 23 червня 1847 року<lf>33° пн. ш., 53° зх. д. Ми спіймали його! Очам своїм не вірю, його розміри неймовірні. Він увійде в пам'ять як найбільший улов за всю історію. Багато людей загинуло, але ми здобули славу. Цей день святкуватимуть ще багато років!<lf><lf>Вівторок, 29 червня 1847 року<lf>Дарквотер. Ми перемогли «Орфея» — вони повернулися з порожніми трюмами. «Сцилла» і Гамільтон — тепер лише спогади."
"239846904CBBD821B745BBA50CF150D5","Old sea map","Стара морська мапа"
"1C548FD54C5982909641CDB159645C45","Somebody has added coordinates to this old sea map. They make up a journey.","Хтось додав координати до цієї старої морської карти. Зайвими в подорожі не будуть."
"DA53FF724C7323DBF545C09BB671E271","A miniature of the Scylla","Мініатюрна модель «Сцилли»."
"736F0BC7415B0250BD317298F30AD9BF","A scale model of the boat stranded at the entrance to Darkwater harbor. It is the exact copy of the one I found in Captain Fitzroy's office.","Масштабна модель корабля, що сів на мілину біля входу в гавань Дарквотера. Це точна копія того, що я знайшов у кабінеті капітана Фіцроя."
"A14B65D54D0AC10A054080B12E1CC706","Model of the Scylla","Модель «Сцилли»"
"06F6090248286CED525AC6839B5D2CC9","Simon's personal diary.","Особистий щоденник Саймона."
"6C2F6419435A7E785270929B7DB85B81","Simon's private journal He seemed worried about his mother and her attacks. Tension also seems to be growing between the Hawkins couple. Could the fire be the result of an argument?","Особистий щоденник Саймона, здається, він хвилювався за матір і її все частіші прояви нестабільності. Напруга між подружжям Гокінсів також, схоже, зростала. Чи могла пожежа стати наслідком їхньої сварки?"
"E0029B4B40A948E1C1B6FABDCFB3F34A","Simon's diary","Щоденник Саймона"
"B55312B24CCA87963DE2EF9487BF96CE","Simon burn","Опік Саймона"
"C052C9C5472E9EE90592CB825271A758","A copy of 20.000 leagues under the seas.","Примірник «20 000 льє під водою»."
"8F40642242C5FBF9EC4AB2A7B1BC34FE","A rare edition of Jules Verne's novel.","Особливе видання роману Жуля Верна."
"CD48CB814A741264E0819886595B5998","20,000 Leagues Under the Sea","«20 000 льє під водою»"
"7FAA2D3D4D8DFED6B80FEFBF8E179B8F","Charles' alleged body, badly decomposed.","Можливе тіло Чарльза, вкрай розкладене."
"49E6C2A544B8C586272B11B14001E37C","Charles' supposed body, badly decomposed. There are several inconsistencies between the body and Charles' death report. This probably isn't Charles, which means the person I remember seeing in the tunnels might actually be him.","Імовірне тіло Чарльза, сильно розкладене. Є кілька невідповідностей між трупом і звітом про смерть Чарльза. Можливо, це не Чарльз, що означає, що той, кого я бачив у тунелях, цілком міг би бути ним."
"831578DF4FF3B076E3BEA9A69B407CFC","Charles' alleged body.","Мабуть тіло Чарльза."
"E6A44F0E4F8BFAAFB32DF59821F848FE","Sarah's supposed body, badly decomposed.","Мабуть тіло Сари, що сильно розклалося."
"D47BA4D24A36A85DF045E7BAED31B9F5","Sarah's supposed body, badly decomposed. The body's characteristics are similar to Sarah's: although unsure, this is likely to be the real Sarah.","Ймовірне тіло Сари, вкрай розкладене. Характеристики трупа схожі на характеристики Сари: хоча я й не впевнений, це, ймовірно, справжня Сара."
"38EE323C4F90726DE47A11A7DE530CBA","Sarah's supposed body","Можливо тіло Сари"
"2379113340042787F2A2FBA504B5F43B","An old shovel.","Стара лопата."
"F9D72ECA476883AE4B5E5DA5B84677D3","An old shovel, probably used for years. It must belong to Silas.","Стара лопата, якою, мабуть, користувалися роками. Можливо, належить Сайласу."
"A18486F54672D755683A4ABAF6198A88","Shovel","Лопата"
"9189DB724CDCE9BF644C30835F2FA2B0","The alleged body of Simon Hawkins, badly decomposed.","Ймовірне тіло Саймона Гокінса, що сильно розклалося."
"BA10C6E947F4CB57CCC24A952C9DF611","Simon's alleged body, badly decomposed. An half-melted pendant is stuck to his sternum, with a photo of him and his mother inside. It probably really is the child.","Імовірне тіло Саймона, вкрай розкладене. До його грудини прилип напіврозплавлений кулон із світлиною нього та його матері. Мабуть, це дійсно дитина."
"BF7D48744C1D94D228B84992420FED97","Simon's body","Тіло Саймона"
"8DCD3D744CBA719DB1CAF6BDCE53981A","Cadastre","Кадастровий документ"
"896E0377409B5E2F978378BA4698995A","My Associate's health record.","Медична картка мого колеги."
"0C23FA8F4D8D77BF894750B20F64586C","My Associate's health record. He went throught something obviously worse then I did. But was it really an accident... ?","Медична картка мого колеги. Він пережив щось набагато гірше, ніж я. Але чи був це справді нещасний випадок...?"
"79822A4447E76A048A95198E0814CDB7","Associate's Health Record","Медична картка колеги"
"6F11A0D6451983A8EC3D9ABC8B3DAF84","A crazy patient's health reccord","Медична картка божевільного"
"86F78D3646602637459D3AABADA1637A","This patient was sent from the Asylum. He obviously doesn't have all his mind, but it's good to see him treated correctly.","Цього пацієнта прислали з психлікарні. Очевидно, що він не зовсім при своєму розумі, але приємно бачити, що до нього ставляться правильно."
"96A289A84CE3FA43FB6F95832110DD12","Crazy patient's health reccord","Медична картка пацієнта з психічними розладами"
"389ACDBC44A83E7311B5C5BDF8F71EE5","DRUGS","НАРКОТИКИ"
"8AC07E204551E9642AF818BFA207365E","DRUGS","НАРКОТИКИ"
"790C53444C789CC611D503908C2936CE","Opens Fuller's Office in the Hospital","Відкриває кабінет Фуллера в лікарні."
"E8F69AF34D0C87C96070A295E415B0A9","This key opens Fuller's Office in the Hospital. I took them in the Reception.","Цей ключ відкриває кабінет Фуллера в лікарні. Я взяв його на рецепції."
"802D9F5C443B27E7D211589E51503151","Fuller's Office Key","Ключ від кабінету Фуллера"
"6F0DBC6F4D6AA0854AC7259B07030C22","A patient's health record.","Медична картка пацієнта"
"5D8139DB447F82B6FA375480306B074B","This patient has an advanced case of tuberculosis. Apparently, he doesn't have much time left.","У цього пацієнта прогресуюча форма туберкульозу. Очевидно, у нього залишилося небагато часу."
"2C8EE310426D327FB0A8D79CB5FA722D","Patient's Health Record","Медична картка пацієнта"
"EE28C5DA47DEDFAB6F1208B3A56F99AA","A patient's health record.","Медична картка пацієнта"
"9B18142E416FD428474F4BA3E80B5E06","This patient got a double leg fracture while exploring the old Whaling Station... People really seem to get hurt easily here.","Цей пацієнт отримав подвійний перелом ноги, досліджуючи стару китобійну станцію... Здається, люди тут дуже легко травмуються."
"91FC2E8A4B11A41868975497E50B0002","Patient's Health Record","Медична картка пацієнта"
"96AB0E8E467472749466B3B95EB275CA","A patient's health record.","Медична картка пацієнта."
"8777BFA9445E02B2D93EEB9680168954","This patient gets one bleeding per day. Who even bleeds people nowadays?","Цей пацієнт має по одному кровопусканню на день. Хто взагалі зараз практикує таке?"
"A726E7C4416D5B6023753DA1EC037357","Patient's Health Record","Медична картка пацієнта"
"141EDBC84FE179022A56BD8CBFE0C061","A patient's health record.","Медична картка пацієнта."
"93CA2B8240779DA59DE53AB189519DE3","This patient has been stuck here for a month because of a simple cold. How come he didn't get better after all this time? Especially since the treatment seems to be effective...","Цей пацієнт застряг тут на місяць через звичайну застуду. Чому за цей час йому не стало краще? Тим більше, що лікування начебто ефективне..."
"8DC8C50E4D652540DCD22A9C36D742DB","Patient's Health Record","Медична картка пацієнта"
"E59E2FF3488FE00C7060C09D80425280","A patient's health record.","Медична картка пацієнта."
"83D686BA4938877322F63AAC7026AC69","This patient died of an infection this morning. People often underestimate how dangerous they can be.","Цей пацієнт помер від інфекції сьогодні вранці. Люди часто недооцінюють, наскільки небезпечними вони можуть бути."
"F14C3B38476BFD934F2F3293AFBF508A","Patient's Health Record","Медична картка пацієнта"
"997AFC7F4FB16E847C5C40B1D35CC68F","A patient's health record.","Медична картка пацієнта."
"D0618389465E8118783C25A08C841E59","This patient has a miscarriage... It probably isn't easy for her. They aren't much children at all on the Island, actually.","Ця пацієнтка пережила викидень... Ймовірно, їй нелегко. Насправді на острові майже немає дітей."
"025E165A43E6DCCBE709CD8EE92A3591","Patient's Health Record","Медична картка пацієнта"
"A9D9CFA548BEF92CD131758A2F02C46F","A patient's health record.","Медична картка пацієнта."
"6D6482F841732A467CAF028E7EB1EBA9","This patient died of pneumonia. A classic, even here.","Цей пацієнт помер від пневмонії. Класика, навіть тут."
"100755FC4E54B44431260A9CE555C3CD","Patient's Health Record","Медична картка пацієнта"
"CA346A9742D3F9E330BF469429EDF722","A patient's health record.","Медична картка пацієнта."
"829638CC45A2E3F8B02A3F884A75FF37","This patient apparently has an ""unknown disease""... They should consider putting him in quarantine.","Цей пацієнт, ймовірно, має «невідому хворобу»... Їм слід розглянути можливість помістити його в карантин."
"FA1987DA415B0848E6B5EF8F7894468D","Patient's Health Record","Медична картка пацієнта"
"70B3990446B98931F714608295A35FDF","Jewel CHeif nurse","Головна медсестра Джул"
"40C9E0164A1F7052F67544A4F7F5938B","Jawel with cheif nurse picture","Джул зі світлиною головної медсестри"
"6F0D5BED44A22386654A05AEEA202B3D","Jewel CHeif nurse","Головна медсестра Джул"
"BB8B01454A5AF99EB18ADE99320EFE81","The Does' health records.","Медичні картки родини Доу."
"215C793544C0C1EAD4328BAAA77FF310","The Does' health records. According to this, they died in a fire the very day the Millers disappeared. This can't be a coincidence: someone messed with these bodies to hide something else. The people burried in the Mansion might very well not be the Hawkins' after all...","Медичні картки родини Доу. Згідно з ними, вони загинули під час пожежі в той самий день, коли зникли Міллери. Це не може бути збігом: хтось маніпулював тілами, щоб приховати щось інше. Можливо, тіла, поховані в маєтку, насправді не належать родині Гокінсів..."
"0F3B193B4F62747A958C2AA21D40A4A6","Does' health records","Медичні картки родини Доу."
"A47192444186D8C917D7CC90A4ADADB0","Order","Наказ"
"77D406BD436B81F680019AB389FB32AC","A simple but functional wrench.","Простий, але функціональний гайковий ключ."
"8D4FA09F4EAC357C163743B9C732E488","A simple monkey-wrench It could prove useful.","Простий гайковий ключ. Він може бути корисним."
"FB8777F640D5326A53357D8C60CF4678","Monkey-wrench","Гайковий ключ"
"DBF46BEE4088BAB757ABA2AA3D558EF4","Valve","Вентиль"
"494638A64C053242B69B78BF29AC1854","An ancient Frisian manuscript translated by William R. Sandbach.The text claims that the Europe and other lands were anciently ruled by folk-mothers, and that our alphabet derives indeed from the Frisian language.","Давній фризький манускрипт, перекладений Вільямом Р. Сандбахом. Зміст стверджує, що Європою та іншими землями колись правили матері-народи, і що наша абетка насправді походить від фризької мови."
"82C98AFD4FA18E6BFC140FAF77ABF717","An ancient Frisian manuscript translated by William R. Sandbach.<lf><lf>The text claims that, in the distant past, Europe and other continents were controlled by the mothers of this people and, moreover, that our alphabet is derived from the Frisian language.<lf><lf>This volume is part of the Arkham Anthology. A luxurious collection of treaties and works on esotericism and the supernatural.","Давній фризький манускрипт, переклад — Вільям Р. Сандбах.<lf><lf>Зміст стверджує, що Європою та іншими землями колись правили матері-народи, і що наша абетка насправді походить від фризької мови.<lf><lf>Цей том є частиною «Аркгемської антології». Розкішна колекція трактатів і творів про езотеризм та надприродне."
"205E0E80447FDCCE1793C0AF88378BB5","Arkham Anthology, Volume I - Oera Linda","«Аркгемська антологія», том І — Оера Лінда"
"39CCBAE24D08ED0BB2A4D2B8E5DD984F","Written by Hermes Trismegistus, translated and edited by Nathanael M. Coppelius.This is a collection of wisdom texts written by a legendary philosopher. It includes a translation of the Emerald Tablet, a cult text among 16th century alchemists.","Написано Гермесом Трисмегістом, перекладено та відредаговано Натаніелем М. Копеліусом. Це збірка текстів мудрості, написаних легендарним філософом. Вона включає переклад Смарагдової таблиці, культового тексту серед алхіміків 16 століття."
"8F1472FF401244E35F27DBA2EF0CDF0E","Written by Hermes Trismegistus, translated and edited by Nathanael M. Coppelius.<lf><lf>This collection of texts on different beliefs was written by a legendary philosopher. It includes a translation of the Emerald Tablet, a popular text among 16th century alchemists.<lf><lf>This volume is part of the Arkham Anthology. A luxurious collection of treaties and works on esotericism and the supernatural.","Автор — Гермес Трисмегіст, переклад і редагування — Натаніель М. Копеліус.<lf><lf>Це збірка текстів мудрості, написаних легендарним філософом. Вона включає переклад Смарагдової таблиці, культового тексту серед алхіміків 16 століття.<lf><lf>Цей том є частиною «Аркгемської антології». Розкішна колекція трактатів і творів про езотеризм та надприродне."
"DD24230E48EE46B03955BD94D4778288","Arkham Anthology, Volume II - Corpus Hermeticum","«Аркгемська антологія», том II — «Герметичний корпус»"
"55089786478DFED6646469989CBD33FA","A collection of essays on American folklore and urban legends, written by Albert Wilmarth, professor at the Miskatonic University.","Збірка есеїв про американський фольклор та міські легенди, написана Альбертом Вільмартом, професором Міскатонікського університету."
"BC53BDC64A0179A00FED06BEFE4A1569","A collection of essays on American folklore and urban legends, written by Albert Wilmarth, professor at Miskatonic University.<lf><lf>This volume is part of the Arkham Anthology. A luxurious collection of treaties and works on esotericism and the supernatural.","Збірка есеїв про американський фольклор та міські легенди, написана Альбертом Вільмартом, професором Міскатонікського університету.<lf><lf>Цей том є частиною «Аркгемської антології». Розкішна колекція трактатів і творів про езотеризм та надприродне."
"9D803EDC47A4629BC41D248837767F42","Arkham Anthology, Volume III - Things that should not be","«Аркгемська антологія», том III — «Те, чого не повинно бути»"
"2EDA2163439A1180061417A85C60DCAD","A grimoire allegedely written by the legendary King Solomon. It contains several invoking rituals and curses.Re-edition by Claudia D. Waites, based on L.W. de Laurence's original.","Ґримуар, ймовірно, написаний легендарним царем Соломоном. Він містить кілька ритуалів виклику та проклять. Перевидання Клаудії Д. Вейтс на основі оригіналу Л.В. де Лоуренса."
"8809C28048DB5839D6A7C3BC31404EEE","A book of spells supposedly written by the legendary King Solomon. It contains various rituals of invocation and rituals of curse.<lf><lf>Re-edition by Claudia D. Waites, based on L.W. de Laurence's original.<lf><lf>This volume is part of the Arkham Anthology. A luxurious collection of treaties and works on esotericism and the supernatural.","Книга заклинань, яку нібито написав легендарний цар Соломон. Вона містить різноманітні ритуали виклику та ритуали прокльонів.<lf><lf>Перевидання Клаудії Д. Вейтс на основі оригіналу Л.В. де Лоуренса.<lf><lf>Цей том є частиною «Аркгемської антології». Розкішна колекція трактатів і творів про езотеризм та надприродне."
"6C6B949044E4F39BBBC628A4D105D4A9","Arkham Anthology, Volume IV - The Key of Solomon","«Аркгемська антологія» том IV — «Ключ Соломона»"
"4266D5C042D08CF0FA22ACA8C00D0E12","One of the best known treatises on the identification, prosecution and extermination of Witches. It served as a guide to Inquisitors, and reinforced the superstitious beliefs and misconceptions about witchcraft across Europe.Written by J. Sprenger & H. I. Kramer, edited by Laban Shrewsbury, PhD.","Один з найвідоміших трактатів про виявлення, переслідування та знищення відьом. Він слугував керівництвом для інквізиторів і зміцнював забобонні вірування та хибні уявлення про чаклунство по всій Європі. Автори: Я. Шпренгер та Г. І. Крамер, за редакцією Лабана Шрусбері, доктора філософії."
"A7A857BA40C035442E3A22BCCF07E4D7","One of the best known treatises on the identification, prosecution and extermination of witches. It served as a guide to inquisitors, and reinforced the superstitious beliefs and misconceptions about witchcraft across Europe.<lf><lf>Written by J. Sprenger & H. I. Kramer, edited by Laban Shrewsbury, PhD.<lf><lf>This volume is part of the Arkham Anthology. A luxurious collection of treaties and works on esotericism and the supernatural.","Один з найвідоміших трактатів про виявлення, переслідування та знищення відьом. Він слугував керівництвом для інквізиторів і зміцнював забобонні вірування та хибні уявлення про чаклунство по всій Європі.<lf><lf>Автори: Я. Шпренгер та Г. І. Крамер, за редакцією Лабана Шрусбері, доктора філософії.<lf><lf>Цей том є частиною «Аркгемської антології». Розкішна колекція трактатів і творів про езотеризм та надприродне."
"5104AA0B43C171C4FE1D1D80ABCCBF17","Arkham Anthology, Volume V - Malleus Maleficarum","«Аркгемська антологія» том V — «Молот відьом»"
"8F845B9A41A7C1045BAA629A07EF0CAB","A collection of long-term astrology predictions written in verses.Written by Nostradamus, translated by E. Leoni and Theophilus Widebridge.","Збірка довгострокових астрологічних прогнозів, написаних у віршах. Автор — Нострадамус, переклали Е. Леоні та Теофіл Вайдбрідж."
"4B066BC043A7ACE572E43CBA24DA6127","A collection of long-term astrological predictions, written in verse.<lf><lf>Written by Nostradamus, translated by E. Leoni and Theophilus Widebridge.<lf><lf>This volume is part of the Arkham Anthology. A luxurious collection of treaties and works on esotericism and the supernatural.","Збірка довгострокових астрологічних прогнозів, написаних у віршах.<lf><lf>Написано Нострадамусом, перекладено Е. Леоні та Теофілом Вайдбріджем.<lf><lf>Цей том є частиною «Аркгемської антології». Розкішна колекція трактатів і творів про езотеризм та надприродне."
"827892564D6E98A62FA24784BB90CB13","Arkham Anthology, Volume VI - The Prophecies","«Аркгемська антологія», том VI — «Пророцтва»"
"01125D5946EC72B5517EFF9B4D1DD01E","Written by Helena Petrovna Blavatsky. A book of esoteric philosophy, and a key text in Madame Blavatsky's theosophical movement.","Написана Оленою Петрівною Блаватською. Книга з езотеричної філософії та ключовий текст у теософському русі пані Блаватської"
"65742F98476B67B16C655291AF63947B","A book of esoteric philosophy, and a key text in Madame Blavatsky's theosophical movement. <lf><lf>Written by Helena Petrovna Blavatsky.<lf><lf>This volume is part of the Arkham Anthology. A luxurious collection of treaties and works on esotericism and the supernatural.","Книга з езотеричної філософії та ключовий текст у теософському русі мадам Блаватської.<lf><lf>Писала Олена Петрівна Блаватська.<lf><lf>Цей том є частиною «Аркгемської антології». Розкішна колекція трактатів і творів про езотеризм та надприродне."
"24B169214E0A56DDE9872887E2DCD056","Arkham Anthology, Volume VII - Isis Unveiled","«Аркгемська антологія», том VII — «Відкрита Ізіда»"
"A4E306BC4785B95D0C3335A627481261","Opera in eight acts by Benvenuto Chieti Brodighera.","Опера на вісім дій Бенвенуто К'єті Бродігера."
"19E1B8474D7446D291A98896240F8A7C","Opera in eight acts by Benvenuto Chieti Brodighera. An infamous lyrical work published in Italy in 1768. It is said that the opera was performed only once, resulting in an audience riot that left several dead and missing.<lf><lf>This volume is part of the Arkham Anthology. A luxurious collection of treaties and works on esotericism and the supernatural.","Опера на вісім дій Бенвенуто К'єті Бродігера. Сумнозвісний ліричний твір, опублікований в Італії в 1768 році. Кажуть, що опера була виконана лише один раз, що призвело до бунту публіки, у результаті якого кілька людей загинули і зникли безвісти.<lf><lf>Цей том є частиною «Аркгемської антології». Розкішна колекція трактатів і творів про езотеризм та надприродне."
"6767D500475BA49F734026ADFED9B6D7","Arkham Anthology, Volume VIII – Massa di Requiem per Shuggay","«Аркгемська антологія», Том VIII – «Реквіємна меса для Шуггая»"
"8A92840C4BECECA28CC33C87B5B03041","A collection of poems by Edward Pickman Derby.","Збірка віршів Едварда Пікмана Дербі."
"67338BEE4D11377DEA540482B31803AB","A collection of poems by Edward Pickman Derby.<lf><lf>Also known as the ""Nightmare-lyrics"", this collection of poems was sensationally received when first published in 1908. Derby was only 18 years old.<lf><lf>This volume is part of the Arkham Anthology. A luxurious collection of treaties and works on esotericism and the supernatural.","Збірка поезій Едварда Пікмана Дербі.<lf><lf>Ця збірка, також відома як «Кошмарна лірика», була сенсаційно сприйнята, коли вперше була опублікована в 1908 році. Дербі було лише 18 років.<lf><lf>Цей том є частиною «Аркгемської антології». Розкішна колекція трактатів і творів про езотеризм та надприродне."
"0606065643AA1C1F88B05E90B98CA0CE","Arkham Anthology, Volume IX - Azathoth and Other Horrors","«Аркгемська антологія», том IX — «Азатот та інші жахи»"
"E5AD779943E25B62642475A009C4298B","A letter from a certain Henry Armitage, to Algernon Drake.","Лист від такого собі Генрі Армітеджа до Алджернона Дрейка."
"476EB48F4063ABD2480860B4F4EF3EB6","A letter from a certain Henry Armitage to Algernon Drake. He seems close to the bookseller and apparently he is in some sort of trouble.","Лист від такого собі Генрі Армітеджа до Алджернона Дрейка. Здається, він знайомий із продавцем книжок і, вочевидь, потрапив у якусь халепу."
"826C5DCB42797BEE7B8761841B8AFA3A","Letter from H. Armitage","Лист від Г. Армітеджа"
"6101330943611C479AD205907742B40A","optionnel","Необов’язкове"
"644A140F45615B127DB8B9975E2684FF","This goblet seems to be very ancient. It seems to be made of gold and decorated with real precious stones. Do the rubies and sapphires make up a specific motif?","Цей кубок здається дуже давнім. Здається, він зроблений із золота і прикрашений справжніми дорогоцінними каменями. Чи складають рубіни та сапфіри якийсь особливий мотив?"
"51D818F843665DA5D773DD9D1B625994","Goblet","Кубок"
"911364014C66D1C47E43C3A60401DFE2","Probably belonged to the perpetrator.","Ймовірно, належав злочинцеві."
"C6C5EAAC43A6A460310470AF6E6CEA74","Abandoned by the burglar in the back room of The Nameless Bookstore. It didn't allow him get at the contents of the safe.","Покинутий грабіжником у підсобці «Безіменної книгарні». Це не дозволило йому дістатися до вмісту сейфа."
"579AEDFF42B0C54BA910758DD84EBE51","Crowbar","Лом"
"0729F7674AC15E8A2A0C0BB0DA77F52B","A common painting, not one of Sarah’s.","Це звичайна картина, не одна з робіт Сари."
"F8C3AF46470AA104547E3CA4AB3B1C1B","Pandora's box was, in truth, a storage jar. When the woman created by the gods opened it, releasing all the evils, apprehension - wrongly translated as ""hope"" was trapped at the bottom of the jar. Some say that men live happily as long as they don't know the hour of their death...","«Скринька Пандори» насправді була банкою для зберігання. Коли жінка, створена богами, відкрила її, випустивши на волю все зло, на дні банки опинилося побоювання — неправильно перекладена як «надія» — у пастці. Кажуть, що люди живуть щасливо, доки не знають час своєї смерті..."
"40F0F6C040FAAD6BBE0DF78B60C94E33","Pandora's box","«Скринька Пандори»"
"D94AF3BD40490B75B3B4C3B265C92996","A crumpled letter from the bookseller's mother","Зім'ятий лист від матері продавця книжок"
"EDBCA97C473EB866977BDF93353D2CAD","A crumpled letter from the bookseller's mother. She seems concerned about her son... and he apparently doesn't care about it.","Зім'ятий лист від матері продавця книжок. Вона, здається, турбується про свого сина... а йому, вочевидь, байдуже."
"21AED78F492C7E13616D87B715C968DA","Letter from the bookseller's mother","Лист від матері продавця книжок"
"DB792C1341A1A1EAA172A18FEF6F15D6","An anthropogical essay about the figure of the Devil across all cultures.","Антропологічний нарис про постать диявола в усіх культурах."
"9979549F4A4F9C8704CFB18FDAF7CA78","The author, a certain Theophilius Wenn, states that this book contains unholy and powerful knowledge. I notice, especially, that it was borrowed from Miskatonic University and never returned.... The owner of The Nameless Bookstore seems to be ready to do anything to gain a certain type of knowledge...","Автор, такий собі Теофіліус Венн, стверджує, що ця книга містить нечестиві і могутні знання. Зауважу, зокрема, що вона була позичена в Міскатонікському університеті і ніколи не була повернута.... Власник «Безіменної книгарні», схоже, готовий на все, аби отримати певні знання..."
"D95A24004DDFF1253A831E94B34948DE","True Magick","«Справжня магія»"
"D7B34C0B4EB0EC4A261F928D36F4D70F","One of Freud's most famous books.","Одна з найвідоміших книг Фройда."
"312C7A98471D340DD6E975ACEC9C84EE","This practical work, written by Sigmund Freud for psychologist, describes the techniques of analytical interpretation of dreams.<lf>The analysis must follow several rules, especially that of free association, a principal announced by Freud at the end of the 19th century. It treats dreams as a way of revealing buried desires. <lf>I can not believe that this theory is applicable to my nightmares.","Цей практичний посібник, написаний Зиґмундом Фройдом для психологів, описує методики аналітичного тлумачення сновидінь.<lf>Аналіз має дотримуватися низки правил, зокрема вільних асоціацій — принципу, який Фройд сформулював наприкінці 19-го століття. Сновидіння розглядаються як спосіб виявлення прихованих бажань.<lf>Я не можу повірити, що ця теорія застосовна до моїх кошмарів."
"6D03FCF2477525CB266DC592AD22235E","The Interpretation of Dreams","«Тлумачення сновидінь»"
"0309392342F8A3C6265E82B145C101D5","One of the most famous texts among Madame Blavatsky's theosophical works.","Один з найвідоміших текстів серед теософських праць мадам Блаватської."
"26FB16214A4C17C4E7D575BC0D5B167A","A retranscription of the Tablets inscribed by Zanthu, a wizard and high priest of Ythogtha. It talks of a lost continent, clashes between unknown gods, and spells. I'm not sure that reading this book would be a good idea.","Ретранскрипція Скрижалей, викарбуваних Занту, чарівником і верховним жерцем Ітогти. У ній йдеться про загублений континент, сутички між невідомими богами та заклинання. Я не впевнений, що читання цієї книги буде гарною ідеєю."
"4438CC0B4863894C983BF9A727689E4C","The Zanthu Tablets","«Скрижалі Занту»"
"C450DE6348CC1EA7370931A9DA7B69FF","This sketch must guide me to the artifact concealed by concealed Charles Hawkins. Where have I already seen it?","Цей ескіз має привести мене до артефакту, прихованого Чарльзом Гокінсом. Де я його вже бачив?"
"B6DD20D745144725304ABD8249B487B9","Sketch of a still-life","Ескіз натюрморту"
"3E1DD2B34940ABD4C0453ABFAB90923B","This sketch must guide me to the artifact concealed by concealed Charles Hawkins. Where have I already seen it?","Цей ескіз має привести мене до артефакту, прихованого Чарльзом Гокінсом. Де я його вже бачив?"
"F852A3894CDAD47E99A02A8076FA5937","Sketch of a statue","Ескіз статуї"
"AD18258D40CD2AED47567093F77AE29B","A set of tools useful to open doors, chests and kinds.","Набір інструментів, корисний для відмикання дверей, скринь та інших подібних речей."
"EAC9C5174C369A3871513FA8BD58F850","This tool set has been forgotten by its owner. Whom must have been in a hurry, as it seems.","Цей набір інструментів був забутий своїм власником. Який, схоже, дуже поспішав."
"3ECC26F441CC4E3D8BCEC58FDCD20E70","Thief Toolbox","Набір інструментів злодія"
"7538096A4C951265061D788FA6F6B451","Opens the study's door to the gallery.","Відмикає двері кабінету до галереї."
"A8ABA15348A1FD871442878DBE151BD3","Key to the Sanders' own gallery. Francis Sanders must possess quite a collection of art for him to have his own gallery.","Ключ від власної галереї Сандерса. Френсіс Сандерс повинен мати чималу колекцію творів мистецтва, щоб мати власну галерею."
"F5AEBD354CCAC3A64BA82F8EF75702E5","Key to the Sanders gallery.","Ключ від галереї Сандерса."
"81CD226F498884A6012AF8B2446425F5","The Whale and the Cod, or A brief History of Darkwater"" by Erwan Greenmouth. It is focused on the past glory of the Island.","«Кит і тріска, або Коротка історія Дарквотера» Ервана Грінмута. Вона зосереджена на минулій славі острова."
"3BEBEFEB4251B96830CD1FAA5804E9D4","The Whale and the Cod","«Кит і тріска»"
"DF6BA3674F8616F9990C7395DC197508","A photograph of Sarah Hawkins next to the Sanders. They must be close.","Світлина Сари Гокінс поруч із Сандерсом. Вони, мабуть, близькі."
"8D17FDA3445EC75B1DBFCC9582BA5409","Photograph of the Sanders and Sarah Hawkins","Світлина подружжя Сандерсів та Сари Гокінс"
"B4FF72994C8CEA4EF914519C9C46C746","The personal diary of Francis Sanders.","Особистий щоденник Френсіса Сандерса."
"DED8B3CF4D80B0B83707CBBB5E10A212","The personal diary of Francis Sanders. He seems obsessed with Sarah's paintings but also... frightened? What happened for him to react this way?","Особистий щоденник Френсіса Сандерса. Він здається одержимим картинами Сари, але водночас... наляканим? Що сталося, що змусило його так відреагувати?"
"47A234424AFAC4DA09624FB5B9A1A255","Sanders's diary","Щоденник Сандерса"
"DBDE0BDA4FED216E1C2B3E9C1B0F8EF7","Irene Sanders' letter for the Asylum staff.","Лист Ірен Сандерс для працівників психлікарні."
"C5DCAC724550DE1B7EF5C3A367C01BE8","Irene Sanders' letter for the Asylum staff. It allows me to talk to her husband.","Лист Ірен Сандерс для працівників психлікарні. Він дозволяє мені поговорити з її чоловіком."
"B726604D4A800EEC0B62FFB401074F5F","Irene's letter","Лист Ірен"
"347629CE45323797DD4C8A8EB330D70B","Opens the door to the boiler room.","Відмикає двері до котельні."
"1105ADF344B227295DD80FA9E2359C33","Key to the Boiler Room","Ключ від котельні"
"00CDB7F6427CA67592227BB88EAFD507","Le faux témoignage qui m'a fait sortir de prison.","Неправдиві свідчення, які допомогли мені вийти з в'язниці."
"A8AD83AA4ED2706A29910E8FCF299A42","Le faux témoignage qui m'a fait sortir de prison. Si je veux comprendre pourquoi cet homme m'a aidé, il faut que je remonte sa piste. Apparemment, il s'appelle Virgil Hogan et travaille sur les Docks.","Неправдиві свідчення, які допомогли мені вийти з в'язниці. Якщо я хочу дізнатися, чому цей чоловік допоміг мені, мені потрібно його розшукати. Судячи з усього, його звуть Верджил Гоґан і він працює в доках."
"657E35FB4B1DCE3539B33F87FAD2D071","Faux témoignage","Неправдиві свідчення"
"9FF9D0BD4B14A81BCB86CB93C61790E2","[WONT] Quest base item","[WONT] Базовий предмет квесту"
"89B9C6154F4465C48E12959B65008F24","Mes affaires personnelles, confisquées par la police.","Мої особисті речі, конфісковані поліцією."
"40B9D53640C7BABFEDAD8E9A0E41E229","Mes affaires personnelles, confisquées par la police. Impossible de savoir s'ils les ont fouillées ou pas. En tout cas, tout y est.","Мої особисті речі, конфісковані поліцією. Неможливо дізнатися, обшукували вони їх чи ні. У будь-якому випадку, все на місці."
"F6633EF34CFE21280C9F61A4C77E7900","Affaires personnelles","Особисті справи"
"7BC556364F2C08221378D3A497571B25","Monday 24th May 1847<lf><lf>42N, 70W. We have sailed from the island of Darkwater towards the north. Sailors say that these waters are haunted. I don’t believe in these tales. It's not a good time for us. My men haven't seen the slightest trace of a whale for quite a while... If this season doesn't improve, they will no longer wish to serve on the Scylla.<lf><lf>Sunday 30th May 1847<lf><lf>47N, 55W. We are not the only hunters here. While we were looking for a prey, we found dead whales, a dozen of them, drifting, their entrails exposed. They had been shred, as if they had been attacked by a huge predator. It's very strange. Perhaps it is a sign from God. Perhaps it is this ""good catch"" that we have long hoped for. We must find it, whatever the risk.","Понеділок, 24 травня 1847 року<lf><lf>42° пн. ш., 70° зх. д. Ми відпливли від острова Дарквотер у напрямку на північ. Моряки кажуть, що ці води прокляті. Я не вірю в ці байки. Часи для нас — не найкращі. Мої люди вже давно не бачили й сліду від китів... Якщо цього сезону нічого не зміниться, вони більше не захочуть працювати на «Сциллі».<lf><lf>Неділя 30 травня 1847 року<lf><lf>47° пн. ш., 55° зх. д. Ми тут не єдині мисливці. У пошуках здобичі ми натрапили на мертвих китів — з десяток, що дрейфували з розпоротими нутрощами. Їх немов роздер якийсь гігантський хижак. Це дуже дивно. Можливо, це знак від Бога. А може, це і є той «великий улов», на який ми так довго сподівалися. Ми маємо знайти його — чого б нам це не коштувало."
"D6F7848C4402B00C089D7993FB32761B","Captain Hamilton's logbook","Судновий журнал капітана Гамільтона"
"F90657834546917C722794859C1F0835","The destruction object","Понівечений предмет"
"F2C98F74481D923CFB0C2EBA2E130CED","Perfect to destroy some control wheels","Ідеально підходить для ламання ручок керування"
"8C93C1344B62E8CDA8E3C89C42E13D7C","[???] The destruction object","[???] Понівечений предмет"
"AC40BBCA4656CB4F367F4EBFB26FC236","This knife is rusty, but it still looks usable.","Цей ніж іржавий, але все ще виглядає придатним для використання."
"7908EEE4485CFC8E157FC898112FCBCB","Knife","Ніж"
"F2F3469F4182703D578C1D8C8EA8DDC1","Ceiling Rope Hook","Стельовий гак із мотузкою"
"771B29E34E4BE28DEAA8E793D2D20B9D","Relatively thick rope to which a metal hook is attached. It must be used to pick up heavy materials. It looks strong enough to take the weight of the tank.","Досить товста мотузка з прикріпленим металевим гаком. Її, певно, використовують для підіймання важких предметів. Виглядає достатньо міцною, щоб витримати вагу бака."
"09DDD54348B591C101BAFE81A674C5DB","Hook on a rope","Гак на мотузці"
"6AE3AB9E457336E5148240801A8EE4E5","This key opens the offices of the whaling station.","Цей ключ відчиняє кабінет китобійної станції."
"9C8A8FF7460A4F6CBDBB2BAD8BB18F65","Office key","Ключ від кабінету"
"3CF5EB464A414628F5AD21AF44575778","Oil","Топлений китовий жир"
"B4C8FB3A410AB1B8A1BB4D88CC46924E","Whale oil, used to refill a lamp.","Топлений китовий жир, що використовується для заправки лампи."
"92F519194FAAD4F040A7CCB549A41B77","Oil","Топлений китовий жир"
"1383B8D8452821DBF9A4FB8D5DFF069A","A bottle of whale oil","Пляшка топленого китового жиру"
"6231E7F64D1E7D94296AB0A9CE165DB9","Whale oil, used to refill a lamp.","Топлений китовий жир, що використовується для заправки лампи."
"E7D2C3B946119ECFDBA944A91F73CA8F","Oil","Топлений китовий жир"
"2134ED3E4AD712204C095A956651E6F5","Everybody on this island seems to be taking this filth... It's as if insomnia had become a disease.","Здається, всі на цьому острові приймають цю гидоту... Це безсоння стало наче хворобою."
"8732D7B34501F5347FE648BCF36AA23A","Sleeping pills","Снодійне"
"430A2A34453E6BD65C27EF8FD9898A9F","This bolt cutter is able to overcome a padlock or a chain.","Ці болторізи здатні перерізати навісний замок або ланцюг."
"A1557E804F3273D47D44299DC0CDB718","Pincers","Болторізи"
"19A2EBD9471D1E38505D95B8AF69EAEB","Toss a coin","Киньте монетку"
"28B8DAD84ACF318A9A6B2E932C8E3483","[WONT] Coin","[WONT] Монетка"
"8DD4853F4F000FD4846193BA2383985C","An old worn bible","Стара пошарпана Біблія"
"F2942B8542A02340FB4F599757FFA94B","An old bible Numerous passages have been overwritten or annotated. Strange way to study the Holy Scriptures.","Стара Біблія. Численні уривки були переписані або анотовані. Дивний спосіб вивчення Святого Письма."
"75069C424A804F9DC5141589B6BD02A2","Annotated bible","Біблія з коментарями"
"338C0BCF4975DFD4B2CAE8ADC0C1039D","A strong bolt cutter.","Міцний болторіз."
"9A9BA33A4DE9BA6B78A2B99A086771F9","A strong bolt cutter. No padlock can resist this kind of tool.","Міцний болторіз. Жоден навісний замок не встоїть перед таким інструментом."
"43063FE942FB16A17631DEB8972444C7","Bolt cutter","Болторіз"
"147BBC934A94C3E62E27B9939CEA7B6E","Register","Реєстр"
"E20250DD421D562AA9347398E3A99925","Register","Реєстр"
"900D3A3E41B61A4F0ECDF991A5C979C6","An old torch light.","Старий ліхтар."
"30175D7E4961D4DBFF8A16BBB9754B1E","A functional torch light.","Функціональний ліхтарик."
"94965BBB4A2A56D659582AB8260AE4EB","Torch light","Світло смолоскипа"
"FC98CBAF40AAC3E5564ADCA215C34D76","Colt","Colt"
"4D35565744ED69A54DDCBAA98DE5073E","My old Colt 1911 A1, a fine weapon.","Мій старий Colt 1911 А1, прекрасна зброя."
"DFF2951043B524CE3CEC239D52135BCB","Colt","Colt"
"2AA7D06648DB497D48652286EAB6C565","Colt","Colt"
"89721872407D26B1B1660D85FDCB1C62","Colt 1911 A1 pistol, mainly used by the United States armed forces, a well-crafted and effective weapon.","Пістолет Colt 1911 A1, в основному використовується збройними силами Сполучених Штатів, надійна та ефективна зброя."
"DD17AFDD434BD7003553EFABA17BDD5A","Colt","Colt"
"FEC76788475797622A6BA08F55AA9E74","Revolver","Револьвер"
"DCA17BDA4ACC2330AB9CDD82CC2FCA05","Smith & Wesson M1917 revolver is mainly used by police forces. It holds six .45 caliber bullets.","Револьвер Smith & Wesson M1917 в основному використовується поліцією. Він вміщує шість набоїв калібру .45."
"7386F1A54BC5CB7E13F59FA80F32ED8E","Revolver","Револьвер"
"9C1C37B643FBA74CE61CDDBCD7B13DA1","The entire Hawkins family died that night in the fire. It seems that Sarah threw and shattered the lamp that triggered the fire. I have to find out what drove her to the act.","Уся сім'я Гокінсів загинула через пожежу тієї ночі. Схоже, що Сара кинула і розбила лампу, яка спричинила пожежу. Я маю з'ясувати, що штовхнуло її на цей вчинок."
"5EA59E104E183A5FAA77C9BA30F20633","It seems clear that the fire wasn’t accidental. There has been a violent dispute between the Hawkins spouses, with Simon as a witness. Was Sarah’s dementia the cause of this, or was it something else? How could the police detectives neglect all these clues?","Очевидно, що пожежа не була випадковою. Між подружжям Гокінсів відбулася сильна суперечка, свідком якої був Саймон. Чи була причиною цього деменція Сари, чи щось інше? Як поліцейські могли знехтувати всіма цими доказами?"
"BC903DAB4719DD4E5A7931A8656DE212","Sarah and Charles had a violent argument and Sarah threw this lamp in a burst of rage. What could have been the reason for such violence? This wasn't just the result of a burst of rage. What if Charles was the one responsible? How could the Police not see all of this? Someone is hiding something.","Сара і Чарльз сильно посварилися, і в пориві гніву Сара кинула цю лампу. Що могло стати причиною такої жорстокості? Це не було просто наслідком пориву гніву. Що, якби Чарльз був єдиним винним? Як поліція могла цього не помітити? Хтось приховує щось."
"9EA08B01419465B242BCCBA30FDCAE73","Go back to Murphy","Повертайтеся до Мерфі"
"9D9F3B044455DF04BF6268A6A7DB9822","Chapter 1","Розділ 1"
"083130F84D734B9DF09FB38B3F6B4ABA","Chapter 3","Розділ 3"
"9ED708824C785CCC169C2E85622E9600","Chapter 4","Розділ 4"
"C768B0294D619CA39AB6AC8833094C43","Chapter 5","Розділ 5"
"ABF128E04DC3B5C3A125D2B08413554A","Chapter 6","Розділ 6"
"12F01B1C410661328509A7AA4CFA0191","Chapter 7","Розділ 7"
"8766FB2E4F00758C4D74369EA81AAB24","Chapter 8","Розділ 8"
"450174164199D6D258ED7298758D0BB9","Chapter 9","Розділ 9"
"0FC3E68A41C8913994BB3DBECD156DE5","Chapter 10","Розділ 10"
"A8607F97426D6D1D8F005AB5D9D61CF3","Chapter 11","Розділ 11"
"17E2386643A56D5E057C5AB21A8439F5","Chapter 12","Розділ 12"
"1611BBF844E7625C77724F874300A70F","Chapter 13","Розділ 13"
"MONTH_APRIL","April","квіт."
"MONTH_AUGUST","August","серп."
"MONTH_DECEMBER","December","груд."
"MONTH_FEBRUARY","February","лют."
"MONTH_JANUARY","January","січ."
"MONTH_JULY","July","лип."
"MONTH_JUNE","June","черв."
"MONTH_MARCH","March","бер."
"MONTH_MAY","May","трав."
"MONTH_NOVEMBER","November","лист."
"MONTH_OCTOBER","October","жовт."
"MONTH_SEPTEMBER","September","вер."
"NETWORK_PRESENCE_INGAME","In Game","У грі"
"NETWORK_PRESENCE_INMENU","In Menus","У меню"
"3A7435884D0029F93468EAAC9557501F","Ripping Sarah’s painting with the dagger proved much useful – somehow, it banned the haunter of the gallery for good. I just hope I won’t need it again…","Кинджал, яким я розірвав картину Сари, виявився дуже корисним — якимось чином він назавжди вигнав примару з галереї. Сподіваюся, він мені більше не знадобиться..."
"1D414EA94495BEAFA36AF18FBAA6613E","According to Drake, the creature fits the description of what he called a “Dimensional Shambler”.","За словами Дрейка, ця істота відповідає опису того, що він називав «Міжвимірним Блукачем»."
"FEEE7C4C4D88F263F811FFB8FD3577B6","ist","[недоступно]"
"113F9ACF4DB6C81104E2C29BCB5AB486","The creature came back through another of Sarah’s paintings. This time I was unable to banish it – although I managed to entrap it…","Істота повернулася через іншу картину Сари. Цього разу я не зміг її вигнати — хоча мені вдалося заманити її в пастку..."
"C7CFDB12402C701E017C6C82A7055371","The same Sign is carried on the Dagger of Suleiman, the blade I used to get rid of the creature.","Той самий Знак на кинджалі Сулеймана — лезі, яким я позбувся істоти."
"82D09222447B96B96E93B79972964BF8","Against its own will, the Leviathan is the source of the Cult’s power. A dark creature coming from the depths of the sea, a servant of a monstrous god at the mercy of puny men.","Всупереч власній волі, Левіафан є джерелом сили культу. Темна істота з морських глибин, слуга жахливого бога, що перебуває у владі нікчемних людей."
"E8BCD17243F4A522660FC4A0F54D3BE3","The Leviathan is immortal and it regenerates continuously. Those who are nourished with its flesh regenerate their wounds and are granted with immortality – but they are bound to a slow, inexorable mutation to something hideous.","Левіафан безсмертний і постійно зцілюється. Ті, хто живиться його плоттю, загоюють свої рани і отримують безсмертя — але вони приречені на повільне, невблаганне перетворення в щось огидне й мерзотне."
"ECABF013433F9E18EC27C4BDF783E904","Leviathan Oil is said to give hallucinations, like a potent drug – quite disturbing, considering that everyone in Darkwater uses it.","Кажуть, що топлений жир Левіафанова викликає галюцинації, як сильнодіючий наркотик — досить тривожно, враховуючи, що всі в Дарквотер вживають його."
"F34BE95B462D3A188B4FF3BCE1975789","Thanks to their Chief Librarian, Dr. Henry Armitage, Drake obtained one of the few copies of the Necronomicon. I do not quite understand the agitation around that book but Drake seems to hold it dear.","Завдяки їхньому головному бібліотекарю, доктору Генрі Армітеджу, Дрейк отримав один з небагатьох примірників «Некрономікону». Я не зовсім розумію ажіотаж навколо цієї книги, але Дрейк, схоже, дуже дорожить нею."
"58DBCC6F4BD2DCDB2BDD878F190652B5","Written by the mad poet Abdul Alhazred around 730 A.D., the Necronomicon is a forbidden grimoire filled with invocation rituals, dark knowledge, and the history of ancient cosmic entities that inhabited Earth before men. Few copies have survived the centuries of inquisition and persecution, although Drake managed to lay his hands on one old tome, provided by his friend Armitage at Miskatonic.","Написаний божевільним поетом Абдулом Альхазредом близько 730 року н. е. «Некрономікон» — це заборонений ґримуар, що містить ритуали заклику, темне знання та історію прадавніх космічних істот, які населяли Землю задовго до появи людей. Небагато примірників пережили століття інквізиції та переслідувань — і все ж Дрейку вдалося заволодіти одним зі старих томів, який йому передав друг Армітедж з Міскатоніка."
"9647CEF3418E1583B6E4EBBCD4E5ED39","The Ritual of the Sacred Flesh is an initiation ceremony where chosen cultists are nourished with the Leviathan’s flesh. Once the flesh is ingested, the chosen ones become “hosts” and start mutating. Those who manage to fully mutate are known as the “Ascended”. Only the chosen ones are allowed to wear the cult mask, symbol of devotion to their god.","Ритуал Священної Плоті — це церемонія ініціації, під час якої обраних адептів культу годують плоттю Левіафана. Після того, як обрані поглинають плоть, вони стають «носіями» і починають мутувати. Ті, кому вдається повністю мутувати, відомі як «Вознесені». Лише обраним дозволено носити маску культу, символ відданості своєму богу."
"FA2458944A8498BAB0A355A9871098AD","The cultists held the Leviathan in chains. They cut its flesh, drained its fat - even extracted its brains’ fluid. Since the creature cannot die, and keeps regenerating its wounds, it made an unlimited source of hideous wealth to the cultists.","Окультисти тримали Левіафана в кайданах. Вони вирізали з нього м'ясо, викачували жир і навіть рідину з його мозку. Оскільки істота не може померти і постійно самозцілюється, вона стала необмеженим джерелом жахливого багатства для окультистів."
"886597DA47F14D482557F4A19950960F","When they will have consumed the stellar flesh and survived the transformation, closer than ever to their new master, they will enter his sleep of death and will only awaken to answer his Call. They will be called the Awakened.""<lf><lf>Extract taken from the Necronomicon, by Abdul Alhazred","«Коли вони споживуть зоряну плоть і переживуть перетворення, ставши ближче, ніж будь-коли, до свого нового господаря, вони поринуть у смертний сон і прокинуться лише для того, щоб відповісти на його Поклик. Їх назвуть Пробудженими.»<lf><lf>Уривок з «Некрономікону», автор Абдул Альхазред"
"69A912D2458935DDD137509FB6861782","Ascent","«Вознесіння»"
"760947FE44FF5E8DF4A4249FB9075852","Ph'nglui mglw'nafh Cthulhu R'lyeh wgah'nagl fhtagn »<lf><lf>Extract taken from the Necronomicon, by Abdul Alhazred","«Ph'nglui mglw'nafh Cthulhu R'lyeh wgah'nagl fhtagn»<lf><lf>Уривок з «Некрономікону», автор Абдул Альхазред"
"383BC20949BDE02BDCCE07ABA53200F1","Cthulhu","Ктулгу"
"5F9FD4654A512D368E753CBA0BAB2E3F","There are laid out on a frozen stone. One would say that they are dead, but their bodies do not decompose. Are they in some form of coma? One thing is sure, these men were subjected to a type of treatment that changed their physical characteristics. I'm not sure that we can still call them men""<lf><lf>Extract from the notebook of Edward Pierce, private detective.","«Вони лежать на холодному камінні. На перший погляд можна було б сказати, що вони мертві, але їхні тіла не розкладаються. Чи перебувають вони в якійсь формі коми? Одне можна сказати точно: їх піддали процедурі, яка змінила їхню фізіологію. Я не впевнений, що їх ще можна називати людьми.»<lf><lf>Фрагмент із записника Едварда Пірса, приватного детектива."
"66197E934738AC1675621FADB3AA26CF","Sleeping cultist","Сплячий окультист"
"454E29204ACFC96A21E8519CA8F62D3A","This exceptional dagger of Ottoman origin probably dates from the XVI century. It bears the “Elder Sign” on its hilt. It, apparently, belonged to Pargali Ibrahim Pasha, Grand Vizier at the court of Suleiman the Magnificent. Legend tells that Pargali used the symbol on the dagger to protect the court from a creature that haunted the mirrors of the palace. What is certain, is that Suleiman had his vizier executed. Did he fear him after this demonstration of power? ""<lf><lf><lf>Extract from Art and Mysticism. Francis Sanders' Forgotten Objects","«Цей рідкісний кинджал османського походження, ймовірно, датується XVI століттям. На його руків’ї вигравіювано «Знак Старійшини». Він, очевидно, належав Парґали Ібрагіму-паші, великому візиру при дворі Сулеймана Пишного. Легенда свідчить, що Парґали використовував символ на кинджалі, щоб захистити двір від створіння, яке з’являлося в дзеркалах палацу. Що достеменно відомо — Сулейман наказав стратити свого візира. Можлвио, він злякався продемонстрованої сили?»<lf><lf><lf>Уривок з книги «Мистецтво і містицизм. Забуті предмети» Френсіса Сандерса"
"B686A5544C82D45DE9A85D89F48BFAC0","Dagger ""of the Ancients","Кинджал «Стародавніх»"
"2B01F9B34C1EDC225B1A25B4D4C89569","The Dimensional Shambler comes from a dark and inhospitable dimension, where the rarity of food sources keeps it in a state of permanent starvation. This is why it is in a constant state of readiness, to travel to other dimensions in order to feed on its inhabitants. Make sure you never weaken the veils of your dimension, otherwise you risk attracting this very dangerous creature. Should this happen, you just have to lay eyes upon it for its being to anchor itself in your dimension and to allow it to rip you open with its claws.""<lf><lf>Extract taken from the Malleus Bestiarum, by Abigaïl G.","«Міжвимірний Блукач походить із темного й непривітного світу, де нестача їжі тримає його у вічному голоді. Саме тому це створіння завжди напоготові, щоби прорватися в інші виміри та поживитися їхніми мешканцями. Ніколи не послаблюй завісу свого світу — інакше ризикуєш привернути увагу цієї надзвичайно небезпечної істоти. Якщо це станеться, достатньо лише поглянути на неї, щоб її сутність закріпилася у твоїй реальності — і тоді вона роздере тебе своїми кігтями.»<lf><lf>Уривок із «Молот відьом», авторка Абіґейл Ґ."
"7834221E4FD81520E26D0D8D7752C996","Dimensional Shambler","Міжвимірний Блукач"
"194C62A443538E6BBFC450A7A96FDB83","Men discovered a protective symbol, so powerful that it could remove them from the gaze of creatures of the Myth. They carved it into their jewels; painted it on the doors of their houses and embroidered it on the clothing of their children. Later, they understood that it could even exercise its power on the doors of the Sunken City.""<lf><lf>Extract taken from the Necronomicon, by Abdul Alhazred","«Люди відкрили захисний символ, настільки могутній, що він міг приховати їх від погляду істот із Міту. Вони гравірували його на своїх прикрасах; розмальовували ним двері своїх осель; вишивали на одязі своїх дітей. Згодом вони усвідомили, що цей символ здатен проявляти свою силу навіть на брамах Затонулого Міста.»<lf><lf>Уривок із «Некрономікону», автор Абдул Альхазред"
"646B015047B46102C5DBA1A5D01292AC","Elder Sign","«Знак Старійшини»"
"22A7185841B04DB62EAD248AAED57EEE","The Firstborns are the 13 first cultists who discovered and captured the Leviathan in 1847. They were part of the Scylla’s crew. The 13 survived to present days by eating the Leviathan flesh, which rendered them immortal. Charles, Fuller and Silas where among them.According to Hamilton’s journal, eating the flesh gave the Firstborns visions of a “Giant Octopus God”, which they started worshipping. They now prepare in secret the arrival of their deity, which is told to be prisoner in an underwater city called “R’lyeh”.","Первістки — це 13 перших окультистів, які виявили і захопили Левіафана в 1847 році. Вони були частиною екіпажу «Сцилли». 13 з них дожили до наших днів завдяки тому, що їли м'ясо Левіафана, яке зробило їх безсмертними. Чарльз, Фуллер і Сайлас були серед них. Згідно з щоденником Гамільтона, вживання плоті викликало в Первістків видіння «Гігантського Бога-восьминога», якому вони почали поклонятися. Тепер вони таємно готуються до прибуття свого божества, яке, за переказами, перебуває в ув'язненні в підводному місті під назвою «Р'льє»."
"DBD8D2A04416CF3C966D6ABE4AAA1C43","Firstborns","Первістки"
"264491854A3131031AC29AAA363AAA25","Stellar larva, offspring of the earth, Leviathan is seen, feared, worshiped and named by men. It is linked by its dreams to The One Who Sleeps, and will not find rest until its divine progenitor is free. There is no greater predator on Earth and yet, this being that feeds on huge creatures, will never directly attack men. It will instill fear, the dreams of R'lyeh and, finally, madness into the minds of those it chooses to serve its designs. Cursed are those who cross its path, and more cursed still, those who hear its voice because, for them, no salvation in death.""<lf><lf>Extract taken from the Necronomicon, by Abdul Alhazred","«Зоряна личинка, породження Землі — Левіафан, якого люди побачили, злякалися, возвеличили й дали йому ім’я. Він пов'язаний своїми снами з Тим, Хто Спить, і не знайде спокою, поки його божественний пращур не буде звільнений. На Землі немає хижака страшнішого, і все ж ця істота, що пожирає велетенських створінь, ніколи не нападе на людину безпосередньо. Вона посіє страх, вкладе сни про «Р’льєх» і, зрештою, доведе до божевілля тих, кого обере слугувати своїм намірам. Прокляті ті, хто перетне йому шлях, а ще більш прокляті ті, хто почує його голос, бо для них навіть смерть не стане порятунком.»<lf><lf>Уривок з «Некрономікону», автор Абдул Альхазред"
"43714F7140E5C4CE2524098FDFB53A76","Leviathan","Левіафан"
"B585B677455ED52F64225088D2BDE6BC","The Miskatonic University is a highly prestigious academy located in Arkham, Massachusetts. It is most known for its collection of occult books.","Міскатонікський університет — це дуже престижна академія, розташована в Аркгемі, штат Массачусетс. Він найбільш відомий своєю колекцією окультних книг."
"4EC9590746CB4DD6B6665B9019717A65","Miskatonic University","Міскатонікський університет"
"4A3BD57D41EA7CB64EEBA2AE850C9C84","The words that follow are not really mine. They were communicated to me in my dreams and trances by the greatest minds in the cosmos. I take advantage of these moments of lucidity, that grow ever shorter, to write down these few scraps from the immense knowledge that they send crashing against my broken mind, night after night. I can only leave these crumbs of knowledge to the world in the hope that reading them will guide men. But I already fear that unholy words will stain the soul of whoever dares open this accursed collection. Because, just like prisoners whose confessions were written on their own skins, I shall protect my heritage beyond the ages.""<lf><lf>Extract taken from the Necronomicon, by Abdul Alhazred","Слова, що йдуть далі, насправді не мої. Вони були передані мені в снах і трансах найбільшими умами в космосі. Я користуюся цими моментами просвітлення, які стають дедалі коротшими, щоб записати ці кілька уривків з безмежного знання, яке вони посилають, розбиваючись об мій крийкий розум, ніч за ніччю. Я можу лише залишити ці крихти знань світові, сподіваючись, що їхнє прочитання допоможе людям. Але я вже боюся, що нечестиві слова заплямують душу того, хто наважиться розгорнути цю прокляту збірку. Тому що, подібно до в'язнів, чиї вірування були викарбувані на їхній власній шкірі, я захищатиму свою спадщину у віках.<lf><lf>Уривок з «Некрономікону», автор Абдул Альхазред"
"2D981B7B4E398229177157A19CFDB4D7","Necronomicon","«Некрономікон»"
"FEC7650742D54EA8361045A3EA21F672","Charles Hawkins and other cultists were attending a strange ceremony that involved a dagger and fresh, bizarre-looking meat. I heard the ceremony was called the “Ritual of The Sacred Flesh”.","Чарльз Гокінс та інші окультисти були присутні на дивній церемонії, в якій використовували кинджал і свіже м'ясо химерного вигляду. Я чув, що церемонія називалася «Ритуал Священної Плоті»."
"B7570E0B41C9EA5C74D5F6BEED5584FD","Ritual of the Sacred Flesh","Ритуал Священної Плоті"
"8ED49E5F4E4B83413F9BBDB412A2A69A","The Sanctuary is the name the cultists gave to the core of the old Whaling Station of Darkwater - where the Leviathan is kept. It’s a sacred place guarded by the ones the Cult calls ""the Ascended"". It’s also their base of operations. All the products they use are stashed there: Leviathan Oil, Ichor, Flesh - everything is produced here. This place should have never existed.","Святилище — таку назву дали окультисти серцю старої китобійної станції Дарквотера, саме там утримується Левіафан. Це священне місце, яке охороняють ті, кого Культ називає «Вознесеними». Воно також слугує їхнім штабом. Усі продукти, якими вони користуються, зберігаються саме тут: топлений жир Левіафана, Іхор, М'ясо — усе виробляється тут. Це місце ніколи не мало б існувати."
"7667F0484D96C2FE714F52BFD2B0B52B","Sanctuary","Святилище"
"B44BCF6B442887AE3FFD5193B1BBE4B3","The walls close in, you cannot breathe, you need to get out. Confined spaces make you feel in danger and have anxiety attacks, forcing you to leave immediately small rooms or hiding spots.","Стіни стискаються, тобі важко дихати, потрібно вибиратися. Замкнені простори викликають почуття небезпеки та панічні атаки, змушуючи негайно залишати маленькі кімнати чи вузькі коридори."
"256555334FE82279BD693FA7FB6E878B","Claustrophobia","Клаустрофобія "
"7DE5200145F29F3AB975F7B9750D724B","Scare of dimensional shambler","Страх перед Міжвимірним Блукачем"
"091DA8ED4E060A566FB6F3979DB148E6","Dimensional shambler","Міжвимірний Блукач"
"85964A2E44C404CF463085B3AAF36A39","You only are aware of the horrors inhabiting the shadows, patiently waiting for you to show a sign of weakness. You are afraid of the dark, and you have no choice but to keep your lamp lit – even if the light may attract unwanted attention.","Можна лише уявити, які страшилища ховаються в темряві, вони терпляче чекають, коли ти втратиш пильність. Ти боїшся темряви і не маєш вибору, як тримати свою лампу запаленою — навіть якщо світло може привернути небажану увагу."
"A03729E64E4713B3A19534AAC79F01B0","Scotophobia","Скотофобія"
"BE6BEB074BC0BD9A204678B626FB4CB1","The Great War scarred you for life – both physically and mentally. The horrors of your past haunt you every night. Close encounters with dead bodies can lead to anxiety and panic attacks.","Велика війна залишила шрами на все життя — як фізичні, так і психічні. Жахи минулого переслідують тебе щоночі. Близькі зустрічі з мертвими тілами можуть призвести до тривоги та панічних атак."
"BF1A420F4C9F8770B11473B0CF3C0202","Necrophobia","Некрофобія"
"8A8E974141C68C3E780026A1D04AD5E0","Thomas Fuller, Head of the Hospital, was also in charge of the Riverside Asylum. Despite the scarce population in Darkwater, the institute has known quite a large number of inmates throughout the years, one of the highest per habitant in the state of Massachusetts. I wondered why. Isolating the demented on the Island sure had its convenience for the mainland, but what about Darkwater? What made them so eager to have an Asylum nearby?","Томас Фуллер, керівник лікарні, був також відповідальним за психлікарню Ріверсайд. Незважаючи на нечисленне населення Дарквотера, у закладі протягом багатьох років перебувала досить велика кількість пацієнтів — одна з найвищих у штаті Массачусетс. Мені стало цікаво, чому. Ізоляція божевільних на острові, безумовно, мала свої переваги для материка, але як щодо Дарквотера? Чому вони так прагнули мати власну психіатричну лікарню?"
"D3177D424F830761F7757E8635515F52","Riverside Asylum","Психлікарня Ріверсайд"
"82B852E44AD39346AB2592A5D24F1EA2","A bar where liquor is served with total impunity. It's the last thing I expected to find when I arrived on this island! The Stranded Whale is its name, and it's managed with an iron hand by the owner, a certain Mitchell. He does not tolerate troublemakers, and he fiercely protects the identity of his supplier. All the inhabitants of the area seem to go there, and I even saw what looks to be a truce between the bootleggers and the sailors.","Бар, де абсолютно безкарно розливають алкоголь. Це останнє, що я очікував знайти, коли прибув на цей острів! «Кит, що сів на мілину» — так цей бар зветься, і ним залізною рукою керує власник, такий собі Мітчелл. Він не терпить порушників спокою і запекло оберігає особистість свого постачальника. Здається, всі мешканці острова ходять туди, і я навіть бачив, як між бутлеґерами і моряками укладено щось на кшталт перемир'я."
"3D9C61924609ADA119983AB118FF33F1","The Stranded Whale","«Кит, що сів на мілину»"
"B5F974A04A1E70E030A635920D4700F6","I've never seen such a collection of works on magic and occultism. Algernon Drake, the owner, prides himself on being a luminary in the study of esoteric phenomena. The library was ransacked during an attempted burglary. It holds numerous rare or forbidden works. Its back room houses a safe protected by an ancient symbol.","Я ніколи не бачив такого зібрання творів про магію та окультизм. Власник книгарні Алджернон Дрейк пишається тим, що є світилом у вивченні езотеричних явищ. Бібліотека була розграбована під час спроби пограбування. У ній зберігаються численні рідкісні або заборонені твори. У підсобці знаходиться сейф, захищений стародавнім символом."
"CDEF4FD94B47D3B86BB814AE044CCDF2","The Nameless Bookstore","«Безіменна книгарня»"
"92E7316240037EE54696EDB48009DA76","My private detective agency, contracted to the Wentworth Detective Agency.<lf>After the Great War, I decided to set up in Boston where there is no lack of work for guys like me. One small-time case follows the other: adultery, settled scores, disappearances that are not actually disappearances.<lf>The old office couch is less comfortable than a real bed, and I should probably get rid of these empty bottles. But this place is mine. For the moment.","Моє приватне детективне агентство, що пов'язане контрактом із Детективним Агентством «Вентворта».<lf>Після Великої війни я вирішив осісти в Бостоні — тут завжди знайдеться робота для таких, як я. Одна дрібна справа за іншою: подружні зради, зведення рахунків, зникнення, які насправді не є зникненнями.<lf>Старий диван у кабінеті менш зручний за справжнє ліжко, і, мабуть, варто позбутися цих порожніх пляшок. Але це місце моє. Принаймні поки що."
"AF3E97E5416210ED6E93EFAE40119949","Pierce Investigations Agency","Агенство розслідувань Пірса"
"F7A711054CA8110A80EB2EBC32823AC2","The Sanders house, all in shades of red and in gold, is impressive. But nothing matches the private gallery of Francis Sanders. The place is huge, and entirely dedicated to his passion for troubling and macabre works: defaced figures of virgins, sacrificial daggers, statues of monsters. And the painting that led him to his demise takes center stage. The Shambler, a painting by Sarah Hawkins, a close friend of the couple. What happened in this room... I will never be able to forget it.","Будинок Сандерсів, весь у відтінках червоного і золотого, вражає. Але ніщо не може зрівнятися з приватною галереєю Френсіса Сандерса. Це величезне приміщення, повністю присвячене його пристрасті до тривожних і моторошних робіт: понівечені фігури незайманих, жертовні кинджали, статуї монстрів. І картина, яка привела його до загибелі, займає центральне місце. «Блукач», картина Сари Гокінс, близької подруги подружжя. Те, що сталося в цій кімнаті... Я ніколи не зможу цього забути."
"544FF58B4D8E3706B5EED9976D76069A","Sanders residence","Маєток Сандерсів"
"B8B81C914874BD1FD1B783B4CD1A590E","The Blessed Shores Church is the oldest building standing in Darkwater Island. It was built in 1692, when the first pilgrims from New England set foot on the island.<lf>The building has seen several renovations and transformations over the centuries, and survived to fires, tornadoes, and the Cape Ann earthquake in 1755.<lf>Today, Blessed Shores is also an aggregation center for the locals. Pastor Howard Garrett hosts expositions, charity events, and lectures delivered by Arkham anthropologists and historians occasionally visiting the island.<lf>The church is named after the island itself, before its name became Darkwater.","Церква «Благословенні береги» — найстаріша будівля на острові Дарквотер. Її збудували в 1692 році, коли перші пілігрими з Нової Англії ступили на острів.<lf>Будівля не раз перебудовувалася і змінювалася протягом століть, пережила пожежі, торнадо та землетрус у Кейп-Анн 1755 року.<lf>Сьогодні «Благословенні береги» також слугують місцем зібрань для місцевих. Пастор Говард Ґаррет організовує тут виставки, благодійні заходи та лекції, які іноді читають антропологи й історики з Аркгему, що відвідують острів.<lf>Церква названа на честь острова, ще до того, як той отримав назву Дарквотер."
"D5CEE3484EC4CC0E2E09C49A5C115706","Blessed Shores Church","Церква «Благословенні береги»"
"A73FDE3741753E0177A958BF8DD4248F","The network of caves that runs beneath Darkwater stretches as far as its inhospitable coastline. In memory of the crew of the Scylla that did not survive the Miraculous Catch: a statue on which all their names were carved. Over the years, the names of the survivors have been added. I suppose that nobody will add the name of Fuller below that of Charles Hawkins, the last of the cultists to be celebrated in this place.","Мережа печер, що пролягає під Дарквотером, тягнеться аж до його непривітного узбережжя. На згадку про екіпаж «Сцилли», який не пережив «Дивовижного улову» звели статую, на якій викарбувані всі їхні імена. З роками до них додалися імена тих, хто вижив. Я припускаю, що ніхто не додасть ім'я Фуллера нижче імені Чарльза Гокінса — останнього з окультистів, якого вшановували в цьому місці."
"1A93C8E043F5E762EFBC3FB714DE5F3F","Coastal cave","Прибережна печера"
"75961D3143C41D5642569A90A6CEA534","At the entrance to the port of Darkwater, one still passes in front of the shell of the Scylla, the last whaling ship to have brought back a catch. Sailors wander the docks looking for some small job for the day. A gang of bootleggers has set itself up there, and is gnawing away at the territory of Captain Fitzroy, the last sailor to own a boat capable of making the round-trip between the island and mainland. Here, the golden age of whale hunting is but a distant memory.","При вході до порту Дарквотера ще досі можна побачити уламки «Сцилли» — останнього китобійного судна, що повернулося з уловом. По доках вештаються моряки, шукаючи тимчасової роботи, аби хоч якось прогодуватися. Банда бутлеґерів осіла тут і потроху відгризає територію капітана Фіцроя — останнього з мореплавців, який ще має човен, здатний ходити між островом і материком. Золотий вік китобійного промислу тут давно став лише спогадом."
"CB2A362041AAD746D9222CADEDB284BC","Darkwater Port","Дарквотерський порт"
"614016F54C0075972C3500A4C1C23351","The highest point of the island was used by the cultists as a place of invocation. Hundreds of steps had been cut into the stone. The remains of a forgotten civilization. The cultists stood on either side of the platform, chanting profane anthems and praying for the return of their god. The power of the latter already showed on the surface of the ocean, causing the onset of a storm so powerful that it had already torn off a part of the cliff. That is where they tried to awaken Cthulhu.","Найвищу точку острова окультисти використовували як місце для ритуалів заклику. Сотні сходинок було вирізьблено в камені — залишки забутої цивілізації. Окультисти ставали обабіч платформи, вигукуючи блюзнірські гімни та молячись про повернення свого божества. Його сила вже давала про себе знати — океан здіймався, й насувалася така буря, що вже відірвала частину скелі. Саме там вони намагалися пробудити Ктулгу."
"8E099612486A3BB578D7B99A168985B3","Alabaster Point","Алабастрова вершина"
"8DFDB54E41F3F0120A186A8A6406D6E1","Through the eyes of Dr. Colden, I finally visited the Riverside Institute. The operating rooms and dormitories surround the pharmacy. Everything here has an air of respectability. Do the nurses really know, like Dr. Colden, what's going on in the cellars? What is sure, is that the staff fear Fuller. It is perhaps this fear that prevents them questioning the validity of a medical center of this size on such a small island...","Очима докторки Колден я нарешті побачив Інститут Ріверсайд. Операційні зали й спальні корпуси розташовані довкола лікарні. Усе тут має вигляд поважної установи. Але чи насправді медсестри, як і сама докторка Колден, знають, що відбувається в підземеллях? Одне можна сказати напевне — персонал боїться Фуллера. Можливо, саме цей страх заважає їм поставити під сумнів доцільність існування такого великого медичного центру на маленькому острові..."
"24C22D024DE7DC08FE04D2BD54371464","Riverside Institute","Інститут Ріверсайд"
"ADDA57344DF9007B63DCD791173769B0","The Hawkins mansion was falling into ruin well before the fire that claimed its residents. The building, once luxurious, today lies witness to the ruin of the Hawkins family. The paintings of Sarah Hawkins are spread throughout the corridors; moisture eats away at the books of the imposing library, and the windows are broken and condemned. The drawing room, where the fire started, revealed it to be more than just a domestic accident. Sarah Hawkins' office bears the signs of an occult practice and a, no doubt, huge creature, left its mark on the walls of the corridor that leads to his workshop. As for Charles Hawkins' office, it revealed a passage into a network of underground caves.","Маєток родини Гокінсів почав занепадати ще задовго до пожежі, що забрала життя його мешканців. Колись розкішна будівля нині стала німим свідком падіння роду Гокінсів. Картини Сари Гокінс розвішані по темних коридорах; волога роз'їдає книжки у величній бібліотеці, а вікна вибиті та забиті дошками. Вітальня, де спалахнула пожежа, показала, що справа була не лише у випадковому нещасті. Кабінет Сари Гокінс носить сліди окультних практик, а якась, безсумнівно, велетенська істота залишила свої сліди на стінах коридору, що веде до її майстерні. Що ж до кабінету Чарльза Гокінса — він приховував прохід до мережі підземних печер."
"5701DB2B47C25D8576F0EEBA3016BF6D","Hawkins mansion","Маєток Гокінсів"
"47DAA5214DA152BA42EFD7A1BD1224AA","Who would have guessed that Hawkins Mansion was hiding such big and intricate tunnels underneath? It seemed to be the hideout of a cult of some kind. I can't believe Sarah and Simon lived right above such danger without knowing anything...","Хто б міг подумати, що під маєтком Гокінсів ховається така велика й заплутана мережа тунелів? Здається, це було сховище якогось культу. Важко повірити, що Сара і Саймон жили просто над цим жахом і нічого не підозрювали..."
"75322CF0469EEAD862783DBC3EB55D77","Tunnels under the Hawkins mansion","Катакомби під маєтком Гокінсів"
"BAF79D4B4C4A3DBC5A78BAA112670CF1","The police station on Darkwater is in the image of those that occupy it: cramped, neat and tidy, and totally amateur. I'm the only one occupying a cell, but it's not surprising when you see the collusion between the police and the bootleggers, who no doubt supply them with whiskey. I must find a way out of this hole.","Дарквотерський відділ поліції точнісінько як його працівники: тісний, охайний і смердить дилетанством. У камері сиджу тільки я — і це зовсім не дивно, зважаючи на те, як тісно тут співпрацюють копи з бутлеґерами, що, без сумніву, постачають їм віскі. Потрібно якось вибиратися з цієї діри."
"382AE58447F0F9E3252166879A4FC966","Darkwater police station","Дарквотерський відділ поліції"
"D4257FDA45F8714DC2C7BEA02C8E8578","Sarah Hawkins has tracked the Dimensional Shambler right into this abandoned mine. The bodies of the bootleggers and the presence of crates shows that the place was used by Cat's gang.","Сара Гокінс вистежила Міжвимірного Блукача прямо в цій покинутій шахті. Тіла бутлеґерів і наявність ящиків свідчать про те, що це місце використовувала банда Кет."
"5F70B71545D5E07A2E06BE8DA648C61A","Abandoned mine","Закинута шахта"
"6C86D29743125B34EFAABBAFB7BEC4E8","The Town Hall is one of the most recently-built facilities in Darkwater. A fire wiped out the building and most of its archives a few years ago; the facility was built anew only in 1921.<lf><lf>The Mayor, Harry Campbell, has been running the town for 52 years already. More than universal consensus, his long service is due to lack of competition, and to the intricate network of connections his father built before his death.","Ратуша — одна з найновіших споруд Дарквотера. Пожежа знищила будівлю і більшість архівів кілька років тому; будівля була побудована заново лише в 1921 році.<lf><lf>Мер, Гаррі Кембелл, керує містом вже 52 роки. На загальну думку, його тривале перебування на посаді пояснюється не стільки відсутністю конкуренції, скільки складною мережею зв'язків, яку вибудував перед смертю його батько."
"6340573C424ED4AC064473979BC9F6D3","Darkwater Town Hall","Ратуша Дарквотер"
"46518F33440C878B2B71BEB1D2A298D9","The whaling station, supposedly abandoned since the end of the whale hunting period, in fact hid the cult's biggest secret: Leviathan. The huge creature had been kept there for decades by the cult. I'm not sure if it was there of its own accord, or if the cultists were keeping it prisoner: the intentions of this creature are beyond human understanding. The place went up in flames when I set off the explosion.","Китобійна станція, яку вважали покинутою з часів занепаду китобійного промислу, насправді зберігала найбільшу таємницю культу: Левіафана. Ця гігантська істота перебувала там десятиліттями — утримувана окультистами. Та важко сказати, чи залишалась вона там з власної волі, чи була ув’язнена: наміри цієї істоти — поза межами людського розуміння. Місце згоріло дотла після вибуху, який я спричинив."
"ED6B485947DC984E4682649AFD2DB470","Whaling Station","Китобійна станція"
"2DB51B8F479134EAD43F3FB8F8B6A994","Deduction","Дедукція"
"1610C955489D07DAE7C97782C574A6BF","Knowledge","Знання"
"FF7460D94450E6E748AD22B9EF4F0520","Social","Соціальність"
"6AF0BC4A4813E102BE6C8D8BAD1243EC","Balance","Баланс"
"0F40340D45FD59752B9A2F8055F050A6","Ally","Союзник"
"9DBFB66840F09DEFEAE8DCA3BF2CCA41","Friendly","Дружнє ставлення"
"643CEE5C4BB553F1DC37F9B8CF03252D","Hostile","Вороже ставлення"
"D51F7CEC4AEBF37F9A21AFA855701CD8","Indifferent","Нейтральне ставлення"
"ABDA05BA4E32A8EEF09C23A8C322745D","Unfriendly","Неприязне ставлення"
"08F15FC548FC4DC3771CE99A64D4BF4F","Confident in your abilities and your Cartesian mind, you conduct your investigation by sticking to the facts, your convictions and your perception of reality. Your conclusions are logical and reliable.","Впевнений у своїх здібностях і декартівському розумі, ви проводите своє розслідування, дотримуючись фактів, своїх переконань і свого сприйняття реальності. Ваші висновки логічні та достовірні."
"CC530DD44DB942E9212BD892916F9DE9","Confident in your abilities and your Cartesian mind, you conduct your investigation by sticking to the facts, your convictions and your perception of reality. Your conclusions are logical and reliable.","Впевнений у своїх здібностях і декартівському розумі, ви проводите своє розслідування, дотримуючись фактів, своїх переконань і свого сприйняття реальності. Ваші висновки логічні та достовірні."
"509DF39E49AD823C85B2AD8C6BAC57AC","Stable","Стабільний"
"9FBC14264FE58D5E6449F084A234F857","The ordeals you have gone through have left their mark, but you still manage as best you can. You keep your mind busy in order to chase away doubts and painful memories. You still have some way to go. Who knows where your mind could lead you along the paths of insanity?","Труднощі минулого залишили на вас слід, але ви не здаєтеся. Ви зосереджуєтеся на поточних проблемах, щоб відволіктися від сумнівів і болючих спогадів. У вас попереду ще довгий шлях. Хто знає, куди вас приведе дорога божевілля?"
"31201DCA41A42EEE95DF5B9236E306BE","There is a secret. A forgotten secret, so old and terrifying, which is only divulged in the blasphemous pages of lost tomes, or whispered during forgotten and outlawed rituals. We are not children of providence. You know the cruel and awful truth, and you have seen the frightening face of reality.","Існує таємниця, настільки давня і пронизлива, що її можна відкрити лише на сторінках загублених, безбожних фоліантів або в заклинаннях, які шепочуть під час забутих і заборонених ритуалів. Ми не є дітьми провидіння. Ви знаєте жорстоку і жахливу правду, і ви бачили лячне обличчя реальності."
"2B86176D45E2B922C879F6AE0C7BE1F1","Psychotic","Психотичний"
"BFE471F947F1791ACC32C6B601E56520","Medicine represents your medical knowledge. <lf>Improving this skill increases your chances of determining the dosage of a drug, of making a diagnosis or of expressing your understanding of a medical problem.","Медицина визначає рівень ваших медичних знань.<lf>Покращення цієї навички підвищує шанси правильно визначити дозування ліків, поставити діагноз або продемонструвати розуміння медичної проблеми."
"2DFB82ED44562608537DBF8CAD6630A9","Medicine","Медицина"
"E090E722426AE823BE7429951881011E","Investigation represents your investigating talents.<lf>Improving this skill increases your chances of understanding past events by analyzing a crime scene or an object, and of picking locks.","Розслідування визначає ваші слідчі здібності.<lf>Покращення цієї навички підвищує шанси зрозуміти події минулого шляхом аналізу місця злочину чи об'єкта, а також дозволяє зламувати замки."
"685DA3694834430B8FA945B37E33F349","Investigation","Розслідування"
"7D14A768499A939FB18B6A99143400CF","Investigation","Розслідування"
"D4D32C9C4C55349C45AAE097D011FBE3","Occultism represents your knowledge of the occult sciences. <lf>Improving this skill increases your chances of determining the use and origin of occult artifacts, and of expressing your knowledge of the myth.","Окультизм визначає ваше знання окультних наук.<lf>Покращення цієї навички підвищує шанси визначити походження та призначення окультних артефактів, а також розуміння міту."
"4DE975AF40614D76B0611DB0FF8FF097","Occultism","Окультизм"
"A10C20E54E63637B4848F6BB4BADB70C","Psychology represents your knowledge of human behavior.<lf>Improving this skill increases your chances of understanding the motivations of a person, based on his or her behavior, or on the analysis of objects.","Психологія визначає ваше розуміння людської поведінки.<lf>Покращення цієї навички підвищує шанси зрозуміти мотивацію інших людей на основі їхньої поведінки або аналізу предметів."
"740E92B54F2DBD580465F38BA2BC39DA","Psychology","Психологія"
"601B0AC44CE07F1912A4759FCE37EE90","Spot hidden represents your ability to find hidden objects. <lf>Improving this skill increases your chances of finding hidden objects. An undiscovered object will not appear in-game.","Уважність визначає вашу здатність знаходити приховані об’єкти.<lf>Покращення цієї навички підвищує шанси знайти приховані об'єкти. Невиявлений об'єкт не з'явиться в грі."
"962A49EC439E979D91E675A6227A289A","Spot Hidden","Уважність"
"UI_BUTTON_ADD","ADD","ДОДАТИ"
"UI_BUTTON_APPLY","APPLY SETTINGS","ЗАСТОСУВАТИ"
"UI_BUTTON_BACK","BACK","НАЗАД"
"UI_BUTTON_BACK_TO_MAIN_MENU","Back To Main Menu","Повернутися до головного меню"
"UI_BUTTON_CHANGE_LOCK","Change lock","Змінити замок"
"UI_BUTTON_CHANGE_MAST","Change mast","Змінити стиржень"
"UI_BUTTON_DEFAULT","RESET TO DEFAULT","СКИНУТИ"
"UI_BUTTON_DELETE","DELETE","ВИДАЛИТИ"
"UI_BUTTON_EXPAND","EXPAND","РОЗГОРНУТИ"
"UI_BUTTON_HOLD_TO_SKIP","HOLD TO SKIP","УТРИМУЙТЕ, ЩОБ ПРОПУСТИТИ"
"UI_BUTTON_NAVIGATE_PLACES","NAVIGATE OBJECTIVES","ПЕРЕМИКАТИСЯ МІЖ ЗАВДАННЯМИ"
"UI_BUTTON_OK","OK","ГАРАЗД"
"UI_BUTTON_REMOVE","REMOVE","ПРИБРАТИ"
"UI_BUTTON_RESET","RESET","СКИНУТИ"
"UI_BUTTON_RESET_MAST","Reset","Скинути"
"UI_BUTTON_ROTATE_LOCK","Rotate","Повертати"
"UI_BUTTON_ROTATE_MAST","Rotate","Повертати"
"UI_BUTTON_SELECT","SELECT","ВИБРАТИ"
"UI_BUTTON_SELECTION","Selection","Вибір"
"UI_BUTTON_SKIP","Skip","ПРОПУСТИТИ"
"UI_BUTTON_SWITCHUSER","Switch user","Перемкнути користувача"
"UI_BUTTON_VALIDATE","VALIDATE","ПІДТВЕРДИТИ"
"UI_CLUE_MEMORIZE","New clue memorized","Отримоно новий доказ"
"UI_CULTURE_CHINESE_SIMPLIFIED","中文（简体）","Китайська (спрощена)"
"UI_CULTURE_CZECH","Čeština","Чеська"
"UI_CULTURE_ENGLISH","English","Англійська"
"UI_CULTURE_FRENCH","Français","Французька"
"UI_CULTURE_GERMAN","Deutsch","Німецька"
"UI_CULTURE_ITALIAN","Italiano","Італійська"
"UI_CULTURE_JAPANESE","日本語","Японська"
"UI_CULTURE_KOREAN","한국어","Корейська"
"UI_CULTURE_POLISH","Polski","Польська"
"UI_CULTURE_PORTUGUESE_BR","Português","Португальська"
"UI_CULTURE_RUSSIAN","Русский","уїбанська"
"UI_CULTURE_SPANISH","Español","Іспанська"
"98AE67564DB932AB62DB248F56CB3F97","You don’t have any information yet.","У вас поки що, нема жодної інформації."
"UI_DB_TAB_CASE","THE CASE","СПРАВА"
"UI_DB_TAB_CHARACTER","PIERCE","ПІРС"
"UI_DB_TAB_CLUE","CLUES","ДОКАЗИ"
"UI_DB_TAB_DARKWATER","DARKWATER","ДАРКВОТЕР"
"UI_DB_TAB_DEFAULT","Default","За замовчуванням"
"UI_DB_TAB_DIARY","DIARY","ЩОДЕННИК"
"UI_DB_TAB_INHABITANT","INHABITANTS","МЕШКАНЦІ"
"UI_DB_TAB_INVENTORY","INVENTORY","ІНВЕНТАР"
"UI_DB_TAB_INVENTORY_BONUS","KNOWLEDGE","ЗНАННЯ"
"UI_DB_TAB_OCCULT","OCCULT","ОКУЛЬТИЗМ"
"UI_DB_TAB_PLACE","PLACES","ЛОКАЦІЇ"
"UI_DB_TAB_SANITY","SANITY","МЕНТАЛЬНИЙ СТАН"
"UI_DB_TAB_SKILL","SKILLS","НАВИЧКИ"
"UI_DIALOGUE_ALREADY_USED","Choice already used","Вибір уже застосовано"
"UI_DIALOGUE_RELATIONSHIP_GOOD_RANGE","Relationship with {0} correct","Відносини з {0} правильні"
"UI_DIALOGUE_RELATIONSHIP_HIGH","Relationship with {0} too good","Відносини з {0} надто гарні"
"UI_DIALOGUE_RELATIONSHIP_LOW","Relationship with {0} too bad","Відносини з {0} надто погані"
"UI_DIALOGUE_RELATIONSHIP_NO","{0} / {1}","{0} / {1}"
"UI_DIALOGUE_RELATIONSHIP_YES","{0} / {1}","{0} / {1}"
"UI_DIALOGUE_SANITYMAX_GOOD","Valid SAN requirements","Ментальний стан відповідає вимогам"
"UI_DIALOGUE_SANITYMAX_HIGH","Sanity too high","Ментальний стан надто стабільний"
"UI_DIALOGUE_SANITYMAX_LOW","Invalid SAN requirements","Ментальний стан не відповідає вимогам"
"UI_DIALOGUE_SANITY_GOOD","Good","Добре"
"UI_DIALOGUE_SANITY_HIGH","Sanity too high","Ментальний стан надто стабільний"
"UI_DIALOGUE_SANITY_LOW","Sanity too low","Ментальний стан надто нестабільний"
"UI_DIALOGUE_SKILL_CHECK_FAIL","{0} / Failed","{0} / Невдало"
"UI_DIALOGUE_SKILL_CHECK_SUCCESS","{0} / Succeeded","{0} / Успішно"
"UI_DIALOGUE_SKILL_LEVEL_GOOD","{0} / {1}","{0} / {1}"
"UI_DIALOGUE_SKILL_LEVEL_LOW","{0} / {1}","{0} / {1}"
"A87E05644B6F63A6A72234B6BF80D334","Hold to test {0}","Утримуйте для перевірки {0}"
"UI_FOOTER_BACK","Back","Назад"
"UI_FOOTER_INSPECT","INSPECT","ОГЛЯНУТИ"
"UI_FOOTER_LISTEN","Listen","Слухати"
"UI_FOOTER_NAVIGATE","NAVIGATE","ПЕРЕМІЩЕННЯ"
"UI_FOOTER_ROTATE","Rotate","Повертати"
"UI_GAMEOVER_BACK_MAIN_MENU","RETURN TO MAIN MENU","ПОВЕРНУТИСЯ ДО ГОЛОВНОГО МЕНЮ"
"UI_GAMEOVER_BACK_MAIN_MENU_DESC","Return to the main menu","Повернутися до головного меню"
"UI_GAMEOVER_LAST","LAST CHECKPOINT","ОСТАННЯ ТОЧКА ЗБЕРЕЖЕННЯ"
"UI_GAMEOVER_SETTINGS","SETTINGS","НАЛАШТУВАННЯ"
"UI_GAMEOVER_SETTINGS_DESC","Change game options","Змінити ігрові налаштування"
"UI_GAMEOVER_TITLE","GAME OVER","ТЕМРЯВА ПОГЛИНУЛА ВАС"
"394BF9EB48F566DA034B6E99D5C5905D","AGE :","ВІК:"
"3F853D7549B66C60779A3380A8711395","OCCUPATION :","ЗАЙНЯТІСТЬ:"
"UI_INPUT_HOLD","Hold down","Утримуйте"
"UI_INPUT_TOGGLE","Toggle","Перемкнути"
"UI_ITEM_RECEIVE","Item obtained:","Предмет отримано"
"UI_LOADING_CHAPTER_M01_S05","Chapter 1","Розділ 1"
"UI_LOADING_CHAPTER_M02_S08","Chapter 2","Розділ 2"
"UI_LOADING_CHAPTER_M03_S01","Chapter 3","Розділ 3"
"UI_LOADING_CHAPTER_M03_S02","Chapter 3","Розділ 3"
"UI_LOADING_CHAPTER_M03_S03","Chapter 4","Розділ 4"
"UI_LOADING_CHAPTER_M04_S09","Chapter 8","Розділ 8"
"UI_LOADING_CHAPTER_M04_S18","Chapter 5","Розділ 5"
"UI_LOADING_CHAPTER_M05_S07","Chapter 7","Розділ 7"
"UI_LOADING_CHAPTER_M06_S13","Chapter 6","Розділ 6"
"UI_LOADING_CHAPTER_M06_S14","Chapter 6","Розділ 6"
"UI_LOADING_CHAPTER_M07_S09","Chapter 9","Розділ 9"
"UI_LOADING_CHAPTER_M09_S02","Chapter 9","Розділ 9"
"UI_LOADING_CHAPTER_M09_S04","Chapter 12","Розділ 12"
"UI_LOADING_CHAPTER_M09_S08_CAT","Chapter 11","Розділ 11"
"UI_LOADING_CHAPTER_M09_S08_PIERCE","Chapter 12","Розділ 12"
"UI_LOADING_CHAPTER_M10_S12","Chapter 10","Розділ 10"
"UI_LOADING_CHAPTER_M12_S15","Chapter 13","Розділ 13"
"UI_LOADING_CHAPTER_M13_S16","Chapter 14","Розділ 14"
"UI_LOADING_CHAPTER_M13_S17","Chapter 14","Розділ 14"
"UI_LOADING_DESCRIPTION_M01_S05","Boston, 1924. <lf>Edward Pierce, veteran of the First World War, drowns his memories in liquor and sleeping pills. He is now a private detective who has trouble finding a case able to lift him from his torpor. Pierce must find a new case quickly, or risk losing his license.","Бостон, 1924.<lf>Едвард Пірс, ветеран Першої світової війни, намагається заглушити спогади алкоголем і снодійним. Наразі, він — приватний детектив, якому важко знайти нову справу, здатну вивести його з апатії. Пірс мусить якнайшвидше знайти нову справу, інакше його позбавлять ліцензії."
"UI_LOADING_DESCRIPTION_M02_S08","Pierce took the Hawkins case. The cursed artist is accused of having caused the fire that killed her and her family. As the only clue, she left her father a disturbing painting. On the shipping label, an address: a warehouse set on the docks of the island of Darkwater. The place seems to be the starting point for Pierce's investigation.","Пірс узявся за справу Гокінс. Прокляту художницю звинуватили в тому, що вона спричинила пожежу, яка забрала життя її та її родини. Єдиною зачіпкою була тривожна картина, яку вона залишила батькові. На транспортній етикетці є адреса: склад, що розташований у доках острова Дарквотер. Це місце, схоже, й стане відправною точкою розслідування Пірса."
"UI_LOADING_DESCRIPTION_M03_S01","Pierce managed to get into the warehouse. The place, thought to be abandoned, revealed some surprises: signs of recent occupation as well as a partly charred painting. Interrupted in his searching by Officer Bradley, Pierce convinced him to join his investigation. The police officer is willing to drive the detective to the Hawkins mansion.","Пірс зумівся потрапити на склад. Місце, яке вважалося покинутим, приховувало декілька несподіванок: сліди, які вказували на те, що в складі нещодавно хтось жив, і частково обгорілу картину. Але пошуки Пірса перериває офіцер Бредлі, та детективу вдається переконати його, що вони повинні працювати разом над розслідуванням. Офіцер погодився відвезти Пірса до маєтку Гокінсів."
"UI_LOADING_DESCRIPTION_M03_S02","Pierce and Officer Bradley explored the gardens of the Hawkins mansion. The family lies in the graveyard of the property, guarded by Silas Winchester. The old caretaker, still faithful to his employers, keeps watch on the place, armed with his ax. Pierce and Bradley managed to calm him down and, finally, get hold of the key to the Hawkins mansion. They enter the building, looking for the scene of the fire.","Пірс та офіцер Бредлі дослідили сади при маєтку Гокінсів. Родина похована на кладовищі на території маєтку. За ним доглядає Сайлаз Вінчестер — старий сторож, озброєний сокирою, що й досі, будучи вірним родині, охороняє це місце. Пірсу та Бредлі вдалося його заспокоїти й, зрештою, отримати ключ до маєтку Гокінсів. Вони заходять до будівлі, аби оглянути місце пожежі."
"UI_LOADING_DESCRIPTION_M03_S03","Inside the Hawkins mansion, the scene of the fire revealed its secrets. Pierce and Officer Bradley, now on the trail of a survivor, had undertaken to search the place, looking for proof. When a hooded man leaped into Sarah Hawkins' workshop to steal a painting, detective and police officer set off after him. By following him to the office of Charles Hawkins, they discovered a secret passage. Pierce and Bradley enter the tunnel under the mansion.","Усередині маєтку Гокінсів, місце пожежі розкрило свої таємниці. Пірс та офіцер Бредлі, у пошуках доказів напали на слід уцілілого під час пожежі. Коли чоловік у капюшоні вскочив у майстерню Сари Гокінс, щоб вкрасти картину, детектив і офіцер поліції кинулися за ним. Прослідкувавши за ним до кабінету Чарльза Гокінса, вони виявили таємний прохід. Пірс і Бредлі заходять у нього."
"UI_LOADING_DESCRIPTION_M04_S09","In The Nameless Bookstore, Pierce traced the trail of an attempted burglary. He discovered that Charles Hawkins was behind the attempt. Pierce opened the bookseller's safe to find what the latter and Sarah Hawkins had hidden there. A book covered in human skin, lied inside, irresistibly attracted the detective. When he opened it, his mind was projected into another body.","У «Безіменній книгарні», Пірс відстежив сліди спроби пограбування. Він виявив, що за цим стоїть Чарльз Гокінс. Пірс відчинив сейф книгарні, щоб знайти те, що Чарльз й Сара Гокінси сховали там. Книга, обтягнута людською шкірою, що лежала всередині, непереборно приваблювала детектива. Коли він відкрив її, його розум був перенесений у інше тіло."
"UI_LOADING_DESCRIPTION_M04_S18","Pierce and Officer Bradley followed the intruder to the secret meeting place of a cult set in a network of underground caves right under the Hawkins Manor. They witnessed a strange ceremony led by a Charles Hawkins, very much alive. Bradley tried to arrest him, but Hawkins, whose body displayed various mutations, disemboweled the police officer. As he tried to escape from him, Pierce found himself prisoner of a rockfall. Rushed to the Riverside Institute, he is in a critical state.","Пірс і офіцер Бредлі прослідкували за зловмисником до таємного місця, де зустрічаються окультисти, розташованого в мережі підземних печер прямо під маєтком Гокінсів. Вони стали свідками дивної церемонії, яку проводив Чарльз Гокінс, який дуже навіть живий. Бредлі спробував заарештувати його, але Гокінс, тіло якого було сповнене різноманітних мутацій, випотрошив офіцера. Намагаючись втекти від Чарльза, Пірс опинився в полоні каменепаду. Його доставили до Інституту Ріверсайд, де він перебуває у критичному стані."
"UI_LOADING_DESCRIPTION_M05_S07","The Shambler turned out to be much more than an artwork painted by Sarah Hawkins, as a huge creature came out of the painting to attack Pierce. After a hard fight, the detective managed to send it back into the painting. He later discovered that the dagger he used to repel the creature had been sold to Sanders by a man named Algernon Drake, owner of The Nameless Bookstore. Pierce decides to pay the library a visit.","«Блукач» виявився чимось більшим, аніж просто картиною Сари Гокінс, адже з картини вийшла величезна істота, щоб напасти на Пірса. Після запеклої сутички детективові вдалося відправити її назад у картину. Пізніше він дізнався, що кинджал, який він використовував, щоб прогнати істоту, був проданий Сандерсу людиною на ім'я Алджернон Дрейк, власником «Безіменної книгарні». Пірс вирішує відвідати книгарню."
"UI_LOADING_DESCRIPTION_M06_S13","Pierce, Colden and Bradley decided to team up to solve the Sarah Hawkins case. They have a new trail to follow: Francis Sanders, an art collector and friend of the painter, who died right in front of Pierce. The detective goes to his house in order to speak to his widow about the ""Shambler"", that the unfortunate man mentioned before he died.","Пірс, Колден і Бредлі вирішили об'єднатися, щоб розкрити справу Сари Гокінс. У них з'являється новий слід: Френсіс Сандерс, колекціонер мистецтва і друг художниці, який помер прямо на очах у Пірса. Детектив вирушає до його будинку, щоб поговорити з його вдовою про «Блукача», про якого нещасний згадував перед смертю."
"UI_LOADING_DESCRIPTION_M06_S14","Pierce woke up in an asylum, installed in the cellars of the Riverside Institute. He met Dr Colden, a female friend of Bradley, who helped him to escape. Wandering through the corridors of this place where Dr Fuller reigns supreme, Pierce was able to talk to a man called Francis Sanders. Before dying in full view of the detective, he accused Sarah Hawkins of being the cause of his torments. Pierce finally left the accursed building, accompanied by Bradley and Colden. The companions in misfortune decide to use the Hawkins mansion as a hideout.","Пірс прокинувся у психлікарні, облаштованій у підземеллях Інституту Ріверсайд. Він зустрів докторку Колден, подругу Бредлі, яка допомогла йому втекти. Блукаючи коридорами закладу, яким керував доктор Фуллер, Пірс зміг поговорити з чоловіком на ім'я Френсіс Сандерс. Незадовго до того, як він помер на очах у детектива, чоловік стверджував, що Сара Гокінс була причиною його страждань. Пірс нарешті покинув прокляту будівлю в супроводі Бредлі та Колден. Товариші по нещастю вирішують використати маєток Гокінсів як схованку."
"UI_LOADING_DESCRIPTION_M07_S09","The book projected Pierce into the body of Dr Colden. The detective watched, helplessly, as Bradley's friend carried out her inquiry. Confronted with the experiments of Fuller, she got into his office and discovered that the director of the Riverside Institute was hiding information on, if not the body of, Sarah Hawkins. But she was discovered by Fuller. Pierce must save her before it's too late.","Книга перенесла розум Пірса в тіло докторки Колден. Детектив безпосередньо спостерігав, як подруга Бредлі проводила своє розслідування. Зіткнувшись з експериментами Фуллера, вона проникла в його кабінет і виявила, що директор Інституту Ріверсайд приховує інформацію про Сару Гокінс, якщо взагалі не її тіло. Але її викрив Фуллер. Пірс повинен врятувати її, поки не стало надто пізно."
"UI_LOADING_DESCRIPTION_M09_S02","After the death of Colden, Pierce, victim of hallucinations, advanced inside the Riverside Institute to the point of discovering Sarah Hawkins, alive, prisoner of Dr Fuller. The last confrontation between Charles Hawkins and his wife has revealed that the man, under his monstrous appearance, tried to protect her from the influence of the Myth. He warned Pierce. If Sarah succumbs to the lure of the occult, she will lose all free will, allowing the cult to bring its plan to fruition: summon an ancient and evil god. Henceforth, Pierce must know more about Sarah Hawkins' intentions, and find a way to protect her.","Після смерті Колден, Пірс, будучи жертвою галюцинацій, просунувся вглиб Інституту Ріверсайд настільки, що знайшов Сару Гокінс, живу, ув'язнену доктором Фуллером. Останнє зіткнення між Чарльзом Гокінсом і його дружиною показало, що чоловік, прикриваючись своєю жахливою зовнішністю, намагався захистити її від впливу Міту. Він попереджав Пірса. Якщо Сара піддасться спокусі окультизму, вона втратить будь-яку свободу волі, дозволивши культу здійснити свій план: викликати стародавнього і злого бога. Відтепер Пірс повинен дізнатися більше про наміри Сари Гокінс і знайти спосіб захистити її."
"UI_LOADING_DESCRIPTION_M09_S04","Leviathan returned to torture Pierce with a new vision. One in which the detective will see through Cat’s eyes.","Левіафан повернувся, щоб катувати Пірса новим видінням. В якому детектив побачить світ очима Кет."
"UI_LOADING_DESCRIPTION_M09_S08_CAT","Sarah Hawkins, together with Algernon Drake, managed to permanently drive the Dimensional Shambler back, at the end of a fierce battle. However, this feat of strength cost her what was left of her self-awareness: she has succumbed to the call of the Myth.","Сара Гокінс разом з Алджерноном Дрейком наприкінці запеклої битви зуміла назавжди прогнати Міжвимірного Блукача назад. Однак цей подвиг коштував їй того, що залишилося від її самосвідомості: вона піддалася поклику Міту."
"UI_LOADING_DESCRIPTION_M09_S08_PIERCE","Pierce awoken in his prison cell. Bradley came in to free him, but his state forced Pierce to make an impossible choice. The detective is now after Sarah Hawkins. He hopes he will catch with the mad artist before she makes things worst.","Пірс прокинувся у своїй тюремній камері. Бредлі прийшов звільнити його, але його стан змусив Пірса зробити неймовірно складний вибір. Тепер детектив переслідує Сару Гокінс. Він сподівається, що встигне зловити божевільну художницю до того, як вона зробить щось жахливе."
"UI_LOADING_DESCRIPTION_M10_S12","With the help of Algernon Drake, Pierce has obtained an amulet that is supposed to protect Sarah Hawkins against the evil powers that covet her. The painter told him of her desire to track and kill the Dimensional Shambler in order to atone for her sins. Before Pierce could stop her, he was arrested by the police.","За допомогою Алджернона Дрейка Пірс здобув амулет, який має захистити Сару Гокінс від злих сил, що полюють на неї. Художниця розповіла йому про своє бажання вистежити і знищити Міжвимірного Блукача, щоб спокутувати свої гріхи. Перш ніж Пірс зміг зупинити її, його заарештувала поліція."
"UI_LOADING_DESCRIPTION_M12_S15","Pierce crossed the docks, where old acquaintances and new faces met their ends. All over the place, Leviathan's slaves were wandering in search of a victim. After fighting his way through, and after discovering the truth about the origin of the cult and its founders, Pierce finally reached the whaling station. He hopes to catch Sarah Hawkins before she does something bad.","Пірс дістався доків, де зустрілися старі знайомі та нові обличчя. Всюди блукали раби Левіафана в пошуках жертв. Пробившися через них і дізнавшись правду про походження культу та його засновників, Пірс нарешті дістався китобійної станції. Він сподівається впіймати Сару Гокінс до того, як вона не вкоїла чогось ще гіршого."
"UI_LOADING_DESCRIPTION_M13_S16","Pierce finally met Leviathan, in flesh and blood. The monstrous creature submitted him to a series of ordeals, at the end of which he decided that the detective was ready to face his destiny. Pierce blew up the whaling station and, after a final confrontation with Leviathan, he passed out.","Пірс нарешті зустрівся з Левіафаном, у плоті та крові. Жахливе створіння піддало його низці випробувань, наприкінці яких вирішило, що детектив готовий зустріти свою долю. Пірс підірвав китобійну станцію, а після останньої сутички з Левіафаном втратив свідомість."
"UI_LOADING_DESCRIPTION_M13_S17","After a final confrontation, Pierce must go to Alabaster Point where Sarah Hawkins is supposed to be waiting for him. There, he must make decisions that could change the destiny of the world.","Після фінальної сутички, Пірс має вирушити до Алабастрової вершини, де на нього чекає Сара Гокінс. Там він має прийняти рішення, яке може змінити долю світу."
"UI_LOADING_PLACE_M01_S05","Pierce Investigations Agency, Boston","Агенство розслідувань Пірса, Бостон"
"UI_LOADING_PLACE_M02_S08","Darkwater Port","Дарквотерський порт"
"UI_LOADING_PLACE_M03_S01","Garden of the Hawkins mansion","Сад маєтку Гокінсів"
"UI_LOADING_PLACE_M03_S02","Hawkins mansion","Маєток Гокінсів"
"UI_LOADING_PLACE_M03_S03","Tunnels under the Hawkins mansion","Катакомби під маєтком Гокінсів"
"UI_LOADING_PLACE_M04_S09","Riverside Institute","Інститут Ріверсайд"
"UI_LOADING_PLACE_M04_S18","Riverside Institute","Інститут Ріверсайд"
"UI_LOADING_PLACE_M05_S07","The Nameless Bookstore","«Безіменна книгарня»"
"UI_LOADING_PLACE_M06_S13","Sanders residence","Резиденція Сандерсів"
"UI_LOADING_PLACE_M06_S14","Hawkins mansion","Маєток Гокінсів"
"UI_LOADING_PLACE_M07_S09","Riverside Institute","Інститут Ріверсайд"
"UI_LOADING_PLACE_M09_S02","Hawkins mansion","Маєток Гокінсів"
"UI_LOADING_PLACE_M09_S04","Darkwater police station","Дарквотерський відділ поліції"
"UI_LOADING_PLACE_M09_S08_CAT","Darkwater police station","Дарквотерський відділ поліції"
"UI_LOADING_PLACE_M09_S08_PIERCE","Darkwater police station","Дарквотерський відділ поліції"
"UI_LOADING_PLACE_M10_S12","Bootlegers’ caves","Бутлеґерські печери"
"UI_LOADING_PLACE_M12_S15","Abandoned whaling station","Покинута китобійна станція"
"UI_LOADING_PLACE_M13_S16","Coastal cave","Прибережна печера"
"UI_LOADING_PLACE_M13_S17","Alabaster Point","Алабастрова вершина"
"UI_LOAD_SAVEGAME_ERROR_DESCRIPTION","This save cannot be loaded because it is not compatible with your version of the game.","Збереження не може бути завантаженим, оскільки воно не сумісною з вашою версією гри"
"UI_LOAD_SAVEGAME_ERROR_TITLE","Loading error","Помилка завантаження"
"UI_LOAD_TITLE","LOAD","ЗАВАНТАЖЕННЯ"
"UI_MAINMENU_CREDITS","CREDITS","ТИТРИ"
"UI_MAINMENU_CREDITS_DESC","Credits","Титри"
"UI_MAINMENU_LOADGAME_DESC","Load the game saved","Завантажити збереження"
"UI_MAINMENU_LOAD_GAME","LOAD GAME","ЗАВАНТАЖИТИ ГРУ"
"UI_MAINMENU_NEWGAME","NEW GAME","НОВА ГРА"
"UI_MAINMENU_NEWGAME_DESC","Begin a new game","Почати нову гру"
"UI_MAINMENU_QUIT","QUIT","ВИЙТИ"
"UI_MAINMENU_QUIT_DESC","Quit the game","Вийти з гри"
"UI_MAINMENU_SETTINGS","SETTINGS","НАЛАШТУВАННЯ"
"UI_MAINMENU_SETTINGS_DESC","Change game settings","Змінити ігрові налаштування"
"UI_MAINMENU_TITLE","MAIN MENU","ГОЛОВНЕ МЕНЮ"
"UI_MAINTAB_NAVIGATE","NAV. MAIN MENU","ПЕРЕМИКАТИСЯ МІЖ ВКЛАДКАМИ"
"CAEA0CCD48DD4A05A89E47A7B41A9387","Enter madness","Пориньте в божевілля!"
"UI_NEWGAME_TITLE","NEW GAME","НОВА ГРА"
"DED3294A47FFA4E138B8E2919E683DC8","New objective","Нове завдання"
"BA5F1D094CF6E6742BC673BE0E085ADC","New character discovered","Виявлено нового персонажа"
"3D0FB39C407A0ACA4FF000B73C85A9E9","New occult element","Новий елемент окультизму"
"36F458C047244AA3CB6709A6B422D7C6","New place discovered","Виявлено нову локацію"
"7037129A4D114DDAB4C28C9037CC14CC","Relationship changed","Відносини змінилися"
"287BF4F342CF1F9D219ACBB502DDD06D","Objective completed","Завдання виконано"
"UI_OPTIONS_CHOICE_AUTO","AUTO","ЗА ЗАМОВЧУВАННЯМ"
"UI_OPTIONS_CHOICE_CUSTOM","CUSTOM","ВЛАСНИЙ"
"UI_OPTIONS_CHOICE_EPIC","EPIC","ЕПІЧНО"
"UI_OPTIONS_CHOICE_FAR","FAR","ДАЛЕКО"
"UI_OPTIONS_CHOICE_FULLSCREEN_FULLSCREEN","FULLSCREEN","ПОВНОЕКРАННИЙ"
"UI_OPTIONS_CHOICE_FULLSCREEN_WINDOWEDFULLSCREEN","WINDOWED (FULLSCREEN)","У ВІКНІ (БЕЗРАМКОВИЙ)"
"UI_OPTIONS_CHOICE_FULLSCREEN_NONE","WINDOWED","У ВІКНІ"
"UI_OPTIONS_CHOICE_HIGH","HIGH","ВИСОКО"
"UI_OPTIONS_CHOICE_LOW","LOW","НИЗЬКО"
"UI_OPTIONS_CHOICE_MEDIUM","MEDIUM","СЕРЕДНЬО"
"UI_OPTIONS_CHOICE_NEAR","NEAR","БЛИЗЬКО"
"UI_OPTIONS_CHOICE_OFF","OFF","ВИМКНЕНО"
"UI_OPTIONS_CHOICE_ON","ON","ВВІМКНЕНО"
"UI_OPTIONS_CONTROL","CONTROLS","КЕРУВАННЯ"
"UI_OPTIONS_CONTROL_CAMERA_SENSIBILITY","CAMERA SENSITIVITY","ЧУТЛИВІСТЬ КАМЕРИ"
"UI_OPTIONS_CONTROL_GAMEPAD","GAMEPAD","КОНТРОЛЕР"
"UI_OPTIONS_CONTROL_GAMEPAD_TITLE","GAMEPAD","КОНТРОЛЕР"
"UI_OPTIONS_CONTROL_INVERTX","INVERT X","ІНВЕРТУВАТИ ПО ОСІ X"
"UI_OPTIONS_CONTROL_INVERTY","INVERT Y","ІНВЕРТУВАТИ ПО ОСІ Y"
"UI_OPTIONS_CONTROL_KEYBOARD","KEYBOARD","КЛАВІАТУРА"
"UI_OPTIONS_CONTROL_KEYBOARD_TITLE","KEYBOARD","КЛАВІАТУРА"
"UI_OPTIONS_CONTROL_SUBTITLE","SETTINGS","НАЛАШТУВАННЯ"
"UI_OPTIONS_CONTROL_TITLE","CONTROLS","КЕРУВАННЯ"
"UI_OPTIONS_CONTROL_VIBRATION","VIBRATION OF THE CONTROLLER","ВІБРАЦІЯ КОНТРОЛЕРА"
"UI_OPTIONS_GAME","GAME","ІГРОЛАД"
"UI_OPTIONS_GAME_CULTURE","LANGUAGE","МОВА"
"UI_OPTIONS_GAME_CURSOR","CROSSHAIR","ПЕРЕХРЕСТЯ"
"UI_OPTIONS_GAME_DETECTION","DETECTION","ВИЯВЛЕННЯ"
"UI_OPTIONS_GAME_SUBTITLE","SETTINGS","НАЛАШТУВАННЯ"
"UI_OPTIONS_GAME_SUBTITLES","SUBTITLES","СУБТИТРИ"
"UI_OPTIONS_GAME_TITLE","GAME","ІГРОЛАД"
"UI_OPTIONS_GRAPHIC","GRAPHIC","ГРАФІКА"
"UI_OPTIONS_GRAPHIC_ANTIALIASING","ANTIALIASING","ЗГЛАДЖУВАННЯ"
"UI_OPTIONS_GRAPHIC_BRIGHTNESS","BRIGHTNESS","ЯСКРАВІСТЬ"
"UI_OPTIONS_GRAPHIC_EFFECTS","EFFECTS","ЕФЕКТИ"
"UI_OPTIONS_GRAPHIC_FOV","CAMERA FOV","ПОЛЕ ЗОРУ"
"UI_OPTIONS_GRAPHIC_FULLSCREEN","FULLSCREEN","ПОВНОЕКРАННИЙ РЕЖИМ"
"UI_OPTIONS_GRAPHIC_GLOBAL","GLOBAL","ЗАГАЛЬНА ЯКІСТЬ"
"UI_OPTIONS_GRAPHIC_LIMITFPS","FRAME RATE LIMIT (FPS)","ОБМЕЖЕННЯ ЧАСТОТИ КАДРІВ (FPS)"
"UI_OPTIONS_GRAPHIC_MOTIONBLUR","MOTION BLUR","РОЗМИТТЯ ПРИ РУСІ"
"UI_OPTIONS_GRAPHIC_POSTPROCESSING","POST PROCESSING","ПІСЛЯОБРОБКА"
"UI_OPTIONS_GRAPHIC_RESOLUTION","RESOLUTION","РОЗДІЛЬНА ЗДАТНІСТЬ"
"UI_OPTIONS_GRAPHIC_SCALE","3D RENDER SCALE","МАСШТАБ 3D-РЕНДЕРИНҐУ"
"UI_OPTIONS_GRAPHIC_SHADOWS","SHADOWS","ТІНІ"
"UI_OPTIONS_GRAPHIC_SUBTITLE","SETTINGS","НАЛАШТУВАННЯ"
"UI_OPTIONS_GRAPHIC_TEXTURES","TEXTURES","ТЕКСТУРИ"
"UI_OPTIONS_GRAPHIC_TITLE","GRAPHIC","ГРАФІКА"
"UI_OPTIONS_GRAPHIC_VIEW_DISTANCE","VIEW DISTANCE","ВІДСТАНЬ ПРОМАЛЬОВКИ"
"UI_OPTIONS_GRAPHIC_VSYNC","VERTICAL SYNC","ВЕРТИКАЛЬНА СИНХРОНІЗАЦІЯ"
"UI_OPTIONS_SOUND","SOUND","ЗВУК"
"UI_OPTIONS_SOUND_EFFECT","EFFECT","ГУЧНІСТЬ ЕФЕКТІВ"
"UI_OPTIONS_SOUND_GLOBAL","GLOBAL","ЗАГАЛЬНА ГУЧНІСТЬ"
"UI_OPTIONS_SOUND_MUSIC","MUSIC","ГУЧНІСТЬ МУЗИКИ"
"UI_OPTIONS_SOUND_SUBTITLE","SETTINGS","НАЛАШТУВАННЯ"
"UI_OPTIONS_SOUND_TITLE","SOUND","ЗВУК"
"UI_OPTIONS_SOUND_VOICE","VOICE","ГУЧНІСТЬ ДІАЛОГІВ"
"UI_OPTIONS_TITLE","SETTINGS","НАЛАШТУВАННЯ"
"UI_PAUSE_BACK_MAIN_MENU","RETURN TO MAIN MENU","ПОВЕРНУТИСЯ ДО ГОЛОВНОГО МЕНЮ"
"UI_PAUSE_BACK_MAIN_MENU_DESC","Return to the main menu","Повернутися до головного меню"
"UI_PAUSE_LAST","LAST CHECKPOINT","ОСТАННЯ ТОЧКА ЗБЕРЕЖЕННЯ"
"UI_PAUSE_LAST_DESC","Load last checkpoint","Завантажити останню точку збереження"
"UI_PAUSE_RESUME_GAME","RESUME GAME","ПРОДОВЖИТИ ГРУ"
"UI_PAUSE_RESUME_GAME_DESC","Return to the game","Повернутися до гри"
"UI_PAUSE_SETTINGS","SETTINGS","НАЛАШТУВАННЯ"
"UI_PAUSE_SETTINGS_DESC","Change game settings","Змінити ігрові налаштування"
"UI_PAUSE_TITLE","PAUSE","ПАВЗА"
"09830F0E4E50A0CCA6C218B76B65DB56","Available character points","Доступні очки персонажа"
"C8635C04469852AAB682FF92AD227979","CHARACTER CREATION","ПРОКАЧКА ПЕРСОНАЖА"
"C749A52A441ACFB687081C84A8499F13","You have reached the next level.","Ви досягли нового рівня."
"UI_REBIND_BACKWARD","MOVE BACK","ІТИ НАЗАД"
"UI_REBIND_CROUCH","CROUCH","ПРИГНУТИСЯ"
"UI_REBIND_FIRE","SHOOT","СТРІЛЯТИ"
"UI_REBIND_FORWARD","MOVE FORWARD","ІТИ ВПЕРЕД"
"UI_REBIND_INTERACTION","INTERACTION","ВЗАЄМОДІЯ"
"UI_REBIND_INVESTIGATIONFILE","DIARY ACCESS","РОЗГОРНУТИ ЩОДЕННИК"
"UI_REBIND_LEAN","LEAN FORWARD","НАХИЛИТИСЯ ВПЕРЕД"
"UI_REBIND_LEFT","LEFT","ІТИ ЛІВОРУЧ"
"UI_REBIND_LIGHT","LIGHT","ДЖЕРЕЛО СВІТЛА"
"UI_REBIND_LIGHT_NEXT","NEXT LIGHT","НАСТУПНЕ ДЖЕРЕЛО СВІТЛА"
"UI_REBIND_LIGHT_PREVIOUS","PREVIOUS LIGHT","ПОПЕРЕДНЄ ДЖЕРЕЛО СВІТЛА"
"UI_REBIND_RIGHT","RIGHT","ІТИ ПРАВОРУЧ"
"UI_REBIND_RUN","RUN","БІГТИ"
"UI_REBIND_USE_ITEM","USE","ВИКОРИСТАТИ"
"UI_SAVELOAD_DEBUG_SAVE","Slot D","Комірка 4"
"UI_SAVELOAD_EMPTY","Empty slot","Пуста комірка"
"UI_SAVELOAD_QUICK_SAVE","Quick save","Швидке збереження"
"UI_SAVELOAD_SLOT","Slot","Комірка"
"UI_SAVE_FAIL","Error during the save","Сталася помилка під час збереження"
"UI_SAVE_SUCCESS","Game Saved","Гру збережено"
"UI_SAVE_TITLE","SAVE","ЗБЕРЕЖЕННЯ"
"046025F44B17E22A788D5EBC57F72606","PHOBIAS","ФОБІЇ"
"UI_SELECT_CULTURE","LANGUAGE","МОВА"
"818692C54261EE67BB54C299230E5A96","Progression","Прогрес"
"UI_SUBTAB_NAVIGATE","SUB MENUS","ПЕРЕМИКАТИСЯ МІЖ ПІДВКЛАДКАМИ"
"[003CC5AB474E5FB96643C9BC768DE311]::6AACF7F849E01D47EFBE44825A19FA81","Flee the docks","Утекти з доків"
"[003CC5AB474E5FB96643C9BC768DE311]::F4F8EC5642BCD2E41CEF21B92EE7D3EC","Examine the corpse","Оглянути труп"
"[006E7AC247D9095C1AF956A60695E351]::EC5B2A4145C4277D290B2B9018A7D13F","The Call can not be made without a guide. The guide does not have to see or to hear. He is fully committed to the cause of the Great Old One that he serves. He will find the Oracle; he will pursue the Truth Seeker. He will neither reveal nor explain. He will observe. And, when the stars align and the day of Awakening arrives, he will take his place and lead the Call."" <lf><lf>Extract taken from the Necronomicon, by Abdul Alhazred","«Поклик неможливо здійснити без провідника. Провідник не зобов’язаний ані бачити, ані чути. Він цілковито відданий справі Старшого Бога, якому служить. Він знайде Оракула; він переслідуватиме Шукача Істини. Він не говоритиме і не пояснюватиме. Він спостерігатиме. І коли зорі стануть у ряд, і настане День Пробудження — він посяде своє місце й очолить Поклик.»<lf><lf>Уривок з «Некрономікону», автор Абдул Альхазред"
"[006E7AC247D9095C1AF956A60695E351]::C258A7D2457F88C0064FC88EFBC354F8","High Priest","Верховний жрець"
"[009FC4E046C37243EDF5D396B3CAA734]::5E8DAE2C480AC1B27CB7E587D07B302F","The Hawkins mansion is perched at the top of a steep cliff. The abandoned garden harbors the graves of the Hawkins family, and only the old caretaker, Silas Winchester, still roams this bleak spot. He protects it fiercely and still puts flowers on the graves of his old masters. It's a gloomy place.","Маєток Гокінсів розташований на вершині стрімкої скелі. У занедбаному саду знаходяться могили родини Гокінсів, і лише старий доглядач, Сайлас Вінчестер, досі блукає цим похмурим місцем. Він затято захищає його і досі кладе квіти на могили своїх колишніх господарів. Це похмуре місце."
"[009FC4E046C37243EDF5D396B3CAA734]::9F7EA30E493BBD5680B1A8AA3A694D56","Hawkins Mansion - Gardens","Маєток Гокінсів — Сади"
"[00CAC9814F67D401A60040BC9EA12EFC]::B752E2EE42147A9C8AE8DDB94AAF4BF2","Edward Pierce is a veteran of the First World War, where he took part in the Meuse-Argonne Offensive. He is one of the few survivors of the Lost Battalion, American units that suffered heavy losses from enemy and allied artillery fire. Forced to hold their position for several days, surrounded by the bodies of their fallen comrades, without food or medical supplies, the soldiers were considered as lost by their fellow countrymen. Pierce is traumatized by these events. He consumes sleeping pills and liquor to ward off the nightmares that haunt him.","Едвард Пірс — ветеран Першої світової війни, де брав участь у Мез-Аргоннській операції. Він один із небагатьох, хто вижив у складі «Загубленого батальйону» — американських підрозділів, що зазнали важких втрат від вогню як противника, так і власної артилерії. Змушені утримувати свою позицію кілька днів, оточені тілами загиблих товаришів, без їжі та медикаментів, солдати були визнані загиблими своїми співвітчизниками. Пірс зазнав глибокої травми від пережитого. Щоб захиститися від нічних жахіть, що переслідують його, він вживає снодійне та алкоголь."
"[00CAC9814F67D401A60040BC9EA12EFC]::F940BE154875CF522DE4BE9D8343ED45","Nightmares","Нічні жахіття"
"[00CB030C4239272C05D72D83403EAE3B]::698C40BA45B20B94F4717FBE4444C6B0","A vial that contains strong painkillers.","Флакон із сильним знеболювальним."
"[00CB030C4239272C05D72D83403EAE3B]::768BE6C24BD757309342A1816834961B","Somebody abandoned this vial after emptying it. Someone who was obviously hiding in the abandoned warehouse, on the docks.","Хтось залишив цю ампулу після того, як спорожнив її. Схоже, ця людина ховалася в покинутому складі в доках."
"[00CB030C4239272C05D72D83403EAE3B]::E67C98DB4F57DC133A767B9F49688361","Painkillers","Знеболювальне"
"[05D7E9014A8FE3F75A235997CA242A52]::1E15C2E2483D84E41092D48D4CC35245","Pierce read an ancient treatise: the Malleus Bestiarum. This bestiary makes an inventory of numerous creatures from the occult world or parallel dimensions. The very nature of its knowledge makes it an unholy book. By reading it, Pierce lost some of his Sanity.","Пірс прочитав давній трактат — «Молот відьом». Цей бестіарій містить перелік численних істот із окультного світу або паралельних вимірів. Сама природа його знань робить цю книгу нечестивою. Після її прочитання Ментальний стан Пірса трохи погіршився."
"[05D7E9014A8FE3F75A235997CA242A52]::D380C8C54126442939D9EEBFDA7FB138","Malleus Bestiarum","«Молот відьом»"
"[05EA76AA47A5A31AB1EC26AFF137A710]::00D4B7D340A06ED4BF34D9B5FC96A16E","Obj_title","Obj_title"
"[05EA76AA47A5A31AB1EC26AFF137A710]::D5B0E6F247C339C28C3F17BA1B05FD0A","Obj_title","Obj_title"
"[05EA76AA47A5A31AB1EC26AFF137A710]::3AD0A2BE4891931154E3E7B602747554","Consult diary","Розгорнути щоденник"
"[072FF6064E04C36892AF9EB2EC00288C]::52278E3B444794EC100A37BD968AA488","Next","Далі"
"[075436A74B5AB5B95721D8BEF5435AB2]::A8D974F84E5EA8B489196A9EF359CA60","Investigation represents your investigating talents.<lf>Improving this skill increases your chances of understanding past events by analyzing a crime scene or an object, and of picking locks.","Розслідування визначає ваші слідчі здібності.<lf>Покращення цієї навички підвищує шанси зрозуміти події минулого шляхом аналізу місця злочину чи об'єкта, а також дозволяє зламувати замки."
"[075F69264D2F4BAD52C9CEAE6E1ECC09]::422396B24E055816174D31914520730E","What is this place? Some sort of asylum? They took a man and… Bradley is alive!","Що це за місце? Якась божевільня? Вони забрали людину і... Бредлі живий!"
"[07BAB85A4C7F7BB52C8E3F9D6C864D48]::134087634551BFCBC702A7989ADED04A","CP.","ОП."
"[081DD1E04F70ADB4C5AE5ABBF5A19E59]::ECD3AE42407B8BC495B66BA6F62A1179","Strictly speaking, I didn't spend much time in the hospital: when I woke up I was immediately transferred into the cellars of the institute, a sort of clandestine asylum, where Dr. Fuller carried out his experiments on patients, without being troubled. Unknown machines sit beside anatomical drawings that are disturbing, to say the least. I just managed to escape from this place. I might not have as much luck another time.","Власне кажучи, у лікарні я провів небагато часу: коли я прокинувся, мене одразу ж перемістили до підземель Інституту, своєрідної підпільної божевільні, де доктор Фуллер проводив експерименти над пацієнтами без жодного втручання ззовні. Невідомі прилади стоять поруч з анатомічними малюнками, які, м'яко кажучи, викликають тривогу. Мені дивом вдалося втекти з того місця. Наступного разу мені може так не пощастити."
"[081DD1E04F70ADB4C5AE5ABBF5A19E59]::F3D5C56D49E5ADD1205CFA87A360C5C4","Cellars of the Riverside Institute","Підземелля Інституту Ріверсайд"
"[092AA53A4CB93F227AA2A39537FCEA04]::72CBEA9944627E7C86D264BB5536C0A0","In the cell of the patient that they forcibly removed, the same symbol, repeated over and over again. A star with a kind of branch at its center. The most astonishing thing is that this poor wretch was visited by Sarah Hawkins. What was their relationship? If I find him, will I learn more about the death of this enigmatic woman?","У камері пацієнта, якого силоміць вивезли, той самий знак, що повторюється знову і знову. Зірка зі своєрідною гілкою в центрі. Найдивовижніше те, що цього нещасного відвідувала Сара Гокінс. Якими були їхні стосунки? Якщо я знайду його, чи дізнаюся я більше про смерть цієї загадкової жінки?"
"[09942D3247D22F80D3D3989C89C03C6F]::DDA9795747EDAFCF5FA0F9BE4F3C0E93","Nurse","Медсестра"
"[09B2613D4AE55AB5066D69B682CB688D]::D2A3E1224EEEA606ECEED9AF3317B115","I did a deal with Cat: she allows me entrance to the Hawkins warehouse in exchange for a debt that she'll collect on at some time in the future.","Я уклав угоду з Кет: вона дозволяє мені потрапити до складу Гокінсів в обмін на борг, який вона колись зіб’є в майбутньому."
"[0AF90FBB47C4CACD1C77168E277D3BE0]::2CC339594D46F82178CB9E90AD65389E","Sarah Hawkins… She got away from Bradley. How? <lf>He said that she had gone with Drake… the fools!<lf>Did they manage to survive their struggle with the Shambler?","Сара Гокінс... Вона втекла від Бредлі. Як?<lf>Він сказав, що вона пішла з Дрейком... дурні!<lf>Чи вдалося їм пережити боротьбу з Блукачем?"
"[0BCB8288430EF10AE5DF7B9409BE89D1]::B1F916EA45D77C84D6EA8793A6C3DC69","Leviathan... how long have they been keeping him here?<lf>I recognize his presence... it was him! The voice... the dilemmas... What does he want of me?<lf>Where is Sarah Hawkins?","Левіафан... Як довго вони його тут тримають?<lf>Я відчуваю його присутність... це він! Голос... дилеми... Що він хоче від мене?<lf>Де Сара Гокінс?"
"[0C641D0B42DEA9AE0FDCA1A3517029A6]::BE28DC4445F697B690487D8695EAEE3B","Searching through the cellars of the Riverside Institute, Pierce entered a room that he first took for a morgue. But the advanced state of decay of the corpses that lay about the place quickly made him realize that he was wrong. Nothing could justify the presence of such a charnel house in a hospital. The putrid smell and the total absence of respect for human life, as witnessed by this room, profoundly shocked Pierce, costing him some of his Sanity.","Обшукуючи підземелля Інституту Ріверсайд, Пірс зайшов до кімнати, яку спочатку прийняв за морг. Але швидко зрозумів, що помилявся, побачивши занадто сильне розкладання трупів, що лежали всюди. Ніщо не може виправдати наявність такого звалища тіл у лікарні. Смердючий трупний запах і повна відсутність поваги до людського життя, яку демонструвала ця кімната, глибоко шокували Пірса та трохи погіршили його Ментальний стан."
"[0C641D0B42DEA9AE0FDCA1A3517029A6]::97E8E4124D2738EACBFB1B918EE60A18","Macabre Discovey","Макабрична знахідка"
"[0CAF017C4C07106539C6A7B05832CBE6]::7D3390B8438A8203A103EBA50313058F","Guard","Охоронець"
"[0D1F6C6B4CE19B76D0549D9D434297C9]::AE7BDA3445773553260715A441A3640C","Fisherman","Рибалка"
"[0D24EFCF4B14994C70582EA81A20B6D3]::9DA986E84FA4A51CC7123F940702164E","I am in jail, thanks to the local policemen’s incompetence. They claim they have witnesses who recognized me as the Riverside Institute’s arsonist. I don’t know what’s happening back at the Hawkins Mansion while I’m here.","Я у в'язниці через некомпетентність місцевих поліцейських. Вони стверджують, що мають свідків, які впізнали мене як підпалювача Інституту Ріверсайд. Я не знаю, що відбувається в маєтку Гокінсів, поки я тут."
"[0D46CEF14C2125C913E0B38EA0A5A521]::A3ACC3C04D61853158D9DCB6AC7D383B","The Shambler is a painting!<lf>Irene Sanders doesn't seem to know what she hates the most: Sarah Hawkins or her work. The fact remains that she accuses her of costing her husband's sanity. He apparently gouged his own eyes out under the influence of the painting. I must see it! The key to the gallery is probably in the office.","«Блукач» — це картина! Ірен Сандерс, здається, й сама не знає, що ненавидить більше: Сару Гокінс чи її творчість. Та факт лишається фактом — вона звинувачує її у втраті глузду свого чоловіка. Кажуть, він сам собі вирвав очі під впливом тієї картини. Я маю її побачити! Ключ від галереї, найімовірніше, у кабінеті."
"[0E3390134A0431BA1B0526B0620F5529]::5932142744FA3EBEAF0CEF91C9803A5F","Patient","Пацієнт"
"[1032CE9847D0B8FB80DD9A9B630CF856]::8A2828DD49F86E1DB5EFA3A70BB124D3","Darkwater Docks","Доки Дарквотеру"
"[115D7FD9440537CBEE4043AD13082554]::4A99BBD54BCD13FB2573F9B133238392","The husband never understood that his wife had left him. He kept on calling me weeks after the investigation had been closed.","Чоловік так і не зрозумів, що дружина його покинула. Він продовжував телефонувати мені ще кілька тижнів після закриття розслідування."
"[115D7FD9440537CBEE4043AD13082554]::B2EE7422459637FB8E900196FFA3A688","Case closed","Справу закрито"
"[118763CB4BD1E155A896F7A6EC1E8768]::93E6B21E465652283D5533A5E06333FC","Dear Pastor Garrett,<lf><lf>You should know that the Wrath of God was satisfied a long time ago. Why do you fear it, then?<lf><lf>You claimed that this ‘Thing’ – as you insist to call it – is nothing less than an insult to the Almighty – and that by caring for it and protecting it, we are all sinning in the name of Satan.<lf><lf>Since when, I wonder, are abundance and life fruits of Lilith’s womb? Didn’t Jesus himself fed the Five Thousand with five loaves and two fish? Are we adoring a golden calf, or are we witnessing the Pillar of Fire in all its splendor, instead?<lf><lf>You hold on to that tome, written by puny and arrogant men. Is your truth truer than ours? Does your bearded god speak to you? Does he breathe the same air as you do?<lf><lf>Finally, God is making us in His true image and likeness… Look in your mirror as much as you please, Hugues, you will see nothing more than a man.<lf><lf>D. H.","Дорогий пасторе Ґарретт,<lf><lf>Вам слід знати, що Гнів Божий був задоволений давно. То чому ж ви все ще боїтеся його?<lf><lf>Ви стверджуєте, що це «Створіння» — як ви наполягаєте його називати — є нічим іншим, як образою Всевишньому, і що, піклуючись про нього та захищаючи його, ми всі грішимо на ім’я Сатани.<lf><lf>З якого часу, цікаво, достаток і життя є плодами лона Ліліт? Хіба не сам Ісус нагодував П’ять тисяч п’ятьма хлібами і двома рибами? Чи ми поклоняємося золотому теляті, чи ми стаємо свідками Стовпа Вогню в усій його славі?<lf><lf>Ви тримаєтеся за ту книгу, написану слабкими і зарозумілими людьми. Чи є ваша правда істиннішою за нашу? Чи говорить з вами ваш бородатий бог? Чи дихає він тим самим повітрям, що й ви?<lf><lf>Врешті-решт, Бог творить нас за Своїм істинним образом і подобою... Погляньте в дзеркало, скільки завгодно, Г’юзе, ви побачите нічого більше, як чоловіка.<lf><lf>Д. Г."
"[12F6030F45934EF997DD7A9425D4EA65]::BDAA18A54ABD158F4B307C913448A79A","The Spot Hidden skill allows you to detect hidden items in a close range. Once all these items are found, the detection icon will appear greyed.","Навичка Уважність дозволяє знаходити приховані предмети на близькій відстані. Як тільки всі ці предмети будуть знайдені, іконка виявлення стане сірого кольору."
"[12F6030F45934EF997DD7A9425D4EA65]::75A673294903C80106FD2ABE288C2256","Find hidden items","Знайдіть приховані предмети"
"[1368DB604D2E83E98D5216BA507CF37F]::C40AD52D43A25A1AE376A2A952033A23","Dear Madam,<lf><lf>I acknowledge receipt of the letter in which you demand the body of your deceased husband.<lf>I am sorry to inform you that I can not agree to return his body to you. At the moment of his internment, you signed a discharge, allowing me to dispose of his body as I see fit. <lf><lf>I extend my deepest condolences to you.<lf><lf>Thomas Fuller","Шановна пані,<lf><lf>Підтверджую отримання вашого листа, в якому ви вимагаєте повернення тіла вашого покійного чоловіка.<lf>На жаль, мушу повідомити, що не можу задовольнити вашу вимогу. На момент його поховання ви підписали документ, який дозволяє мені розпоряджатися його тілом на власний розсуд.<lf><lf>Щиро співчуваю вам.<lf><lf>Томас Фуллер"
"[1368DB604D2E83E98D5216BA507CF37F]::EC17FBD64F2E647EB1E6DA984A7025A9","Letter of refusal.","Лист-відмова."
"[1383E79A45345552B1377BBD790C2E9C]::3D05400F4AF7DC16AD9C2CB0F55FD77F","Newspaper article on a so-called « miraculous catch ».","Газетна стаття про так званий «Дивовижний улов»."
"[1383E79A45345552B1377BBD790C2E9C]::2C8E6E944216498A7AFB83AEF0D41676","THE CHANTEY<lf><lf>21st May1847<lf><lf>MIRACULOUS CATCH!<lf><lf>The Scylla returns to port to save Darkwater from famine<lf><lf>We had given up hope. The crew of the Scylla – or what remains of it – returned to Darkwater port late on Tuesday afternoon. The locals immediately rushed to the docks to welcome the last whaling ship on the island. People were amazed at the sight of the unbelievable catch the brave vessel had on board!<lf><lf>Of a size that went beyond that of the formidable toothed whales, the cetacean that is already being called the ""Miraculous Catch"" covered the whole deck and parts of it were hanging over the side of the ship. <lf><lf>The surviving sailors told a frightening account of their perilous catch... But also of its meat, unmatched in its quality and plentiful nutritious benefits.<lf><lf>There is no doubt that the immense size of this whale will allow numerous inhabitants of Darkwater to feed themselves, bringing an end to the famine from which part of the island was suffering.<lf><lf>WAREHOUSE FOR RENT<lf><lf>Mr Marks is putting his warehouse up for rent from June, for fishing, workshop or storage activities. You can contact him via your favorite newspaper or visit him on the docks.<lf><lf>SPECIAL EVENING AT THE STRANDED WHALE<lf><lf>To celebrate the return of our brave whalers, all the staff of The Stranded Whale invite you to an exceptional, and free, tasting event! Come with your family, or with friends, to taste the Miraculous Catch! Each person will leave with a bottle of oil, so don't hesitate!","ЧЕНТІ<lf><lf>21 травня 1847 року<lf><lf>ДИВОВИЖНИЙ УЛОВ!<lf><lf>«Сцилла» повертається до порту, аби врятувати Дарквотер від голоду<lf><lf>Ми вже втратили надію. Екіпаж «Сцилли» — або те, що залишилося від нього — повернувся у Дарквотерський порт пізно у вівторок вдень. Місцеві одразу ж ринули до доків, аби привітати останнє китобійне судно на острові. Люди були приголомшені виглядом неймовірного улову, що перебував на борту сміливої «Сцилли»!<lf><lf>Розміри цієї китоподібної істоти, що вже отримала ім’я «Дивовижний улов», перевищували навіть зубастих китів. Тварина займала всю палубу, і частини її випирали за борт судна.<lf><lf>Вцілілі моряки розповіли жахливу історію про небезпечний улов... Але також і про його м'ясо, яке не має собі рівних за якістю та численними поживними властивостями.<lf><lf>Немає сумнівів, що величезні розміри цього кита дозволять численним мешканцям Дарквотера наїстися, поклавши кінець голоду, від якого страждала частина острова.<lf><lf>СКЛАД ДЛЯ ОРЕНДИ<lf><lf>Пан Маркс здає в оренду свій склад з червня для риболовних, виробничих чи складських потреб. Зв'язатися з ним можна через вашу улюблену газету або відвідати його в доках.<lf><lf>СПЕЦІАЛЬНИЙ ВЕЧІР У «КИТІ, ЩО СІВ НА МІЛИНУ»<lf><lf>Щоб відсвяткувати повернення наших відважних китобоїв, весь персонал «Кита, що сів на мілину» запрошує вас на неймовірну і безкоштовну дегустацію! Прийдіть з родиною чи друзями, щоб скуштувати Дивовижний улов! Кожен відвідувач отримає пляшку топленого жиру, тож не вагайтеся!"
"[1383E79A45345552B1377BBD790C2E9C]::A283FF6D4D652BDF0AD2F9927DA13734","Article on the ""Miraculous Catch!","Стаття про «Дивовижний улов»!"
"[13CE936048483E63FE91B790734AE01D]::26AE05D24C08B970C3C35DAB5846F6D7","Hawkins Manor","Маєток Гокінсів"
"[13EDE8B04FFC56F49C8BE9AEB0B2DCEB]::94031BAB463ABB94DDC6C89897CF5E9E","Threatening letter adressed to Captain Fitzroy.","Загрозливий лист, адресований капітану Фіцрою."
"[13EDE8B04FFC56F49C8BE9AEB0B2DCEB]::A9926D7C40E75D13A531AD843660CF7F","Captain,<lf><lf>The terms of our agreement are clear: keep your men under control.<lf>You cannot afford to provoke us.<lf>No need to answer this message.<lf>Just make your payment to the carrier.<lf><lf>Cat","Капітане,<lf><lf>Умови нашої угоди чіткі: тримайте своїх людей під контролем.<lf>Ви не можете дозволити собі провокувати нас.<lf>Не потрібно відповідати на це повідомлення.<lf>Просто заплатіть перевізнику.<lf><lf>Кет"
"[13EDE8B04FFC56F49C8BE9AEB0B2DCEB]::703BD81A43DECA072E1F618227E15992","Threatening letter","Загрозливий лист"
"[13F7867D44839BE9C4F4B795F468C4CF]::F764256948168BC78FCD6B93364AD0EB","I inspected the Hawkins warehouse. The place is foul and hasn't seen any commercial activity for years. However, I did find signs of recent occupation as well as several objects linking it to the Hawkins case, including a partly charred painting. Officer Bradley confirmed to me that it came from the Hawkins mansion.","Я оглянув склад Гокінсів. Місце затхле, і ніякої комерційної діяльності тут не було вже роками. Однак я знайшов ознаки нещодавнього використання цього приміщення, а також кілька предметів, які пов’язують його з справою Гокінсів, зокрема частково обвуглена картина. Офіцер Бредлі підтвердив мені, що вона походить з маєтку Гокінсів."
"[14EB0A214A193C97A5DDCFB02364B11D]::315A42724CFFAD846E3C588693B70242","Patient","Пацієнт"
"[15048A834CC4B5AD9F16DFB994DC6098]::D3E9BCA646519683E74BDF98B5407B55","Shoot","Стріляти"
"[15048A834CC4B5AD9F16DFB994DC6098]::4651241A4DF213B66D1FD5B63950DE99","Run","Бігти"
"[15048A834CC4B5AD9F16DFB994DC6098]::30AB06D748C2B0CCAD48CE980ED6D19A","Lean left","Нахилитися вліво"
"[15048A834CC4B5AD9F16DFB994DC6098]::30EED03845F815B18D8682918A9DDD2E","Access diary","Розгорнути щоденник"
"[15048A834CC4B5AD9F16DFB994DC6098]::6354570046BDB5D70FADF2841AF41384","Next light","Наступне джерело світла"
"[15048A834CC4B5AD9F16DFB994DC6098]::CFD59EF440D6536BB94B1CA5C819F6CC","Previous light","Попереднє джерело світла"
"[15048A834CC4B5AD9F16DFB994DC6098]::C2C3B7F94CD422716EEADDADDFEB71A7","Move","Рухатися"
"[15048A834CC4B5AD9F16DFB994DC6098]::1086C584411A912020ACADA0A5AE09D8","Lean right","Нахилитися вправо"
"[15048A834CC4B5AD9F16DFB994DC6098]::BCB556764AB675624544CB863340FD72","Main menus","Головне меню"
"[15048A834CC4B5AD9F16DFB994DC6098]::0C4334604292B540993E3FA85D4AD7A3","Take out / Put away light","Вийняти / сховати джерело світла"
"[15048A834CC4B5AD9F16DFB994DC6098]::BFC2448F49B1065A05ADEDA016C22ADE","Crouch","Пригнутися"
"[15048A834CC4B5AD9F16DFB994DC6098]::CEE7E80C4B276B4C20A3BB81B4988AD9","Interact / Shoot","Взаємодіяти / Підсилити світіння"
"[15048A834CC4B5AD9F16DFB994DC6098]::B3879B1647D6E0AF5E994EB5BFD949D3","Look","Повертати камерою"
"[15A2B7E2458333D0446E8396B8C718B2]::9AB36D284F0126F35C35098A90BCBAFF","Mitchell gave me a key. There is a gate on the docks. After the huts, towards the warehouses. Opens a passage towards the whaling station. <lf>What's going on there?","Мітчелл дав мені ключ. Є ворота в доках — за халупами, у бік складів. Вони відчиняють прохід до китобійної станції.<lf>Що ж там відбувається?"
"[15A2B7E2458333D0446E8396B8C718B2]::9B72BCFD4B3DD0F6A8F872B68C51C05F","Open the gate on the docks.","Відімкнути ворота в доках."
"[15A2B7E2458333D0446E8396B8C718B2]::9B591BB849699D1ED139C0BB2428DB78","Cat gave me a key. There is a passage on her territory towards the whaling station. <lf>What's going on there?","Кет дала мені ключ. На її території є прохід до китобійної станції.<lf>Що там відбувається?"
"[15A2B7E2458333D0446E8396B8C718B2]::790F5206425B0845B4E5EDB13F6DCC6F","Use the bootleggers' passage","Скористатися проходом бутлеґерів"
"[15A2B7E2458333D0446E8396B8C718B2]::4771F4414BC7EDC38D4F80AF276550A9","Cat is in the harbormaster's office, injured. Without a first aid kit, she won't survive.","Кет у кабінеті начальника порту, поранена. Без аптечки вона не виживе."
"[15A2B7E2458333D0446E8396B8C718B2]::B1FA6CAD4BAF02E6AF0DE794D346FCB8","Heal Cat","Лікувати Кет"
"[15A2B7E2458333D0446E8396B8C718B2]::EE9F2C494DE2EEF24A0ADBA14F57AC80","They got Mitchell… nasty wound. He'll die without a first aid kit!","Мітчелла поранили... жахлива рана. Він помре без аптечки!"
"[15A2B7E2458333D0446E8396B8C718B2]::0E456D1B4A913027D9D434B77B2E69CA","Heal Mitchell","Лікувати Мітчелла"
"[15A2B7E2458333D0446E8396B8C718B2]::607C62B1457EF319EA292FAD005CEF5C","The inhabitants... All gone crazy... Nothing human about them... If they catch me I'm dead.<lf>Who did this?<lf>The answers are at the whaling station?","Мешканці... Всі сходять з розуму... У них нічого людського... Якщо вони мене спіймають, мені глина.<lf>Хто це зробив?<lf>Відповіді на це питання в китобійній станції?"
"[15A2B7E2458333D0446E8396B8C718B2]::119EB190444833FA9F37CFAF19387FFA","Reach the whaling station","Дістатися до китобійної станції"
"[1637A09840784AF22859EB905F966B8D]::FA16BEE547E4374B99FBDEAC6231839C","Charles Hawkins is alive? Despite its crude and deformed appearance, this... thing looked like Hawkins. He attacked Bradley after he recognized him. What could have happened to Charles on the night of the fire? I've never seen a major burns victim in such a state. Something's not right.","Чарльз Гокінс живий? Незважаючи на свій грубий і деформований вигляд, ця... істота була схожа на Гокінса. Він напав на Бредлі після того, як впізнав його. Що могло статися з Чарльзом у ніч пожежі? Я ніколи не бачив жертву з великими опіками у такому стані. Щось тут не так."
"[16B590A74F36835A2CA93DAE22A4D9BD]::5E0830F744A1060218BF178A4CC6CC25","In Sarah Hawkins' studio, I found what must be her last work, unfinished. It's a portrait that represents me! How is this possible? An intruder took off with the painting. Is it part of the mystery surrounding the death of these people? What is my role in this business? I must catch him and get the painting back.","У майстерні Сари Гокінс я знайшов, мабуть, її останню незавершену роботу. Це портрет, який представляє мене! Як таке могло статися? Зловмисник забрав картину. Чи є це частиною таємниці, пов'язаної зі смертю цих людей? Яка моя роль у цій справі? Я повинен його зловити і повернути картину."
"[16EABE134583D8E9F94A98847A31770B]::32FE0F034E014FE422585DB1FAF3AC41","Beliefs and other superstitions have sometimes contributed to the development of medicine. Several centuries ago, it was thought that a patient with a mental disorder had a 'stone of madness' in his skull. A trepanation of the skull and excision were thus performed. Sometimes the patient survived; sometimes he was cured. Today the vocabulary has changed, but the methods a little less.","Вірування та інші забобони іноді сприяли розвитку медицини. Кілька століть тому вважалося, що в пацієнта з психічним розладом у черепі є «камінь божевілля». Тому проводилася трепанація черепа та видалення цього каменя. Іноді пацієнт виживав; іноді — «одужував». Сьогодні лексика змінилася, але методи — трохи менше."
"[16EABE134583D8E9F94A98847A31770B]::44E02FA749AC8F8EFD8862A76C1EF00E","Excision of the Madness Stone","Видалення «Каменя Божевілля»"
"[186E6AA44AE5E35F4369F4AE558B47A2]::358F224E423E54E48C7B309D8EAFFA02","Ordeals? All that... another death... a test?<lf>The beast wants our death... The truth... They say that they want to","Тест? Все це... ще одна смерть... випробування?<lf>Звір хоче нашої смерті... Правда... Кажуть, що вони хочуть це..."
"[18A803074F06309618CE3494EBF652BE]::05FAA80048BD8396246CBB9F294CF0C6","This strange symbol is linked to the world of the occult. It seems to act as a powerful protection.","Цей дивний символ пов'язаний з світом окультизму. Здається, він діє як потужний захист."
"[18A803074F06309618CE3494EBF652BE]::46BC77084CD90C22D36EFD8D75221908","Elder Sign","«Знак Старійшини»"
"[18DB676A4EEB145F2FAACCB45A3576CD]::496F3CB349CC0DFCE1880CB485C1A159","I saw throught Colden’s eyes. How is that even possible ? She didn’t follow Bradley’s advice, and went on with her investigation on Fuller’s experiments. I saw her examine a man and sneak into Fuller’s office. She may even have found the trail of Sarah Hawkin’s body!","Я бачив те, що бачила Колден. Як це взагалі можливо? Вона не послухала поради Бредлі й продовжила розслідування експериментів Фуллера. Я бачив, як вона оглядала чоловіка та пробралася в кабінеті Фуллера. Можливо навіть, що вона вийшла на слід тіла Сари Гокінс!"
"[18DD66F34873535EB6B39A91CD5B2B5F]::909055E84CD314B86B4E1C8CB14FBEAB","How is this possible? I not only saw through the eyes of Colden, but she thought and investigated just like I do… She uncovered information on Sarah Hawkins, her relationship with Fuller, and what happened to her body?","Як це можливо? Я не тільки бачив очима Колден, але й вона думала і розслідувала так, як я... Вона розкрила інформацію про Сару Гокінс, її зв'язок із Фуллером і те, що сталося з її тілом."
"[18E553734DC675FAE9ED19B49AC26990]::F86BAFF44F80371391AA75BE0E70EF96","Riverside Institute","Інститут Ріверсайд"
"[1943497E4F3D5BCD1B0EE7A0E04E6DD0]::FEDD84E24D9C6E6D11AE2BA4CC99890E","MANCHESTER COURIER<lf><lf>GHASTLY MURDER in LONDON. Dreadful stabbing of a young American student.<lf>Sunday, the 28th of August, 1887.<lf><lf>LONDON. SUNDAY. – This evening Mr. Ernest F. Barnsley, coroner, held an inquiry at the Hospital of St John and St Elizabeth, touching the death of Silas Winchester, aged 21, American student lately living in London because of his medical education.<lf><lf>Mr. Winchester is alleged to have died from injuries received at the hands of some persons unknown, who brutally assaulted him when returning home along the Strand on a bank holiday night.<lf><lf>On bank holiday the deceased left the house in the evening apparently in good health. He returned home between four and five o’clock severely injured. The witness took him at once at the hospital.<lf>On the way to the hospital, deceased screamed repeatedly “They found me.” Mr. Winchester died a few minutes later without giving further clarifications of his allegations.<lf><lf>The coroner said that from the medical evidence it was clear the man had been barbarously stabbed with a curve slashing instrument.<lf><lf>Mr. Winchester’s family and loved ones, residing in Darkwater, Massachusetts, USA, have been informed earlier this morning by the authorities.<lf><lf>The jury returned a verdict of willful murder against some person unknown.","МАНЧЕСТЕРСЬКИЙ КУР'ЄР<lf><lf>ЖАХЛИВЕ ВБИВСТВО У ЛОНДОНІ. Жахливе ножове поранення молодого американського студента.<lf>Неділя, 28 серпня 1887 року.<lf><lf>ЛОНДОН. НЕДІЛЯ. — Цього вечора містер Ернест Ф. Барнслі, коронер, провів розслідування в госпіталі святого Івана та святої Єлизавети щодо смерті Сайласа Вінчестера, 21 річного, американського студента, який нещодавно проживав у Лондоні для навчання в медичному закладі.<lf><lf>Повідомляється, що містер Вінчестер помер від травм, отриманих від рук невідомих осіб, які жорстоко напали на нього, коли він повертався додому через Странд у святкову ніч.<lf><lf>У святковий день померлий залишив дім увечері, здавалося, був у гарному здоров'ї. Він повернувся додому між чотирма та п’ятьма годинами, серйозно поранений. Свідок одразу відвіз його до лікарні.<lf>На шляху до лікарні померлий неодноразово кричав: «Вони мене знайшли». Він помер кілька хвилин по тому, не давши більше пояснень своїх слів.<lf><lf>Коронер зазначив, що з медичних свідчень було зрозуміло, що чоловіка жорстоко поранили вигнутим ріжучим предметом.<lf><lf>Сім'ю та близьких містера Вінчестера, які проживають у Дарквотері, Массачусетс, США, було поінформовано про це зранку.<lf><lf>Журі винесло вирок про умисне вбивство з невідомими мотивами."
"[19A372134EE03B55ACD12CA88131883A]::8765AE224B3D8303A60180B2FD84CEA5","This collection catalogs and classifies creatures that I had never heard of. Divinities from the stars, creatures capable of traveling from one dimension to another... It presents itself as the reference work on the bestiary of the Myth. Without giving details on the mythology to which it refers. Its pages are covered with phantasmagorical illustrations.","Ця колекція каталогізує та класифікує створінь, про які я ніколи не чув. Божественні істоти з зірок, створіння, здатні подорожувати з одного виміру в інший... Вона представляє собою основний довідник з бестіарію Міту, не даючи при цьому подробиць про мітологію, до якої це відноситься. Її сторінки вкриті фантастичними ілюстраціями."
"[19A372134EE03B55ACD12CA88131883A]::32422B354EC1A60D55A1BCA4EDD02883","Malleus Bestiarum, Volume 3","«Молот відьом. Том 3»"
"[19B723CF49781A1461D497945732FFBF]::6B818A2D4A6B1EBF3D1F67AB835D3A02","Some situations and encounters will make you panic. Flee the place as fast as you can.","Деякі ситуації та зустрічі змусять вас панікувати. Втікайте з цього місця якомога швидше."
"[19B723CF49781A1461D497945732FFBF]::8B086EA84CA599EAB25467905415AB1B","Panic attack","Панічна атака"
"[19C0220A487A21D0E794848637CBCA8A]::34534A6C4ED090855A8EFF87F989B819","Far from possessing the talents of Sarah Hawkins, Sanders drew a dagger with a tortured form down to the smallest detail. The guard carries a strange esoteric symbol, a recurring feature of his correspondence with Sarah.","Далеко не маючи талантів Сари Гокінс, Сандерс зобразив кинджал із викривленою формою до найменших деталей. На руків'ї — дивний езотеричний символ, який повторюється в його листуванні з Сарою."
"[19C0220A487A21D0E794848637CBCA8A]::B12E16D3431AFD3B00C441A1853753DF","Drawing of a dagger","Малюнок кинджала"
"[1A3C1FF74ABB082C04C2FDAD132E3590]::DAF9569541EF379348CFA3B085DA6A9C","A crowbar, found in Hawkins manor. It probably belongs to the caretaker, Silas.","Лом, знайдений у маєтку Гокінсів. Ймовірно, він належить доглядачу, Сайласу."
"[1A3C1FF74ABB082C04C2FDAD132E3590]::1F2CB25545564D39B47884AEA6EF7C45","Crowbar","Лом"
"[1A7A7FC94C06936AB47A1296DE7085E4]::1B81BEB8495FF9E53052958F27944236","Old Silas Winchester haunts the property of his old masters, ready to use his ax on the first person he meets. He'd have chased me off, or cut me to pieces, if I hadn't been able to calm him down. But I didn't manage to convince him to give me the key to the tradesman's entrance.","Старий Сайлас Вінчестер бродить по маєтку своїх колишніх господарів, готовий застосувати свою сокиру на першому ліпшому хто йому трапиться. Він би прогнав мене або розрубав на частини, якби я не зміг його заспокоїти. Але мені не вдалося переконати його дати мені ключ від службового входу."
"[1B8261CE4CA4931A68A474AE99CF8799]::7C3BB8524B6D4723FD635DA06069B884","As precise and illustrated with as much detail as the first volume, this book focuses on healing surgeries specific to malformations and motor disorders.","Так само точна і проілюстрована з такою ж увагою до деталей, як і перший том, ця книга зосереджена на хірургічних методах лікування, що стосуються вад розвитку та порушень рухової функції."
"[1B8261CE4CA4931A68A474AE99CF8799]::014B39D743DBF7E8B1FEBB99691A18D9","Handbook on Anatomy and Dissection, Book II","Посібник з анатомії та розтину, Книга II"
"[1B9AF93847E2740A882803A4FF69007B]::F179BEC14702A2773A11AAAF7EB98FEC","Darkwater’s Auction House is the favorite place of Darkwater’s crème de la crème. Since its renewal in 1914, most of the hosted auctions target antiquities and art collectors.<lf>The building has seen a rapid growth over the last ten years, and it draws many wealthy visitors on the summer season.<lf>The Auction House was originally owned by Charles Hawkins, on his early years as an art dealer. It was later sold to the town in 1913, when Hawkins temporarily moved to the mainland. Most of its proceeds now go to the renewal of the Harbor district and the local church.","Аукціонний дім Дарквотера — улюблене місце місцевої еліти. З моменту його відновлення в 1914 році більшість аукціонів орієнтовані на колекціонерів антикваріату та мистецтва.<lf>За останні десять років будівля зазнала стрімкого зростання, і в літній сезон вона приваблює багато заможних відвідувачів.<lf>Аукціонний дім спочатку належав Чарльзу Гокінсу в його ранні роки як арт-дилера. Пізніше він був проданий місту в 1913 році, коли Гокінс тимчасово переїхав на материк. Більшість його прибутків тепер йде на відновлення району Гавані й місцевої церкви."
"[1B9AF93847E2740A882803A4FF69007B]::06D5CCCF466E51025EB845BE4D48804D","Darkwater's Auction House","Аукціонний дім Дарквотера"
"[1BA286424F0AC0C7E4043FBBA81E38C5]::62A19F45429B383C12ACE69880BC5EEA","Wyckwood Library is one of the most imposing buildings of Darkwater. It is named after historical figure Reverend John Wyckwood, head of the first pilgrims who set foot on Darkwater.<lf>The library was founded in 1889, after the mysterious disappearance of Wyckwood’s last heir. The family fortune was donated to finance the construction and replenishment of the library. Despite its modest size and remote location, Wyckwood Library boasts a vast array of texts, from literature to esoterica.","Бібліотека Віквуд — одна з найвражаючих будівель Дарквотера. Вона названа на честь історичної постаті, священника Джона Вікквуда, голови перших паломників, які ступили на землю Дарквотера.<lf>Бібліотека була заснована в 1889 році після таємничого зникнення останнього спадкоємця Віквудів. Сімейний капітал був переданий на фінансування будівництва та поповнення бібліотеки. Попри скромні розміри та віддалене розташування, Бібліотека Віквуд може похвалитися величезною колекцією текстів, від літератури до езотерики."
"[1BA286424F0AC0C7E4043FBBA81E38C5]::D246644246E50FC3E87C419FBBD5518E","Wyckwood Library","Бібліотека Віквуд"
"[1C11125741F3326EEA7C418B65A93DF9]::20BD9FBB4462E42B687BBDA24D7921B1","Jump","Стрибок"
"[1C11125741F3326EEA7C418B65A93DF9]::6BCE09824525E92AEB40D997B4EF8BF2","Jump","Стрибок"
"[1C11125741F3326EEA7C418B65A93DF9]::231EC708445AE3898D21EAABC4634056","Enter","Увійти"
"[1C8567D249BCF186F4A0309C00B839B9]::EC1427E04CCB90F3E170AF9AFD3F8CAB","In the entrance hall of the mansion, a lighted lamp seems to be waiting for us. And the old caretaker who thinks he can stop people from entering...<lf>I must find the place where the Hawkins family died. En route, I'll pick up as much information as I can on their life.","У вестибюлі маєтку нас ніби чекає запалена лампа. І старий доглядач, який думає, що зможе зупинити будь-кого від проникнення...<lf>Я маю знайти місце, де загинула родина Гокінсів. По дорозі зберу якомога більше інформації про їхнє життя."
"[1CA2B181484DDCF19BE2BEA0E3FCC4C4]::BF8074A642F52D5C65542A9D09A10EBD","In this volume, the pastor's wife highlights the identity of the creature that the Lost tribe used to worship. They called it Leviathan. She tried to warn her husband of the danger of this entity, that she saw as the devil disguised as a shepherd, who would seal the fate of their small herd of faithful. The pastor was convinced that it was a divine creature bearing the word of God.<lf>The community already suffered from certain wounds; members of the faithful fell into lethargic states without any reason. As if they were sleeping, but without being able to wake up, and others succumb to fits of insanity.","У цьому томі дружина пастора розкриває суть істоти, якій поклонялося Загублене плем’я. Вони називали її Левіафаном. Вона намагалася застерегти свого чоловіка про небезпеку цієї сутності, яку вбачала дияволом, замаскованим під пастуха, що прирече на загибель їхню маленьку отару вірян. Та пастор був переконаний, що то — божественне створіння, яке несе слово Господнє.<lf>Громада вже зазнала певних втрат: без очевидної причини дехто впадав у летаргічний стан — ніби спали, але не могли прокинутися, — а інші піддавалися нападам божевілля."
"[1CA2B181484DDCF19BE2BEA0E3FCC4C4]::70B8AD0C4DC692DF0C39F39D76F6B066","Diary of the pastor's wife, Volume 3","Щоденник дружини пастора, Том 3"
"[1E09440C469142C0EEAB098EE23FB901]::12746F854197982028DC28856E648D7E","Bradley… Shit! He was turning into one of them… I couldn’t let him become like them… <lf>All I can do now is find Sarah Hawkins.","Бредлі... Блядь! Він перетворювався на одного з них... Я не міг допустити, щоб він став таким...<lf>Залишається лише одне — знайти Сару Гокінс."
"[1E3D675A4A7C03CA3B264597B60DD8B2]::9731EEA94149DEDB0B4204A82E2946DC","The place seems to be abandoned for some time. Bradley told me about an old caretaker still living here… He shouldn't prevent us from getting to the mansion.","Місце, здається, давно покинуте. Бредлі казав мені про старого доглядача, який ще тут живе... Він не має заважати нам дістатися до маєтку."
"[1E3D675A4A7C03CA3B264597B60DD8B2]::EF30129441DF6A5E365DC4ACC29EA37F","Reach Hawkins Manor","Дістатися до маєтку Гокінсів"
"[1E3D675A4A7C03CA3B264597B60DD8B2]::B13614FA4E9A193D4C79BB84B48FFB32","I must find another key to get into the Hawkins manor.","Мені потрібно знайти інший ключ, щоб потрапити в маєток Гокінсів."
"[1E3D675A4A7C03CA3B264597B60DD8B2]::3971AF6F4367846C167513BF048AA989","Find another key","Знайти інший ключ"
"[1E3D675A4A7C03CA3B264597B60DD8B2]::610033634884A4F8B59604AFE96D0FB9","In the partly burned out drawing room, the fire has, perhaps, left a few clues that escaped the local cops.","У частково згорілій вітальні вогонь, можливо, залишив кілька підказок, які оминули місцевих копів."
"[1E3D675A4A7C03CA3B264597B60DD8B2]::FBE34FDD4CB083F8FEF07C8F2F09411D","Investigate the fire scene","Дослідити місце пожежі."
"[1E3D675A4A7C03CA3B264597B60DD8B2]::F64C237B43C1FBB7C2F3CB9108142642","Even Officer Bradley was forced to admit it: this room tells a far different story to the police report. The presence of blood on the shards of glass from the lamp; the mark of a hand left on the door by someone fleeing the fire... We are in a crime scene. <lf>I must continue searching the mansion to look for information on the life and death of the Hawkins family.","Навіть офіцер Бредлі змушений був визнати: ця кімната розповідає зовсім іншу історію, аніж вказано в поліцейському звіті. Присутність крові на уламках скла від лампи; слід руки на дверях, залишений кимось, хто втікав від пожежі... Це місце злочину.<lf>Я мушу продовжити пошуки в маєтку, щоб дізнатися більше про життя та смерть родини Гокінсів."
"[1E3D675A4A7C03CA3B264597B60DD8B2]::18508CB542E03DB1C5D73E805333DDCC","Investigate the manor","Дослідити маєток"
"[1E3D675A4A7C03CA3B264597B60DD8B2]::5094BEAF439BDFB2252CD7A00BFA5AA3","Find the fire scene","Знайти місце пожежі"
"[1E3D675A4A7C03CA3B264597B60DD8B2]::978930444A57071BF939A28D3ED7E57A","Catch the thief","Зловити злодія"
"[1E5F6EA44EECE0517A3A499AA405C576]::FB8285224BC996CA943A709CFD989EE2","The controversial practice of bleeding is still exercised today. This book explains in minute detail the different methods as well as the instruments required. These methods are outdated, not very effective, and it is to be hoped that the reading of such a work is purely for historical purposes.","Суперечлива практика кровопускання все ще застосовується й донині. Ця книга детально пояснює різні методи, а також інструменти, що для цього використовуються. Ці методи застарілі, малоефективні, і можна лише сподіватися, що читання такої праці має виключно історичну зацікавленість."
"[1E5F6EA44EECE0517A3A499AA405C576]::807788174D7C21BF88FE278FD1ACDA0C","Incision and Bleeding: Good Practice","«Розріз і кровопускання: Добра практика»"
"[1ECD92814E848AB17AF5E189FD70D010]::9785D0BB40A4C30417D91F88F7C66948","The glyphs appear everywhere the Shambler passes, activating them in one way or another. What do they mean? Is the creature able to understand them? I noticed that they react to light. Would deactivating them enable to beast to be got rid of? ""<lf><lf>Extract from the notebook of Edward Pierce, private detective.","«Ґліфи з’являються всюди, де проходить Блукач, активуючись тим чи іншим способом. Що вони означають? Чи здатна істота їх розуміти? Я помітив, що вони реагують на світло. Якщо їх деактивувати — чи можна буде позбутися чудовиська?»<lf><lf>Фрагмент із записника Едварда Пірса, приватного детектива."
"[1ECD92814E848AB17AF5E189FD70D010]::3F165BE247B3FACF5FE6F699EB1EF0B5","Glyphs","Ґліфи"
"[1EF2043E4A3B0774837BD680C62AC002]::860BDFDC4982F2258D738BAE1CACA3F7","In the cellars of the Riverside Institute, in one of the cells of the asylum, the same symbol, written in black chalk and repeated over and over again on the padded walls, does make one think. It represents a five-pointed star with, in its center, what could be a twig, a branch, or a feather. A few cryptic phrases accompany the drawings, but they do not seem to have a logical meaning: there is mention of a look, a portal and a painting. Finally, the patient's file, which fell when the guards tried to take him out, reveals that he received a visit from Sarah Hawkins.","У підземеллях Інституту Ріверсайд, в одній з камер психлікарні, той самий символ, намальований чорною крейдою і неодноразово повторений на м’яко оббитих стінах, змушує замислитися. Він зображує п’ятикутну зірку, у центрі якої — щось схоже на гілочку, прутик або пір’їну. Кілька загадкових фраз супроводжують ці малюнки, але вони не мають очевидного сенсу: згадуються погляд, портал і картина. Також є, картка пацієнта, яка випала, коли охоронці намагались вивести його з камери, свідчить, що до нього приходила Сара Гокінс."
"[1EF2043E4A3B0774837BD680C62AC002]::1C0386894A5E5A1C41A28E838394DF75","In the padded cell","У м’якій камері"
"[20437F3E4BD12C1124460796E8EBC91F]::2F1D958644AEC9F9B57ED986F51E0926","Francis Sanders knew Sarah Hawkins, so well that he accused her of being the source of his suffering. The man gouged his eyes out with his own hands, and smeared the walls of his cell with esoteric symbols. He seemed to be obsessed with a Shambler, linked to Sarah Hawkins.<lf>He died before my eyes, in circumstances that I cannot explain.","Френсіс Сандерс добре знав Сару Гокінс, аж до того, що звинуватив її в джерелі своїх страждань. Чоловік вирвав собі очі власними руками й розмальовував стіни своєї камери езотеричними символами. Здавалось, він був одержимий Блукачем, пов'язаним із Сарою Гокінс.<lf>Він помер на моїх очах за обставин, які я не можу пояснити."
"[20A511CD4E5C1D10467B84987D69B125]::6B8ABCBF42DAFA38664FF7B2C435BB4E","Blessed Shores, fourth of April, 1701<lf><lf>Six months have passed since the last time the sun has warmed our pale skins. Alas, I fear God has forsaken us.<lf><lf>Have we sinned, dear Lord? Why has your wrathful deluge befallen us? Children die of hunger, while our brave brothers catch nothing but rotten fishes.<lf><lf>I shall pray for Salvation, my Lord. I implore you, my Lord, feed our starving mouths.<lf>---<lf>Blessed Shores, fifteenth of April, 1701<lf><lf>God’s mercy has finally touched us in all its greatness! As in the Bible, the multitude was fed with a miracle!<lf><lf>We shall not fear hunger and thirst anymore!<lf><lf>Yes, Lord, we shall follow You to Paradise, to the depths of the Sea! For the Ark was not built to sail the seas, but to dive into them.","Благословенні береги, четверте квітня 1701 року<lf><lf>Минуло шість місяців з того часу, як останній раз сонце гріло нашу бліду шкіру. О, боюся, що Бог нас покинув.<lf><lf>Чи згрішили ми, милий Господи? Чому Твій гнівний потоп обрушилася на нас? Діти помирають від голоду, а наші сміливі брати не ловлять нічого, крім гнилої риби.<lf><lf>Я буду молитися за спасіння, Господи. Благаю Тебе, Господи, нагодуй наші голодні роти.<lf>---<lf>Благословенні береги, п'ятнадцяте квітня 1701 року<lf><lf>Божа милість нарешті торкнулася нас у всій своїй величі! Як у Біблії, натовп був нагодований чудом!<lf><lf>Тепер ми не будемо боятися голоду і спраги!<lf><lf>Так, Господи, ми підемо за Тобою до Раю, до глибин моря! Бо Ковчег не був побудований для того, щоб плавати по морях, а щоб занурюватися в них."
"[20A8657C4D7265E711834C9EC7957A0C]::FC284FA640AF3AE130B14BB17E5FFA73","Old fisherman","Старий рибалка"
"[247984D5456D766B4C6660AA7614CC41]::17F5689B4D43529AE22954AEE8F65B5A","Old fisherman","Старий рибалка"
"[247AA839493F36B5940EC7A80D19C847]::7BA2A8674D2FE17F102AB2AF94FA6AD9","While investigating the Hawkins warehouse, Pierce entered a partly submerged tunnel that ran under the docks. There, something took hold of his arm and tried to drag him beneath the surface. Drowning, the detective caught glimpses of human and animal bodies, as well as an underground city.<lf>Pierce managed to make it back to the surface, to discover that, rather than tentacles, it was seaweed that had wrapped itself around his arm. The vision, nevertheless, disturbed him by its clarity and its violence.","Досліджуючи склад Гокінсів, Пірс зайшов у частково затоплений тунель, що пролягав під доками. Там щось схопило його за руку й спробувало потягнути його під воду. Топлячись, детектив встиг побачити людські та тваринні тіла, а також підземне місто.<lf>Пірсу вдалося вибратися на поверхню, де він виявив, що замість щупалець, навколо його руки обвивалися водорості. Відіння, однак, потряссло його своєю ясністю та жорстокістю."
"[247AA839493F36B5940EC7A80D19C847]::23AEF55C4C3504F5A70527BD41C1AB29","The Submerged City","Підводне Місто"
"[247C93554B9ADA3F70EA93B47BE3ED20]::F3B65ADD4A660C6F71A0998AE8E65426","Guard","Охоронець"
"[24C87ED54102D3CCFAA60C8481AEF7ED]::0930D3AF458C745EA6928B83FCB21348","Locked subject","Тему заблоковано"
"[24C87ED54102D3CCFAA60C8481AEF7ED]::D32DBF804ED90F83B100E190276CEA66","Unlocked answer","Відповідь розблоковано"
"[251D08704ACC56DFC5FAFCA7FD31FF5F]::C7C71D9A4F9F7F741C2E1E855857F0BE","I finally reached the stairs that lead to the first floor of the Riverside Institute, but on the way I inhaled some gas that was leaking from a damaged pipe and I passed out. I remember Bradley (alive? really) who was talking to me. And I came to in the Hawkins mansion. I must understand what I'm doing here and what happens next.","Я нарешті дістався сходів, що ведуть на перший поверх Інституту Ріверсайд, але на шляху надихався газу, який витікав із пошкодженої труби, й знепритомнів. Пам’ятаю, як Бредлі (він живий? Справді?) щось мені казав. А отямився я вже в маєтку Гокінсів. Я маю з’ясувати, що я тут роблю і що буде далі."
"[256A8B4049B8685745D7A795A5457D6C]::CF0B4C0E44DB96843BC9BFAA7BD5FC4B","Guard","Охоронець"
"[25B0A6A241C78FA41607FF83352B4150]::3BE34E1F40333FF31EE224BA038F0CD9","I arrived too late to free Colden from the clutches of Fuller. Just before I found her body in the hands of the doctor, she had come to see me to give me a last message. I don't know if I'm going crazy, but I believe that her words were full of truth.","Я прибув надто пізно, щоб вирвати Колден з лап Фуллера. Перш ніж я знайшов її тіло в нього, вона з’явилася переді мною, аби передати останнє послання. Не знаю, чи я божеволію, але її слова здавалися сповненими правди."
"[26838AE2451B001EFB7A99A35A2FC29C]::DCC4D96A42248F15880E89BEED3C3A12","CP.","ОП."
"[27328D4D456A534817290BAA3CBBFDCC]::B5176830404A6F0E0270B58CE9C97BF3","To move, use","Щоб рухатися, використай"
"[27328D4D456A534817290BAA3CBBFDCC]::73C85C124B211575C06A74AADE1A9DF0","Move","Рух"
"[277083174FD6E182CA7FAFA1B6216608]::018979F142D14D5B3C853783CB362DE3","Allocate your character points<lf>Each character point allows you to improve the score of a skill.","Розподіліть свої очки персонажа<lf>Кожне очко персонажа дозволяє покращити рівень навички."
"[27F5DA8049D8E59F0484AE92E126DF3D]::69765AF846822C53F56CD3A6D851655D","The brand is illegible","Назва бренду нерозбірлива"
"[27F5DA8049D8E59F0484AE92E126DF3D]::5C1504464EE471BCCC8E20A4684168E4","Anti-return system of the brand F…","Система захисту від зворотного ходу бренду F..."
"[28CF651147E029E22CA13A9D43F9480F]::6064AE7A4C0E115B319FBA9D40C45027","Charles Hawkins tried to burglarize Algernon Drake's bookstore! But how is it possible given that he is supposed to be dead? There's a lot more behind this story than a mere conjugal drama. What did Sarah Hawkins and Algernon Drake try to hide in the latter's safe?","Чарльз Гокінс намагався пограбувати книгарню Алджернона Дрейка! Але як це можливо, якщо він має бути мертвим? Тут значно більше, ніж просто подружня драма. Що ж намагалися приховати Сара Гокінс і Алджернон Дрейк у сейфі останнього?"
"[28E0C96240945677FD718D8F28407F28]::744FE4764269EC5F53757D82814DAADF","I found this dagger in the tunnels under Hawkins Manor. Its owner left it behind when he went with the other hodded men.","Я знайшов цей кинджал у катакомбах під маєтком Гокінсів. Його власник залишив його, коли пішов разом з іншими людьми в капюшонах."
"[28E0C96240945677FD718D8F28407F28]::382E4CA3471683004D079BA196C452E1","Ritual Dagger","Ритуальний кинджал"
"[29425C764563996AFD553D8539F6367E]::8C40A69446D0BD87678AFC938D666E57","Gain access to Sanders' gallery.","Отримати доступ до галереї Сандерса."
"[29425C764563996AFD553D8539F6367E]::B86B7B8541CE584F8D1C319182EB2EAC","I have entered Francis Sanders' gallery. I must find the Shambler and understand why this painting is so important.","Я увійшов до галереї Франсіса Сандерса. Мені потрібно знайти «Блукача» і зрозуміти, чому ця картина така важлива."
"[29425C764563996AFD553D8539F6367E]::687256A843C99295B4A05DAD0AE2141F","Examine the Shambler","Оглянути «Блукача»"
"[29425C764563996AFD553D8539F6367E]::4B78C1BE40F143F4C7B70D9D4B87B060","In theory Francis Sanders was a renowned art collector. I must question his widow, Irene Sanders, to know more about his links with Sarah Hawkins and to discover the identity of the visitor he talked about before he died.","Теоретично Франсіс Сандерс був відомим колекціонером мистецтва. Мені треба поговорити з його вдовою, Ірен Сандерс, щоб дізнатися більше про його зв'язки з Сарою Гокінс та розкрити особу відвідувача, про якого він говорив перед своєю смертю."
"[29425C764563996AFD553D8539F6367E]::2DA4BB6A42277E641E31AFB84D644903","Talk to Sanders' widow","Поговорити з вдовою Сандерса"
"[299877884513D8619DC2A1BA3FC94474]::412A241A4CCAF0A42CC4C0881B76DB6D","Consult diary","Переглянути щоденник"
"[299877884513D8619DC2A1BA3FC94474]::2C6F96B8475902BB9D89CCBED5ABCC8A","Relationship changed","Стосунки змінено"
"[29B6F0E940CD999533D0CBAB67E76C18]::EA6E17944C4C6C96637CB7B67862FEC2","Fitzroy has destroyed all the ways off the island!","Фіцрой знищив усі способи залишити острів!"
"[29B6F0E940CD999533D0CBAB67E76C18]::B0B59AD542BD0D60432541BB5CF3EA57","Note from Fitzroy","Записка від Фіцроя"
"[2A95B4174065494B9ED517916BE124E3]::2496DF074E2668527BEF109617A996F1","Picture of a couple in front of a mansion.","Світлина пари перед маєтком."
"[2A95B4174065494B9ED517916BE124E3]::11A9AC584DF6B8570622E1A368907656","A photograph found in the abandoned warehouse, on the docks. It shows Charles Hawkins and his wife, Sarah Hawkins. They seem to be posing in front of a house, probably the Hawkins mansion.","Світлину знайдено в покинутому складі біля доків. На ній — Чарльз Гокінс і його дружина Сара. Вони, здається, позують перед будинком, імовірно — маєтком Гокінсів."
"[2A95B4174065494B9ED517916BE124E3]::82C71B8E46CEC44CE7786C90185215A5","Photograph of the Hawkins","Світлина Гокінсів"
"[2B1B78BA4BAEE02C434CAAA2275C5825]::E1603B134FDC6DB87DE1AF9A3B4A452C","Pierce chose to eat Leviathan's flesh, thus increasing the creature's hold on his mind.","Пірс вирішив з'їсти плоть Левіафана, тим самим посиливши вплив цієї істоти на його розум."
"[2B1B78BA4BAEE02C434CAAA2275C5825]::E6F3561B45B83AA2A04BE5875AF7CB38","Third Dilemma","Третя дилема"
"[2C038A884D97D30E9EFC49900A3504A2]::369C20F74B507AC1AC2022ADB8B75224","To lean forward and watch without being seen:","Щоб нахилитися вперед і дивитися з укриття:"
"[2C038A884D97D30E9EFC49900A3504A2]::85AD085D47ADCAD65B8BE99BE121CC87","Lean forward","Нахилитися вперед"
"[2C27E93C4314697D8F93359F07E7BBBA]::22B1ECF3457191A4983B9692BD598CBD","To equip your lighter or your lamp, press","Щоб дістати запальничку або лампу, натисніть:"
"[2C27E93C4314697D8F93359F07E7BBBA]::B1558C4F45091FD84CC6F8918632CCB2","Light up","Запалити"
"[2C30FD0C4ADCC0C4E04EEFB9206B390B]::CC5A45494A4050041F50B1A10D8AFA98","This record states that Ethan Bradley was taken to the operating room with a large wound in the thorax region. Doctor Fuller wrote that he managed to save him thanks to an electrical machine and… Ichoride?","Цей запис свідчить, що Ітана Бредлі доставили до операційної з великою раною в області грудної клітки. Доктор Фуллер написав, що йому вдалося врятувати його завдяки електричній машині та... Ікориду?"
"[2C30FD0C4ADCC0C4E04EEFB9206B390B]::5C0917524231BE205B9408A6CFFE195D","Bradley’s patient file","Картка пацієнта Бредлі"
"[2CD9B6994DFE74DE55AF02927B56DA39]::F8A1326B4924147047BFE1BEBEC1B39F","Abandoned mine","Покинута шахта"
"[2CF54A1D4631C99A9D6AA5A00CE7FF5D]::FB67BED043611CD2FA46518E70D9B0F2","The image of a strange creature has been carved into this whalebone.","Зображення дивної істоти було вирізьблено на цій китовій кістці."
"[2CF54A1D4631C99A9D6AA5A00CE7FF5D]::6648201045F7AB1806568E89E0329E53","Carved bone","Вирізьблена кістка"
"[2D72BB614AE57317F6FF9DA426AA7C34]::8A3B9CD3444E2C2D22FBF6BCBA4913BB","FULLER<lf>Mr. Sanders, I see you are recovering.<lf>I trust you are having a pleasant stay.<lf><lf>SANDERS<lf>I… I have been feeling better, Doctor.<lf><lf>FULLER<lf>Well, I should hope so. It is safe to say your fast recovery was extraordinary. Nearly miraculous, one might say.<lf>Although we should probably not stress your sore eyes. Nurse, dim the lights.<lf><lf>SANDERS<lf>Do you think I will be able to go home anytime soon?<lf><lf>FULLER<lf>Egad, Mr. Sanders ! We have to keep you under close observation.<lf>There is no need to be hasty. You gave us your wife and me quite a startle…<lf>Before you go, I want to make sure your eyes have fully recovered.<lf>Here. A personal favorite of mine. Please, read it out loud.<lf><lf>SANDERS<lf>What’s this?<lf><lf>FULLER<lf>Just read.<lf><lf>SANDERS<lf>“As he neared Damascus on his journey, suddenly a light from heaven flashed around him. He fell to the ground and heard a voice say to him..”<lf><lf>FULLER<lf>Continue.<lf><lf>SANDERS<lf>“Saul, Saul, why do you persecute me?”<lf><lf>FULLER<lf>The Conversion of Paul. A true masterpiece.<lf><lf>SANDERS<lf>What have you done to me?<lf><lf>FULLER<lf>You are the one who gouged them out. I have merely put them back into place.<lf>You see, Mr. Sanders. The problem are not your eyes. Your tongue is.<lf><lf>SANDERS<lf>What does this mean?<lf><lf>FULLER<lf>The things you said, Mr. Sanders. The people you spoke to. Nurse, take him downstairs.<lf><lf>SANDERS<lf>No, please no! No!<lf>","ФУЛЛЕР<lf>Містере Сандерсе, бачу, ви одужуєте.<lf>Сподіваюся, ваше перебування тут приємне.<lf><lf>САНДЕРС<lf>Я... почуваюся краще, докторе.<lf><lf>ФУЛЛЕР<lf>Ну, сподіваюся на це. Можна сказати, що ваше швидке одужання було надзвичайним.<lf>Можна навіть сказати, майже чудесним. Хоча, мабуть, не варто навантажувати ваші хворі очі. Медсестро, зменште світло.<lf><lf>САНДЕРС<lf>Чи зможу я скоро повернутися додому?<lf><lf>ФУЛЛЕР<lf>Боже мій, містере Сандерсе! Нам потрібно тримати вас під пильним наглядом.<lf>Не поспішайте. Ви нас із вашою дружиною неабияк налякали...<lf>Перш ніж ви підете, я хочу переконатися, що ваші очі повністю одужали.<lf>Ось. Особисто моя улюблена. Будь ласка, читайте вголос.<lf><lf>САНДЕРС<lf>Що це?<lf><lf>ФУЛЛЕР<lf>Просто читайте.<lf><lf>САНДЕРС<lf>«Коли ж він ішов і наближався вже до Дамаска, раптом його осяяло світло з неба. Він упав на землю і почув голос, який говорив йому...»<lf><lf>ФУЛЛЕР<lf>Продовжуйте.<lf><lf>САНДЕРС<lf>«Савле, Савле, чому ти Мене переслідуєш?»<lf><lf>ФУЛЛЕР<lf>Навернення апостола Павла. Справжній шедевр.<lf><lf>САНДЕРС<lf>Що ви зі мною зробили?<lf><lf>ФУЛЛЕР<lf>Це ви вирвали їх. Я лише поставив їх на місце.<lf>Бачите, містере Сандерсе, проблема не у ваших очах. Ваш язик.<lf><lf>САНДЕРС<lf>Що це означає?<lf><lf>ФУЛЛЕР<lf>Те, що ви наговорили, містере Сандерсе. Ті люди, з якими ви спілкувалися. Медсестро, відведіть його вниз.<lf><lf>САНДЕРС<lf>Ні, будь ласка, ні! Ні!<lf>"
"[2D72D3CD496A6816A0487DA8D5C7A032]::AC3153384D9FE08B0DC98693391DC91E","Cultist","Окультист"
"[2F94612F438BCD7C33DB328C4310BB31]::1B2676294492617F3E1C9FA5EF6AF6D7","Charles Hawkins' library conceals a significant secret: a passage into a network of underground caves. The place is lived in. After a sort of antechamber and a bridge on which cases of oil had been unloaded, I discovered immense caverns. Men in dark robes engaged in macabre ceremonies and worshiped the works ofSarah Hawkins. I do not know if they survived when the tunnels caved in, but I doubt that it would have been enough to put an end to their activities.","У бібліотеці Чарльза Гокінса приховано важливу таємницю: прохід до мережі підземних печер. У цьому місці хтось мешкає. Після чогось на кшталт передпокою й містку, на який розвантажували ящики з топленим жиром, я виявив величезні печери. Люди в темних шатах виконували моторошні церемонії та поклонялися творам Сари Гокінс. Не знаю, чи вони вижили, коли тунелі обвалилися, але сумніваюся, що це зупинило їхню діяльність."
"[2F94612F438BCD7C33DB328C4310BB31]::91E7E19B4E5D7677B88371832B4B1D69","Hawkins Mansion - Underground caves","Маєток Гокінсів — Підземні печери"
"[3078080845F5BAC394DC05AC123D2BF3]::C529671647931867755FB492E7F27F30","A document attesting to the fact that Irene Sanders, wife of Francis Sanders, had her husband interned after he had shown grave signs of madness.","Документ, що підтверджує: Ірен Сандерс, дружина Френсіса Сандерса, домоглася примусового ушпиталення чоловіка після того, як у нього з’явилися серйозні ознаки божевілля."
"[3078080845F5BAC394DC05AC123D2BF3]::B73FEC354A4D8FB7B947409F3F291A01","Request for internment","Запит на ушпиталення"
"[311038C74CCE337AAB1B57ADC1CDA622]::D51A6BE544C96A5A40C0C8BCC3F5D817","Use the painting","Використати картину"
"[311038C74CCE337AAB1B57ADC1CDA622]::39304CB24FFB2AE62594F0AACA0538C9","Find and destroy the first glyph","Знайти й знищити перший ґліф"
"[311038C74CCE337AAB1B57ADC1CDA622]::1D257D5649A2F238AE2573B9C256860B","Banish the Shambler","Вигнати Блукача"
"[311038C74CCE337AAB1B57ADC1CDA622]::1BF1FC2143E7AB1CB0BC499DCA56832B","Find and destroy the second glyph","Знайти й знищити другий ґліф"
"[311038C74CCE337AAB1B57ADC1CDA622]::9B356CA74CD6D72F22C022AC84CE2FBE","Find Drake","Знайти Дрейка"
"[311038C74CCE337AAB1B57ADC1CDA622]::D923ADCD473B2A02267B84B0A90E9B87","Find and destroy the third glyph","Знайти й знищити перший третій ґліф"
"[311038C74CCE337AAB1B57ADC1CDA622]::02C6A749479C7E6913170E892032406B","Draw the Shambler into Drake's trap","Заманити Блукача в пастку Дрейка"
"[31D02D3242B3934D86958FA9D93D8984]::44B5C6394CA769E8CE09798B5696E7FB","Cat gave me that key. It opens the gate to a passage hidden inside the bootleger’s territory. From there, I should be able to reach the whaling station.","Кет дала мені цей ключ. Він відкриває прохід у схованому переході на території бутлеґерів. Звідти я зможу дістатися до китобійної станції."
"[31D02D3242B3934D86958FA9D93D8984]::EE9586574FA02070133DFCAFE27C8BE4","Bootleggers' key","Ключ бутлеґерів"
"[32FC68E54B6B51879F77978952EC76A7]::E80B4F6341F3B0A5DF94A686B53D0678","The diary of Reverend Wyckwood's wife. Her husband, John, built the first Hawkins home, called Hilltop, at the end of the 17th century. They were among the first white colonists of the island. The previous inhabitants disappeared mysteriously three centuries earlier.","Щоденник дружини преподобного Віквуда. Її чоловік, Джон, звів перший дім родини Гокінсів, відомий як «Гілл-топ», наприкінці 17-го століття. Вони були одними з перших білих колоністів на острові. Попередні мешканці зникли за загадкових обставин трьома століттями раніше."
"[32FC68E54B6B51879F77978952EC76A7]::4BB9E2C648ADB03E131522B38EC3E5BD","Diary of the pastor's wife, Volume 1","Щоденник дружини пастора, Том 1"
"[3316D88F490F6653298E49B4B6A2B213]::8145D28442241A11C8BDBA8A59FC7943","You may switch from one light source to another:","Ти можеш перемикатися між джерелами світла:"
"[3316D88F490F6653298E49B4B6A2B213]::C250EF1043508C3DC7C6A58303F58BC1","Light source","Джерело світла"
"[3546587C4703F01BED1B0E8E420B18C7]::E57FE730434A96D4D47F4B88AB001D95","To crouch, press","Щоб пригнутися, натисніть:"
"[3546587C4703F01BED1B0E8E420B18C7]::CBA2E46D44DF129C48FF6D9AFB57E2A5","Crouch","Пригнутися"
"[35E791F64B7C447E54D7EA9B09C52D5C]::69F9321D4F5E1812D51DE0B4A8E16BE5","Leviathan has returned to torture Pierce. This time, the choice has allowed the detective to gain access to shocking revelations on the inhabitants of the island that he believed were his allies. Each piece of knowledge gained destroys Pierce's mind one more bit, a mind already weakened by visual and sound hallucinations that accompany Leviathan's visits. The detective's Sanity is greatly undermined by these encounters. He's in danger of sinking into madness for good.","Левіафан повернувся, щоб знову катувати Пірса. Цього разу зроблений вибір дозволив детективу дізнатися шокуючі подробиці про мешканців острова, яких він вважав своїми союзниками. Кожна нова крихта знань ще більше руйнує його розум — і без того ослаблений візуальними та звуковими галюцинаціями, що супроводжують візити Левіафана. Ці зустрічі серйозно підривають Ментальний стан детектива. Він ризикує остаточно зануритися в божевілля."
"[35E791F64B7C447E54D7EA9B09C52D5C]::FA1DA3A24B42937469AA97B5DCA43D94","First Dilemma","Перша дилема"
"[3608E8E949FA188C1FE8F49D89C9B303]::008A83424D4C971FE8B5649416E4CE29","I don’t care who the fuck he is, Frank. I don’t like his face, I don’t like his tone when he talks to me and the lads.<lf><lf>Did you see those goons who came with him last night? Greenish faces, bloodshot eyes. They looked like they were sick, or drugged, or Italian. Or all three.<lf><lf>And all of that for what? Church donations? I don’t buy it.<lf><lf>Dig up dirt on him. There must be a reason why he’s buying all the warehouses of this god-forsaken harbor. We find out, we stop paying.<lf><lf>Dom","Мені блядь байдуже хто він, Френк. Мені не подобається його лице, не подобається його тон, коли він говорить зі мною і хлопцями.<lf><lf>Ти бачив тих бандитів, які прийшли з ним минулої ночі? Зелені обличчя, налиті кров'ю очі. Вони виглядали так, ніби хворі, чи під наркотиками, або як італійці. А може все разом.<lf><lf>І все це для чого? Пожертви на церкву? Я цьому не вірю.<lf><lf>Розкопай інформацію про нього. Має бути причина, чому він купує всі склади цього забутого Богом порту. Якщо ми її знайдемо, то більше ніколи не доведеться йому платити.<lf><lf>Дом"
"[364B123B4AACED51D8CE02B1AC0ABC00]::BCB207FE4515AEFFCCB0A59950DF4C0A","Old warehouses key","Ключ від старих складів"
"[365A387C4040D19D7B679C923616686C]::A8629E4F4F41BF91A822A38E5A579615","The Nameless Bookstore","«Безіменна книгарня»"
"[36A53D5C46FA193DA2CAFD8707620783]::AB6E422F448E1919751548AF17503663","The file describes the state in which Irene Sanders entered the Riverside Institute, as well as the treatments administered to her. Fuller added a hand-written note: He recommands to take her down to the psychiatric wing in order to provide her with the quiet and rest that she needs.","Документ описує стан, в якому Ірен Сандерс потрапила до Інституту Ріверсайд, а також лікування, яке їй було призначено. Фуллер додав рукописну записку: він рекомендує перевести її до психіатричного відділення, щоб забезпечити їй тишу та відпочинок, які їй необхідні."
"[36A53D5C46FA193DA2CAFD8707620783]::B84A0CC44AF949811ACF0EAF6F4884C3","Irene Sanders’ medical file","Медична картка Ірен Сандерс"
"[36D4EEE648AD635EE84DE7AC41E44D8C]::A6046A074D0A28D6B852B590FA3829BA","The Medicine and Occult skills can only be improved by objects discovered in the environment.","Навички медицини та Окультизму можна покращити лише за допомогою предметів, знайдених у навколишньому середовищі."
"[3877F0ED4B9ED23055345E97915C28EF]::1DF2F5EF42E7DD7C90E420AA19508AF0","Leviathan… came back. Did he really offer me a choice? Was he even there, with me? There was water, and dilemmas, and visions.. I can’t say when my mind started showing me things that may not exist… What is it, this time?","Левіафан... повернувся. Чи справді він запропонував мені вибір? Чи був він взагалі там, зі мною? Були вода, дилеми та видіння... Не можу сказати, коли мій розум почав показувати мені те, що може не існувати... Що цього разу?"
"[38BDA169418DC2925FA76EAACEBDA168]::B7C83BD646384BDEFC99E0A9F2457A32","Bradley is dead. Between death and a miserable existence as one of the crazies roaming the island, he chose to leave with dignity. He was a brave man, until the end. He deserved a better fate.","Бредлі мертвий. Між смертю та жалюгідним існуванням серед божевільних, що блукають островом, він обрав піти з гідністю. Він був хоробрим чоловіком до самого кінця. Він заслуговував на кращу долю."
"[3A3715B84BFE58E39B54418BE6689CCA]::330E310A4450F0964B878B8AC13E0E1B","SANITY","МЕНТАЛЬНИЙ СТАН"
"[3A441FF7491C21D882179BADDFE544C1]::8F0E135F46277A5C2BFFBD900975B974","Sarah Hawkins' sketches look more like a gallery of horrors than anatomical studies. Do they represent what haunts her nights?","Ескізи Сари Гокінс радше нагадують галерею жахів, ніж анатомічні креслення. Вони відображають те, що переслідує її в снах?"
"[3A441FF7491C21D882179BADDFE544C1]::BB67D2BB4B8D540A31D7D89FC96A6FAD","Sketch pad","Альбом з ескізами"
"[3A4B815648A95731570FF3A5F815AC19]::8D59DF75455F2502F8D9E2B77D628561","Bradley and Dr Colden were arguing in the library of the Hawkins mansion. They seem to know each other for some time. Marie Colden works at the Riverside Institute, for Dr Fuller. She thinks he carries out experiments on the patients and that there is a link with the Hawkins case. Bradley is determined to discover the truth on the fire. We have common interests, so we shall work together. Next step: talk to the widow of Francis Sanders, the man who died in the institute after accusing Sarah Hawkins.","Бредлі та докторка Колден сперечалися в бібліотеці маєтку Гокінсів. Здається, вони знайомі вже давно. Марі Колден працює в Інституті Ріверсайд на доктора Фуллера. Вона вважає, що він проводить експерименти на пацієнтах і що це якось пов’язано з справою Гокінсів. Бредлі рішуче налаштований з’ясувати правду про пожежу. У нас є спільні інтереси, тож працюватимемо разом. Наступний крок: поговорити з удовою Франсіса Сандерса — чоловіка, який помер у Інституті після того, як звинуватив Сару Гокінс."
"[3A81077F46640D24AB7D73A4801A0755]::2C6943B74DF0440FF03030BEA74E48C6","I turned down Drake's help. The man is furious, but I don't trust him. The most important thing is to save Colden.","Я відмовився від допомоги Дрейка. Він розлючений, але я йому не довіряю. Найважливіше зараз — врятувати Колден."
"[3BCE8C1A420398C6DBF4F099D586D133]::3CA7D0E74C219A8190C3DFA2FCCE027D","Adjust the brightness so that the darkest icon is barely visible.","Відрегулюйте повзунок яскравості так, щоб найтемніший значок був ледь помітним."
"[3C7E724548AD523D421838B8A21551A2]::4A1E990F4174F5B4BD6ECB8F123B3842","In Sarah Hawkins' office, a circle decorated with unknown symbols, surrounded by partly consumed candles, bear witness to the artist's occult activities. In the middle of tangible proof (upturned easel, broken bolt, mark left on the floor by a beast), new residual images arrived to disturb the reconstruction. The Necronomicon appeared on the floor, probably because Sarah Hawkins sought the knowledge required to carry out her rite within its pages. It was, no doubt, a rite of revocation, because the Shambler was present. The mark on the floor does not lie: there is no other creature on the Earth capable of making anything like it. Whatever Sarah Hawkins tried to do, it failed, and the state of the room accentuates the words of her dead husband: she must, never again, come near occult forces.","В кабінеті Сари Гокінс — коло, прикрашене невідомими символами, оточене напівзгорілими свічками — все це свідчить про її окультну діяльність. Серед видимих доказів (перекинутий мольберт, зламаний засув, слід на підлозі, залишений якоюсь потворою), з’явилися нові залишкові образи, що порушили процес реконструкції. «Некрономікон» лежав на підлозі — вочевидь, Сара шукала в ньому знання, потрібні для проведення ритуалу. Без сумніву, це був ритуал вигнання, адже Блукач уже був присутній. Слід на підлозі не залишає сумнівів: жодна інша істота на Землі не могла зробити нічого подібного. Що б Сара Гокінс не намагалася зробити — вона зазнала невдачі, а стан кімнати лише підсилює слова її покійного чоловіка: їй ніколи більше не слід наближатися до окультних сил."
"[3C7E724548AD523D421838B8A21551A2]::8C44ED3141F86A11861F549B9E79D2EB","The failed incantation","Невдале закляття"
"[3D6D731F4BA077FB72C353B05A88F5AC]::41EAB5D141F878490E4F0EB2EC29FFA3","The file is strangely incomplete, and the detail on treatment is not given. It does not respect standard practice.","Медична справа виявилася неповною, без жодної згадки про лікування. Вона не відповідає стандартам медичної практики."
"[3D6D731F4BA077FB72C353B05A88F5AC]::567B348742838AD2A45B0C8AD1E1521F","Medical record of Edward Pierce","Медична картка Едварда Пірса"
"[3D961E0B4F86F595728C43B0F02E0AB1]::D25393224DD5874E3E55CEA96611D32D","This blood-stained badge belongs to a Darkwater police officer. What was he doing in the cellars of the Riverside Institute?","Цей забризканий кров’ю жетон належить офіцерові поліції Дарквотера. Що він робив у підземеллях Інституту Ріверсайд?"
"[3D961E0B4F86F595728C43B0F02E0AB1]::692D337D4EB1010A2E7697B35B86A96C","Blood-stained badge","Кривавий жетон"
"[3E56C981480E1BB9EB4D46B44E3361CE]::738530304911DCA6CFA69CA281BD94B4","This collection catalogs and classifies creatures that I had never heard of. Divinities from the stars, creatures capable of traveling from one dimension to another... It presents itself as the reference work on the bestiary of the Myth. Without giving details on the mythology to which it refers. Its pages are covered with phantasmagorical illustrations.","Ця колекція каталогізує та класифікує створінь, про які я ніколи не чув. Божественні істоти з зірок, створіння, здатні подорожувати з одного виміру в інший... Вона представляє собою основний довідник з бестіарію Міту, не даючи при цьому подробиць про мітологію, до якої це відноситься. Її сторінки вкриті фантастичними ілюстраціями."
"[3E56C981480E1BB9EB4D46B44E3361CE]::28E787AA442BCC47F1D4BFA8D3514868","Malleus Bestiarum","«Молот відьом»"
"[3F06C180403E4BCB2830A09C986D8343]::664932554B2676F95FAA62B40B1C7F10","This key opens the guards' room in the cellars of the Riverside Institute.","Цей ключ відкриває кімнату охорони в підземллях Інституту Ріверсайд."
"[3F06C180403E4BCB2830A09C986D8343]::976E751446A6133B84A864B6F771A942","Key to the guards' room","Ключ від кімнати охорони"
"[3F6F8FC94713B278B8097798FCC5973F]::C75C05514E069E7C2E71F8AF3BAA5D5C","This tap goes onto a system of pipes to adjust the flow.","Цей вентиль встановлюється на систему труб для регулювання тиску."
"[3F6F8FC94713B278B8097798FCC5973F]::2EE848E641620A2D74B00987C4C7B005","Wheel","Вентиль"
"[402DA5844E412ACE1F7690A0D29C8E14]::08E02F2F4DD7503ADFB08FB30F30752D","The final abomination of Fuller only emerged after the death of the mad scientist. Dr. Colden, brought back to life, transformed into a worshiper without any will of her own, urged me to join the ranks of the cult. The courageous and independent woman of science has disappeared, replaced by a dysfunctional and empty shell.","Останнє жахливе породження Фуллера проявилося лише після смерті божевільного вченого. Докторка Колден, повернена до життя, перетворилася на безвольну служительку, яка закликала мене приєднатися до лав культу. Смілива й незалежна жінка науки зникла, залишивши по собі лише порожню, спотворену оболонку."
"[40440D2E42EA8EE54CA788AF68FE28C6]::E314FB4E459FA89218BAA1BC5FD23286","The doctor can well repeat to me that I no longer need my ""remedy"" to keep my memories at bay, but I know that if I stop, the memories will return. One of these mornings, I probably won't wake up.","Доктор може скільки завгодно повторювати мені, що я більше не потребую своїх «ліків», щоб стримувати спогади, але я знаю: якщо припиню їх приймати — спогади повернуться. І одного ранку я, ймовірно, більше не прокинуся."
"[417A15E9493185B6413290A666BA805E]::BF04C7D047AB2F0CE18F658165561735","Art and Mysticism, Forgotten Objects, is a collection written by Francis Sanders. In it, he catalogs and categorizes objects from all ages and origins that are linked to occult or mystical practices. It is opened at the page of a dagger that bears a symbol that is not unknown to me...","«Мистецтво і містицизм. Забуті предмети» — це збірка, написана Френсісом Сандерсом. У ній він описує та класифікує предмети з різних епох і культур, пов’язані з окультними чи містичними практиками. Вона розгорнута на сторінці з кинджалом, що має символ, який мені вже знайомий..."
"[417A15E9493185B6413290A666BA805E]::A3B709374D3DB9B8004841830404C05C","Art and Mysticism, Forgotten Objects, by Francis Sanders","«Мистецтво і містицизм. Забуті предмети», автор — Френсіс Сандерс"
"[427C373A4597D32BBBA373A6D77C35D2]::6DD1DA7945B0038556CE0790E3B25FEA","Open","Відчинити"
"[427C373A4597D32BBBA373A6D77C35D2]::93301D934D5BA2F3986A26811942C40D","Jump","Перестрибнути"
"[42AB230943CB800AE7CC438F539417CB]::F57EB5204F51A0B5872BC1A916B959A5","This brand never was about quality","У цього бренду з якістю ніколи не складалося"
"[42AB230943CB800AE7CC438F539417CB]::13EFC0FB45F776B838CEF7A2EE7F6405","Lever of the brand Forman","Важіль бренду «Forman»"
"[4367BFED432454119B78DDA107B0B72F]::591E832C4200314A710EAB996C5592F3","Friday 27th June 1847<lf><lf>37N, 63W. The whole crew has descended into madness. They speak of dreams, visions of a nightmarish city and of a sleeping god. Madness! I locked myself in my cabin. I won't be able to hold out for long. Fitzroy has twelve men on his side. They sacrificed everyone who tried to stop them to their new god. I beseech you, Almighty God, to have pity on our souls. This will be my last prayer. I can hear them whispering.","П’ятниця, 27 червня 1847.<lf><lf>37° пн. ш., 63° зх. д. Вся команда занурилася в божевілля. Вони говорять про сни, видіння міста з кошмарів і сплячого бога. Божевілля! Я замкнувся в каюті. Не знаю, скільки ще зможу триматися. Фіцрой на своєму боці має дванадцять чоловік. Вони принесли в жертву всіх, хто намагався їх зупинити, їхньому новому богу. Благаю Тебе, Всемогутній Боже, помилуй наші душі. Це буде моя остання молитва. Я чую, як вони шепочуть."
"[4367BFED432454119B78DDA107B0B72F]::B2DB04054A6058B7155A7299C971A21A","Page torn from log 4","Четверта вирвана сторінка з журналу"
"[443FB5294CB778DE389241A0A3795D16]::7CEF199A4D0D860139526F8BFB7EF788","Previous","Попередній"
"[44471E774AB0BA95A320C48EEAA58575]::718418D84C0AFC478FFA0EA5AB76EFCC","Cultists","Окультисти"
"[448C5C484A595B3282542BA0220E08FA]::04D7354C424C3E2A894223AE57D0ED98","Officer Bradley's female friend works as general practitioner at the Riverside Institute. She had figured out, long before I arrived, that Fuller was involved in illegal activities. She wants to shed full light on the nature of his experiments, and believes that helping me to solve the Hawkins case could advance her own investigation.","Подруга офіцера Бредлі працює терапевтом у Інституті Ріверсайд. Вона з'ясувала задовго до мого приїзду, що Фуллер займається незаконною діяльністю. Вона хоче пролити повне світло на природу його експериментів і вважає, що допомога мені в розкритті справи Гокінса може просунути її власне розслідування."
"[448C5C484A595B3282542BA0220E08FA]::C98C63AC4F65A08EAD07029303644B85","Marie Colden","Мері Колден"
"[448C5C484A595B3282542BA0220E08FA]::D536B3924C71FB8138800C9BAB3EC1B3","Doctor","Докторка"
"[46976F9C49D31630AAA0BD9CB3EA8121]::B6D9873147AF4F1064F36FAD221C84D4","Cross-checking the information given by Francis Sanders and his widow, it is possible to reconstruct the events that led to the internment of Sanders. Everything points to Sanders and Sarah Hawkins being close, linked at least by the interest the collector showed in the artist's work, but more probably by a certain friendship. Attested to by the repeated refusals of Sarah Hawkins to sell the painting called the Shambler. Against all expectations, she finally gave it away for free. The feelings still shown by Irene Sanders towards Sarah Hawkins are evidently derived from what she considers to be the artist's responsibility: madness struck Sanders a short while after he gained possession of the painting.","Зіставивши свідчення Френсіса Сандерса та його вдови, можна відтворити події, що призвели до його примусового ушпиталення. Усе вказує на те, що Сандерс і Сара Гокінс були близькими: їх поєднувала принаймні зацікавленість колекціонера в роботах художниці, а найімовірніше — певна дружба. Про це свідчать неодноразові відмови Сари Гокінс продати картину під назвою «Блукач». Усупереч усім очікуванням, вона зрештою віддала її безкоштовно. Почуття, які досі живить Ірен Сандерс до Сари Гокінс, очевидно, випливають із того, що вона вважає художницю винною: безумство охопило Сандерса незабаром після того, як він отримав цю картину."
"[46976F9C49D31630AAA0BD9CB3EA8121]::E192793949441ACEAE8230AEE558A513","At the Sanders'","У резиденції Сандерсів"
"[46C18FE4409F6DD9FF82D8BEC94DF4C1]::83D5394D4181ABE5A6693297D574AFA0","Sarah Hawkins, a painter known for her tortured artistic universe. She was worshiped for the strangeness of her work and the rarity of her public appearances. I seem to remember that she once said ""I paint what my dreams whisper to me.""<lf><lf>Her marriage to Charles Hawkins, years ago, surprised high society columnists. A wealthy Boston heiress, known for her party-going, chooses to follow her new husband and live as a recluse on the island of Darkwater!<lf>She disappeared from the front pages of newspapers and nobody heard any more about her. Even her death in a fire remained a secret. Only her father, Stephen Webster, continue seek the truth.","Сара Гокінс — художниця, відома своїм болісним художнім всесвітом. Її обожнювали за химерність її творів і рідкісні публічні появи. Здається, я пам’ятаю, як вона одного разу сказала: «Я малюю те, що шепочуть мені сни».<lf><lf>Її шлюб з Чарльзом Гокінсом кілька років тому здивував світську хроніку. Багата спадкоємиця з Бостона, відома своїм пристрастям до вечірок, вирішує піти за новим чоловіком і жити відлюдницею на острові Дарквотер!<lf><lf>Вона зникла зі шпальт газет, і про неї більше ніхто нічого не чув. Навіть її смерть у пожежі залишилася таємницею. Лише її батько, Стівен Вебстер, продовжує шукати правду."
"[472F9F294A412D89913A388D2EE9ED68]::2741085F470E86CFC3D6B6942917D2C8","Main objectives","Головні завдання"
"[4745DC2842970840D2164DB353C9DAB5]::55E321D44CC86365AB6F348DE4CAC5C7","New entry in diary","Новий запис у щоденнику"
"[4745DC2842970840D2164DB353C9DAB5]::A481210F4282822078523087FD269D18","Consult diary","Розгорнути щоденник"
"[476304784A46A322450654A2BC848280]::C9C2E569498D9E01E4A64C81B6660D04","Cat found out where the dagger that pushed back the creature came from: a certain Algernon Drake sold it to Sanders. I've got to speak to him and find out if what I lived through really happened.","Кет дізналася, звідки взявся кинджал, що відштовхнув істоту: якийсь Алджернон Дрейк продав його Сандерсу. Я мушу поговорити з ним і з’ясувати, чи те, що я пережив, справді сталося."
"[476ECFA143659FD47DE36BA98BE3EEBC]::94588BC14CDAF38580725E92B8F99C12","Blind the Dimensional Shambler to slow it down, by pressing:","Щоб уповільнити Міжвимірного Блукача, осліпіть його, натиснувши:"
"[476ECFA143659FD47DE36BA98BE3EEBC]::2A0F1C51433BB6ECA3D8708F9F1EB331","Blind","Осліпити"
"[497B7786480428EB8F7469951C136361]::C6D326E4421366A4569B719807241D04","Small bottle of sleeping pills. Probably used on patients who have trouble sleeping to find slumber.","Маленька пляшечка зі снодійним. Ймовірно, застосовуються для пацієнтів, які мають труднощі зі сном."
"[497B7786480428EB8F7469951C136361]::62B468E040D2FF10EC8B99825B1D32BA","Sleeping pills","Снодійне"
"[49E095D8425E123B85912DB17EB818E1]::F16B2FA54BA5C1B916FBCA919656E72E","Examine the dying patient","Оглянути помираючого пацієнти"
"[49E095D8425E123B85912DB17EB818E1]::2B3F82A64655DA02A94999A60014EF62","Distract Donovan","Відволікти Донована"
"[49E095D8425E123B85912DB17EB818E1]::BF11AEC64D3630CA5A6E05BAE200F863","Get into Fuller's office","Пробратися до кабінету Фуллера"
"[49E095D8425E123B85912DB17EB818E1]::F31654044A24D415E31326A7B10FEE48","Go down into the psychiatric wing","Спуститися до психіатричного відділення"
"[49E095D8425E123B85912DB17EB818E1]::C87B214F496E3808104289AE16170391","Find a tool","Знайти інструмент"
"[49E095D8425E123B85912DB17EB818E1]::31A431A64D400A73A36989B9A6431688","Search Fuller's office","Оглянути кабінет Фуллера"
"[49E095D8425E123B85912DB17EB818E1]::13E3B840424D2EB7983F12ADBEC65CD9","Cut off the water","Перекрити воду"
"[49E095D8425E123B85912DB17EB818E1]::CBBBDBCA478B575B68378E908424509D","Go back to Elizabeth","Повернутися до Елізабет"
"[4A4283E74405CB538B8722A1BBEB031A]::AA7F15EC477867700307DA972F1F1D47","A Fire Poker found in Riverside Institute’s Boiler Room.","Коцюба, знайдена в котельні Інституту Ріверсайд."
"[4A4283E74405CB538B8722A1BBEB031A]::F1333BE14EFBBFD9856D448F965EDD29","Poker","Коцюба"
"[4A8735B84B5C38FEE8F0318501809F4F]::0712DFEF47350C9C5CC971B5A097F1C3","A dense work aimed at interns and young practitioners. This first volume lists all illnesses known in the civilized world. It details the symptoms and suitable treatment.","Солідне видання, призначена для інтернів та молодих лікарів. Перший том містить перелік усіх відомих у цивілізованому світі хвороб, з описом симптомів та належного лікування."
"[4A8735B84B5C38FEE8F0318501809F4F]::697797C348C54C4BF826F7928AFDEA92","The Learning of Medicine, Volume 1","«Основи медицини. Том I»"
"[4ADB0E41465EA2786CED579A38C4A7E6]::CE152E2747D961C560656889CBCC9539","An ancient amulet, probably Amerindian. I wonder what its purpose could be.","Стародавній амулет, імовірно індіанського походження. Цікаво, для чого він призначався."
"[4ADB0E41465EA2786CED579A38C4A7E6]::1370DF254E1C5DB3643F479EA19C8FCA","Amulet","Амулет"
"[4B16F650492B7803E07FE8B7D59109B3]::F2038CBA4D611ABA6BB01D934293DD93","I'll certainly find something on Darkwater in my bookcase…","Можливо, я знайду щось про Дарквотер у своїй книжковій шафі..."
"[4B16F650492B7803E07FE8B7D59109B3]::15849BD24B36C29CD323A3B32B87FAB3","Find out about Darkwater","Дізнатися більше про Дарквотер"
"[4B16F650492B7803E07FE8B7D59109B3]::486563E34711064016FB1D9F2A8EF637","Stephen Webster, the wealthy industrialist, came to my office. He wants me to reopen the Sarah Hawkins case, named after his daughter, who died in a fire alongside her entire family.<lf>I must examine the documents he compiled in order to know more about the case.","Стівен Вебстер, заможний промисловець, прийшов до мене в кабінет. Він хоче, щоб я знову взявся за справу Сари Гокінс — його доньки, яка загинула під час пожежі разом із усією родиною.<lf>Я маю вивчити зібрані ним документи, щоб дізнатися більше про цю справу."
"[4B16F650492B7803E07FE8B7D59109B3]::2BB921A44A30857403241DB410653641","Examine the Hawkins file","Дослідити справу Гокінс"
"[4B16F650492B7803E07FE8B7D59109B3]::78675BC9430695351B50DE86D9B91821","A strange picture, painted by Sarah Hawkins a short while before her tragic death, was sent to her father just after the artist died. He is convinced that she is the sender. He brought me the painting so that I could examine it.","Дивна картина, написана Сарою Гокінс незадовго до її трагічної смерті, була надіслана її батькові вже після загибелі художниці. Він переконаний, що саме вона була відправницею. Він приніс мені картину, щоб я її дослідив."
"[4B16F650492B7803E07FE8B7D59109B3]::643ABC224DA1D6206509F1A5DC804B91","Examine the painting","Оглянути картину"
"[4B16F650492B7803E07FE8B7D59109B3]::FFB405D649C682918C493A868865E50A","All that remains is to leave for Darkwater.","Залишилося лише вирушити до Дарквотера."
"[4B16F650492B7803E07FE8B7D59109B3]::61DC01864E834A5ECCC3CCB2681BBD8A","Leave for Darkwater","Вирушити до Дарквотера"
"[4B41DDE14261ED84EA7492A60B76D049]::31246900493797D8ACDB2190C7FCB319","In the entrance hall of the mansion, a lighted lamp seems to be waiting for us. And the old caretaker who thinks he can stop people from entering...<lf>I must find the place where the Hawkins family died. En route, I'll pick up as much information as I can on their life.","У вестибюлі маєтку нас ніби чекає запалена лампа. І старий доглядач, який думає, що зможе зупинити будь-кого від проникнення...<lf>Я маю знайти місце, де загинула родина Гокінсів. По дорозі зберу якомога більше інформації про їхнє життя."
"[4B41DDE14261ED84EA7492A60B76D049]::DF9F5EE24A30940FB0D54FB6A6E828BF","Hawkins Manor","Маєток Гокінсів"
"[4BBF3E4543A6BD28F3E8E08EF8161B97]::A7D8F3694AE09C39A6279F93188F0E21","I finally reached the stairs that lead to the first floor of the Riverside Institute, but on the way I inhaled some gas that was leaking from a damaged pipe and I passed out. I remember Bradley (alive? really) who was talking to me. And I came to in the Hawkins mansion. I must understand what I'm doing here and what happens next.","Я нарешті дістався сходів, що ведуть на перший поверх Інституту Ріверсайд, але на шляху надихався газу, який витікав із пошкодженої труби, й знепритомнів. Пам’ятаю, як Бредлі (він живий? Справді?) щось мені казав. А отямився я вже в маєтку Гокінсів. Я маю з’ясувати, що я тут роблю і що буде далі."
"[4BBF3E4543A6BD28F3E8E08EF8161B97]::38B35A0A4BEF25949F18CA9614CE6B21","Hawkins Manor","Маєток Гокінсів"
"[4BE04B9146844D187BD910B4810ACBB6]::66C195F4455D58CF594E42AD78B0E494","The dining room has remained untouched since the night of the fire. It taught me something about relations in the Charles - Sarah Hawkins couple. It seems that an argument broke out on the night of the drama.","Їдальня залишилася недоторканою від тієї ночі, коли сталася пожежа. Вона відкрила мені дещо про стосунки між Чарльзом і Сарою Гокінсами. Схоже, тієї трагічної ночі між ними стався конфлікт."
"[4C128E4D47978189590E6E96722F864F]::2A2C14764977A3470E3FB5976DB29B67","In Sarah Hawkins' office, a circle drawn on the floor and candles indicate that occult rituals were held here. What could have caused these huge scratches?","У кабінеті Сари Гокінс на підлозі намальоване коло, а довкола нього — свічки, що вказує на проведення окультних ритуалів. Що ж могло залишити ці величезні подряпини?"
"[4C7596B847EB48E2EBB435867281DEF0]::F13304F7489460D80665D3A5DE96E3CB","In the 19th century, as the American whaling industry reached its peak in the rest of the world, whales gradually disappeared from the waters surrounding Darkwater. This phenomenon appears even more mysterious because, up till then, the region was a favored refuge for cetaceans.<lf>In 1847, after months of pursuit, Scylla returns to port with a gigantic creature on board. Its crew asserts that the sea monster had eaten all the disappeared whales. After a night of ferocious combat, the survivors managed to drag the beast onto the whaling ship.","У 19-му сторіччі, коли американська китобійна промисловість досягла піку в усьому світі, кити поступово зникли з вод навколо Дарквотера. Це явище виглядало особливо таємничим, адже до того часу цей регіон був улюбленим притулком для китоподібних.<lf>У 1847 році, після місяців переслідування, «Сцилла» повернулася в порт із гігантською істотою на борту. Її команда стверджувала, що морське чудовисько зжерло всіх зниклих китів. Після ночі лютої битви вцілілі зуміли затягти звіра на китобійне судно."
"[4C7596B847EB48E2EBB435867281DEF0]::72B9ED1F4DE95C38087C48B5A255CDB5","History of Darkwater, Volume 4","Історія Дарквотера. Том IV"
"[4CC3A0D343F0D043C248DAB9D4172C8D]::EBCC7EF34AD38E1446EEDCB918FDD566","Whaling guard","Сторожовий китобійні"
"[4EC288B240040B85F2394DBB98EBF6C0]::141C147C4030E66E42940C94D4D0F798","Darkwater Docks","Доки Дарквотеру"
"[4ED059054DA1F7DB7B5723BCB79D0E41]::B284B25F4B724669C4ED7FA05C743333","Leave","Піти"
"[4ED059054DA1F7DB7B5723BCB79D0E41]::B94E57644EB6D3100F894BB878ABE7F0","Leave","Піти"
"[4EE466EF43C96DA1CEE47EA79531CCF7]::B9876E7C4F16E19F55CB7E994C89AAD4","A map of Darkwater hand drawn by Charles Hawkins. Some places have been circled.","Мапа Дарквотера, намальована від руки Чарльзом Гокінсом. Деякі місця обведені колом."
"[4EE466EF43C96DA1CEE47EA79531CCF7]::90419834416BB6C1D4936B8913EBD4ED","Hand-drawn map","Намальована від руки мапа"
"[4FCADA874E01B040484F44AD87F55F5A]::3F2989B140AECEC558888FAF25A0B73E","Leave","Вирушити"
"[502B053F403F7532B8787CB26F70EC97]::FA35A6A945387CE94F5C658F7CF8EDFA","Do not make the mistake of taking this jewel for an inanimate object. The soul of a powerful sorcerer, devourer of bodies of the Leng cult - a sect from Central Asia - lies in this jade amulet. His very characteristic form - a massive hunting dog - represents the transformation of the sorcerer into a man-eating ghoul. Whoever unearths the amulet and wears it around his neck is at risk of the sorcerer's wrath. The latter will return, in the shape of a formidable hunter, to track and dismember all defilers.""<lf><lf>Extract taken from the Malleus Bestiarum, by Abigaïl G.","«Не робіть помилку, приймаючи цей коштовний камінь за неживий предмет. Душа могутнього чаклуна, пожирача тіл з культу Ленґ — секти з Центральної Азії — знаходиться в цьому нефритовому амулеті. Його найхарактерніша форма — масивний мисливський пес — представляє перетворення чаклуна на людиноподібного монстра, який поїдає людей. Той, хто знайде цуй амулет і носитиме його на шиї, ризикує накликати гнів чаклуна. Останній повернеться в подобі грізного мисливця, щоб переслідувати і роздерти всіх порушників.»<lf><lf>Уривок із «Молот відьом», авторка Абіґейл Ґ."
"[502B053F403F7532B8787CB26F70EC97]::4D1FE33140410D67B344609400EDBD97","The Hound","«Гончак»"
"[5054FE6342735EF11B6FCE8FFCAD5BC3]::7A96549D4E8AE8DB7E4E9DA425887692","Pierce Investigation Agency","Агенство розслідувань Пірса"
"[5101BF574C3D4B1825FEC19EFA2EF827]::F63A09E045600F9A8B5DCCAF43933EDC","The weirdness of Francis Sanders' death went far beyond anything Pierce had ever seen. Lifted off his feet by an invisible force, the poor man's body was carried into the air before being thrown violently against the bars of his hiding place. Pierce, powerless, watched the limbs break and Sanders' body crumble to the ground. During long moments of agony, the detective saw nothing that could explain this event. Weakened by his wounds, and the operations he could remember undergoing, Pierce begins to question his ability to tell the difference between reality and the nightmares that haunt him.","Незвичайність смерті Френсіса Сандерса перевершила все, що Пірс коли-небудь бачив. Піднятий у повітря невидимою силою, нещасний злетів, а потім з шаленою силою вдарився об ґрати свого укриття. Пірс, не в змозі щось вдіяти, бачив, як ламалися кінцівки й тіло Сандерса безвладно падало на землю. Під час тривалої агонії детектив не побачив нічого, що могло б пояснити цей випадок. Ослаблений ранами та спогадами про хірургічні втручання, Пірс почав сумніватися у своїй здатності розрізняти реальність і кошмари, що його переслідують."
"[5101BF574C3D4B1825FEC19EFA2EF827]::E9FC787841454E28CE8930A4D96E5B83","The Death of Francis Sanders","Смерть Френсіса Сандерса"
"[53783308483DF26FBD8A6C86465C3B75]::723D1AB340F1ECECF01541A3190BB77E","Patient","Пацієнт"
"[5389110D45F64A83F5E36CA686DCDDBC]::0C4FA28A450BF42794BC89B9F08553BA","Is the Necronomicon endowed with its own conscience? While investigating the Hawkins mansion, Pierce came into contact with a residual image of the lost book. The work is so powerful that even the memory of it is enough for the detective to lose some Sanity. Pierce is not the only person to have read it: as he suspected, Sarah Hawkins also studied it.","Чи володіє «Некрономікон» власною свідомістю? Під час розслідування в маєтку Гокінсів, Пірс зіткнувся з залишковим образом втраченої книги. Це творіння настільки потужне, що навіть спогад про нього достатньо, щоб трохи погіршити Ментальний стан детектива. Пірс не єдиний, хто його читав: як він підозрював, Сара Гокінс також вивчала його."
"[5389110D45F64A83F5E36CA686DCDDBC]::CFB5CFF04355AEAB4D3F668D4AD63BF8","Sarah Hawkins’ Ritual","Ритуал Сари Гокінс"
"[53D3643943653CE7F179A3B5CBB0F1E8]::F13A13DA4026EB05776141902A5337EC","Darkwater’s Auction House is the favorite place of Darkwater’s crème de la crème. Since its renewal in 1914, most of the hosted auctions target antiquities and art collectors.<lf>The building has seen a rapid growth over the last ten years, and it draws many wealthy visitors on the summer season.<lf>The Auction House was originally owned by Charles Hawkins, on his early years as an art dealer. It was later sold to the town in 1913, when Hawkins temporarily moved to the mainland. Most of its proceeds now go to the renewal of the Harbor district and the local church.","Аукціонний дім Даркватера є улюбленим місцем місцевої еліти. З моменту його відновлення в 1914 році більшість аукціонів орієнтовані на колекціонерів антикваріату та арт-дилерів.<lf>Будівля швидко зросла за останні десять років і залучає багатих відвідувачів влітку.<lf>Аукціонний дім спочатку належав Чарльзу Гокінсу в його перші роки як арт-дилера. Пізніше його продали у власність міста в 1913 році, коли Гокінс тимчасово переїхав на материк. Більшість доходів зараз йде на відновлення району гавані та місцевої церкви."
"[53D3643943653CE7F179A3B5CBB0F1E8]::9CF1B3114DB14F477E799F87DA9D6F41","Darkwater's Auction House","Аукціонний дім Дарквотера"
"[54AE1325498C0768ACD30DBB04702666]::B88BE41A42293D61D435C4B57C649B79","Riverside Institute","Інститут Ріверсайд"
"[54E7FBF841AE3B19AC767E8977EA2555]::2875388947680F4473AE6B97FDE35207","In this volume there is mention of the beliefs of the Lost tribe. They worshiped an entity that spoke to them in their sleep. The whole tribe seemingly disappeared in a mass sacrifice to the glory of their deity.","У цьому томі згадується вірування Загубленого племені. Вони поклонялися сутності, що зверталася до них у снах. Увесь народ, вочевидь, зник у результаті масового жертвоприношення на славу своєму божеству."
"[54E7FBF841AE3B19AC767E8977EA2555]::8B230EAA4F7261BEDE599B862172344D","Diary of the pastor's wife, Volume 2","Щоденник дружини пастора, Том 2"
"[55DA7BE64866449B43E817BBA583E73A]::7961305C44192C38BA679AA8ADD5016B","This last opus deals with the history of modern medicine. With knowledge evolving very quickly since the beginning of the century, the contents of the book will prove to be obsolete in a few years.","Цей останній твір присвячений історії сучасної медицини. Зважаючи на швидкий розвиток знань з початку століття, зміст книги стане застарілим через кілька років."
"[55DA7BE64866449B43E817BBA583E73A]::F58964BE469C7279E23D8AB68521D2FF","History of Medicine in the XX Century","«Історія медицини XX-го століття»"
"[5627939649C9DFA0307849955B7B5E09]::4FCEA9A7437198EF38834FA83494B260","The Nameless Bookstore's burglar came through the door. A bit further, some knocked-over objects allow the trail to be followed into the back room. There, the mess next to the safe confirms the person's aim. However, there is no material evidence to support my hunch as to the identity of the burglar. Charles Hawkins did indeed appear to me, as well as the star symbol on the door of the safe. I can not determine if the presence of Sarah Hawkins in my projections is the result of the unconscious work of my mind, or whether it proves that the case obsesses me.","Грабіжник проникнув у «Безіменну книгарню» через двері. Трохи далі, кілька перевернутих предметів дозволяють слідувати по слідах у підсобку. Там, безлад поруч із сейфом підтверджує мету зловмисника. Однак немає матеріальних доказів, що підтверджують моє припущення щодо ідентичності грабіжника. Чарльз Гокінс дійсно з’явився переді мною як і зірковий символ на дверцятах сейфу. Я не можу визначити, чи присутність Сари Гокінс у моїх видіннях є результатом підсвідомої роботи мого розуму, чи доказ того, що ця справа цілковито опанувала мною."
"[5627939649C9DFA0307849955B7B5E09]::DE91B7EE47A74436D03CBF88C6AB6865","The burglary","Пограбування"
"[57825C1C40831FA2648E2CA858B3E7C6]::8DB9F8884C6B988996C4A5B0D38E1596","A crumple note mentionning some alcohol theft.","Зім'ята записка, в якій згадується крадіжка алкоголю."
"[57825C1C40831FA2648E2CA858B3E7C6]::3EA4715441925AF378AC9DAF6B8885DB","Cat knows about the thefts from her stock of liquor. She'll soon find out who it is, and I wouldn't like to be in his shoes.","Кет знає про крадіжки з її запасів алкоголю. Вона скоро дізнається, хто це, і я б не хотів бути на його місці."
"[57825C1C40831FA2648E2CA858B3E7C6]::29A6AD9F4E48404982AC1FB53390FF56","Scribbled note","Нашкрябана записка"
"[579FAD2C4DA22BE37A6373AE1E905D76]::35F640DD49F2F7C7D1BCC9A4A5CA41F5","This place... it shouldn't exist! <lf>The doors lead elsewhere! THE SYMBOLS MUST DISAPPEAR... A presence... The Shambler!<lf>I must get out.","Це місце... воно не повинно існувати!<lf>Двері ведуть хтозна-куди! СИМВОЛИ ПОВИННІ ЗНИКНУТИ... Присутність... Блукача!<lf>Я мушу вибратися."
"[582EEEE84235AE8357CA3DAF6839794E]::C2E2D25C4C9CD801F2B72496A174AA9C","They call it Leviathan. The beeing who has been talking to me since my arrival here. I was in my cell. He appeared and talked about Sarah Hawkins and how badly I wanted to see what she was up to. What has he done to me?","Вони називають це Левіафаном. Це істота, що говорить до мене з моменту мого прибуття сюди. Я був у своїй камері. Він з'явився і говорив про Сару Гокінс і про те, як сильно я хочу дізнатися, чим вона займається. Що він зі мною зробив?"
"[5881D3BC41E9F47CDD7EF9B0CD9FCCE1]::BD05035A4DA6B8AE6112B191783E4026","some sort of abandoned fish market... I can hear something...<lf>what's on the other side... is calling me?","Якийсь покинутий рибний ринок... Я чую щось...<lf>Щось на іншій стороні...  кличе мене?"
"[5881D3BC41E9F47CDD7EF9B0CD9FCCE1]::739B43B44B396771C7C22394C32E0F81","Get into the main room","Зайти в головну кімнату"
"[5881D3BC41E9F47CDD7EF9B0CD9FCCE1]::F0F0FCE749542DF16BC0E591432255F1","Sarah Hawkins… is she here?","Сара Гокінс... вона тут?"
"[5881D3BC41E9F47CDD7EF9B0CD9FCCE1]::186379EE4022AF4BC3EDEBB113E7D918","Find Sarah Hawkins","Знайти Сару Гокінс"
"[58E6BC674A152822B76315AE97D67335]::6EE384614B55C9057DA968BBB550C5C0","The Nameless Bookstore","«Безіменна книгарня»"
"[5A6E23754A3D4EA116C73FABB9432A0B]::DF10955A458BD084976C8382B0B24A19","28th October 1924<lf><lf>Too much stress damages nerve endings. <lf>I also noticed that the freshness of the flesh that is used greatly impacts the cognitive capacities of the subject treated. <lf><lf>In which case, this would explain why our last patient has no memory of his recent adventures. <lf>I must nevertheless remain vigilant in order to ensure that no resurgence endangers my research.","28 жовтня 1924<lf><lf>Занадто великий стрес пошкоджує нервові закінчення.<lf>Я також помітив, що свіжість м’яса, яке використовується, значно впливає на когнітивні здібності обробленого об’єкта.<lf><lf>У такому випадку це пояснює, чому наш останній пацієнт не пам'ятає про свої нещодавні пригоди.<lf>Я все ж повинен залишатися пильним, аби бути впевненим, що жодне «повернення» не поставило під загрозу мої дослідження."
"[5A6E23754A3D4EA116C73FABB9432A0B]::C8639F28484BCBC76A93C58EA9A88542","Report on experiment","Звіт про експеримент"
"[5A80CA4248663A5A0825C08D4D324137]::BE1D11A843729F2A26022CB264AA0981","If the evidence garnered in the Hawkins drawing room raises questions as to what became of the parents' bodies, the discoveries of Colden in the office of Fuller reinforce this conviction. Sarah Hawkins was moved from the crime scene, by none other that Dr Fuller. Even more significant, the director of the Riverside Institute obviously had a strong obsession with the artist. The content of the cylinders recorded by the doctor proves his interest in the young painter: summaries of psychoanalysis sessions as well as blood tests confirm the fact. In one of the cylinders, Fuller clearly states that he has hidden the body and the personal effects of one of his patients.","Якщо докази, зібрані у вітальні Гокінсів, викликають питання щодо того, що сталося з тілами батьків, то знахідки Колден у кабінеті Фуллера лише зміцнюють це переконання. Сару Гокінс було перенесено з місця злочину самим доктором Фуллером. Ще більш значущим є те, що директор Інституту Ріверсайд явно мав сильну одержимість цією художницею. Зміст циліндрів, записаних докторем, доводить його інтерес до молодої художниці: резюме сеансів психоаналізу та аналізи крові підтверджують цей факт. В одному з циліндрів Фуллер чітко заявляє, що сховав тіло та особисті речі одного зі своїх пацієнтів."
"[5A80CA4248663A5A0825C08D4D324137]::C51C9B104F9571A14758E68BBFA08852","Fuller's notes","Записи Фуллера"
"[5AD9CEDE46A3DAA297A84E82BBE4FED7]::EF6F1EE04E27C1C85EDCF7A44D2DBD84","Patient","Пацієнт"
"[5AEBB82E4B0258EFF94A38AA3E430062]::ECA56E584DA6D342D2675AB58F8BA7A4","A prescription for barbiturates, signed by Dr. Fuller.","Рецепт на барбітурати, підписаний доктором Фуллером."
"[5AEBB82E4B0258EFF94A38AA3E430062]::DC811DA4491A8AABFEA69BB765090DD2","Prescription","Рецепт"
"[5B2E90134C71D212F86E62991286A687]::8C489A9443005792219C6EB3FB40EF5E","It is a kind of encyclopedia of monstrous and unknown creatures. I'm beginning to believe that they exist...","Це своєрідна енциклопедія монструозних і невідомих істот. Я починаю вірити в те, що вони існують..."
"[5B2E90134C71D212F86E62991286A687]::BB9541354D01226AB969D9B825A606D2","Malleus Bestiarum, Volume 2","«Молот відьом. Том 2»"
"[5B3FD9254C75C184D69380A370722348]::AE03152A4FA6F647E2785B8A313D8E17","Drake thinks that Charles Hawkins has hidden an amulet in the mansion that is able to protect Sarah Hawkins. Apparently, the symbol that is engraved upon it has influence over the powers that threaten her. If it's true, I must get my hands on it.","Дрейк вважає, що Чарльз Гокінс сховав амулет, що може захистити Сару Гокінс, у маєтку. Ймовірно, символ, що вигравіруваний на ньому, має вплив на сили, які загрожують їй. Якщо це правда, я мушу його отримати."
"[5B3FD9254C75C184D69380A370722348]::9883406140CE2A45A318328C9AEF7B92","Find the amulet","Знайти амулет"
"[5B3FD9254C75C184D69380A370722348]::A042713047FDE08118273C8DB8B80631","A second drawing. Does it lead to the amulet?","Другий малюнок. Невже він веде до амулета?"
"[5B3FD9254C75C184D69380A370722348]::9CF684AE458DA7838759D1B4D475392C","Find the still-life","Знайти натюрморт"
"[5B3FD9254C75C184D69380A370722348]::7E2DAF8544A3A0B1FAC2E8825A07D075","The drawing leads to the amulet. Where have I seen this bust?","Малюнок веде до амулета. Десь я вже бачив цей бюст?"
"[5B3FD9254C75C184D69380A370722348]::CEC7E3114D160AF77CA1079464DD89AD","Find the bust","Знайти бюст"
"[5B3FD9254C75C184D69380A370722348]::FAF932354CF9726C170D9592089A1D7E","SARAH HAWKINS IS ALIVE!<lf>After Colden, everything is mixed up... The corridors grow longer...<lf>There was this voice, and all this blood coming out of abandoned cells. I followed it... She is here. <lf>She isn't dead?","САРА ГОКІНС ЖИВА!<lf>Після Колден усе змішалося... Коридори стають дедалі довшими...<lf>Було чути голос, і з покинутих камер текла кров. Я пішов за нею... Вона тут.<lf>Вона не мертва?"
"[5B3FD9254C75C184D69380A370722348]::8E3A05BD4AB97C39C10BFDAA127125FE","Get Sarah Hawkins out","Вивести Сару Гокінс звідси"
"[5B3FD9254C75C184D69380A370722348]::2DE4463A444E78BE3169DD8C58317839","I have the amulet!<lf>This symbol... It's the same as the one on the dagger, in Sanders' cell. Drake's safe! The Elder Sign.<lf>It is powerful. <lf>We might make it. I must show it to Drake.","Я здобув амулет!<lf>Цей символ... Такий самий, як на кинджалі в камері Сандерса. Сейф Дрейка! «Знак Старійшини».<lf>Він потужний.<lf>Можливо, ми впораємося. Я маю показати його Дрейку."
"[5B3FD9254C75C184D69380A370722348]::223F8136480AF4CFDB503BA708C54951","Show the amulet to Drake","Показати амулет Дрейку"
"[5B3FD9254C75C184D69380A370722348]::4998DE8B41B11503CAC663B79E6A19A9","Find Dr Colden","Знайти докторку Колден"
"[5B3FD9254C75C184D69380A370722348]::140682FF4D3A4BD3A7D38481A19C8F30","She won't leave Darkwater. Not before having killed the Shambler. <lf>This is madness!<lf>Drake might know something; he spoke about protecting her. He's waiting for me in Charles Hawkins' office.","Вона не полише Дарквотер. Допоки не вб’є Блукача.<lf>Це божевілля!<lf>Дрейк, можливо, щось знає; він говорив, що хоче захистити її. Він чекає на мене в кабінеті Чарльза Гокінса."
"[5B3FD9254C75C184D69380A370722348]::59EA72E7448AC0EBB337E692A467DCC3","Talk to Algernon Drake","Поговорити з Алжерноном Дрейком"
"[5B3FD9254C75C184D69380A370722348]::2A51E7754C5FAEBEC55DA987CEB88CF2","What does she really know? What have they done to her?<lf>Her husband said that she was dangerous. <lf>Sarah Hawkins… She looks crazy. <lf>Like me?","Що вона насправді знає? Що з нею зробили?<lf>Її чоловік казав, що вона небезпечна.<lf>Сара Гокінс... Вона виглядає божевільною.<lf>Як і я?"
"[5B3FD9254C75C184D69380A370722348]::D411F7AD43DFCEA07F3AF39AADAF94F2","Question Sarah Hawkins","Допитати Сару Гокінс"
"[5B464BF94DDFB79EF293D88895DD678B]::855E6D3241900A564AB55798BF09A067","This amulet is engraved with the Elder Sign. Drake calls it the Key of R'lyeh. He firmly believes that this artifact is of great power.","Цей амулет вигравіруваний «Знаком Старійшини». Дрейк називає його «Ключем Р’льєху». Він твердо вірить, що цей артефакт має велику силу."
"[5B464BF94DDFB79EF293D88895DD678B]::88ABEB064F8F28F576D929869C5F7D0C","R'lyeh Key","«Ключ Р’льєху»"
"[5B72D33F493BB324DF3F349FE2E93626]::ADB20E8B416C537B932894B72F5AE355","It is the work of a student in book form. Although the observations are relevant, they lack the expertise of an experienced physician. However, the questions asked allow us to imagine new ways of exploring human anatomy.","Це робота студента у формі книжки. Хоча спостереження доречні, їм бракує досвіду кваліфікованого лікаря. Проте поставлені запитання дозволяють уявити нові шляхи вивчення анатомії людини."
"[5B72D33F493BB324DF3F349FE2E93626]::307C46FB4093024E78D27A86ED347F60","Dissertation on an Anatomical Question","Дисертація на анатомічну тему"
"[5BA6754C480EC55F9F3FE3B28A54A613]::96A898184AA8E49F3321D795C7BCB387","Charles, Sarah and Simon Hawkins have been laid to rest in the garden of the mansion. A strange decision, especially as they are the only members of the Hawkins family to be buried there. A lit hurricane lamp has been left close by. Somebody came this way just before us.","Чарльз, Сара та Саймон Гокінси були поховані в саду маєтку. Дивне рішення, зважаючи на те, що вони — єдині члени родини Гокінсів, поховані тут. Поряд лишили запалену гасову лампу. Хтось щойно побував тут перед нами."
"[5BDDDAB1462AE509BB6139A1B0C2A44A]::CCFD814B42790A3BCBE9FB8856555A19","Chapter 2","Розділ 2"
"[5C6ECB9E41B8C45906BB50BC7926583F]::1B6ADC214523691EF62E08906061A083","New clue memorized","Новий зачіпку запам’ятовано"
"[5C6ECB9E41B8C45906BB50BC7926583F]::788B1B3B4E4F6AB174A63683AB4A6EF4","New key item obtained","Отримано новий ключовий предмет"
"[5C6ECB9E41B8C45906BB50BC7926583F]::9FCFAA934F0D3DE1CF832883BF4F7087","New key item obtained","Отримано новий ключовий предмет"
"[5CA264464B4DECF6F27FCCBB9364F251]::460BEA8947527F084686C785869DF763","Sanders residence","Резиденція Сандерсів"
"[5D30595343ED16AA143B98BDF5FD6FD1]::562DABC243804CE9D8316A8058350337","Keeping in shape is a matter of survival in your line of work.","Підтримка фізичної форми — це питання виживання у твоїй роботі."
"[5D30595343ED16AA143B98BDF5FD6FD1]::E0144C1D4242A7435B6B36A25572D05D","Athleticism","Атлетизм"
"[5E52581C42D1EA750DBEC08C20E11374]::23108F514E0A3C6E662D65ABE7448AB4","Enter","Увійти"
"[5E89DB33451926AA9E7F1B8DE8907A76]::0E2CCBD741A14B131823BB8CE733EDE6","Increase your lamp’s brightness by pressing","Щоб підсилити світіння вашої лампи, натисніть:"
"[5E89DB33451926AA9E7F1B8DE8907A76]::CABB2A8C414B28E765507D9C3ABB050F","Increase brightness","Підсилити світіння"
"[5EE61B944F138F50BDCC66919C9A7288]::6AE1705249D4D83F759F5C86FE4A6B5F","Visitor","Відвідувач"
"[5F9C870A4A0B6E037AEC1A8EC397A947]::E7FDB1AC4675EE9F372047807A7D6A2A","It is in Francis Sanders' private gallery that Pierce discovers the identity of the Shambler: a huge artwork painted by Sarah Hawkins. When Pierce approached it, a creature burst forth from the painting and immediately chased after him. This beast from another dimension has such a hold on the mind of a person who finds himself in its presence, that a simple glance in its direction is enough for Pierce to lose some Sanity. Pierce finally managed to send the Shambler back into the painting, using a dagger engraved with a strange symbol. But this encounter has left its mark on the psyche of the investigator: still under the influence of the creature, he almost stabbed his own hand.","Саме в приватній галереї Френсіса Сандерса Пірс дізнається про «Блукача»: величезну картину, намальовану Сарою Гокінс. Коли Пірс наблизився до неї, з картини вирвалося створіння й хутчіш кинулося на нього. Ця істота з іншого виміру має таку силу над розумом того, хто опиняється поруч, що одного погляду в її бік достатньо, аби Ментальний стан Пірса трохи погіршився. Пірсу вдалося відправити Блукача назад у картину, використовуючи кинджал, на якому був вигравіруваний дивний символ. Але ця зустріч залишила відбиток на психіці детектива: все ще під впливом істоти, він ледь не поранив свою руку."
"[5F9C870A4A0B6E037AEC1A8EC397A947]::5540700E4A22D2865409B3AA64DFD4E1","Meet the Shambler","Зустріч із Блукачем"
"[5FA894FA4A941EA88A5F80BF187471E8]::21A4B31946B0A8718936318FB7CB7785","Old Silas Winchester haunts the property of his old masters, ready to use his ax on the first person he meets. He'd have chased me off, or cut me to pieces, if I hadn't been able to calm him down. Nevertheless, I did manage to convince him to give me the key to the tradesman's entrance.","Старий Сайлас Вінчестер блукає маєтком своїх колишніх господарів, готовий пустити в хід сокиру проти першого зустрічного. Він би або вигнав мене, або порубав на шматки, якби я не зміг його заспокоїти. Проте мені вдалося переконати його віддати мені ключ від службового входу."
"[5FCFD2754C91F168BA9BF38523A267D3]::CD85C9CC4C52982B8AB2D5A8F893B291","Charles Hawkins scribbled a kind word to his wife.","Чарльз Гокінс нашкрябав кілька ніжних слів для своєї дружини."
"[5FCFD2754C91F168BA9BF38523A267D3]::F5EE9D1E4EE0C7C4342C70B8F91AE30F","Sweet nothings","Теплі слова"
"[600FC8A84273D60E870665897128EFED]::A85318B94CF3FA7ABDE1AB9247D2C422","The Shambler is much more than a painting. Something happened in Sanders' gallery. I don't think that I'm still affected by the Riverside Institute gases, so what happened could not have been a hallucination. A monstrous creature came out of Sarah Hawkins' painting. It chased me all around the gallery. I managed to send it back by stabbing the painting with a dagger bearing a motif I know. Am I losing my mind?","«Блукач» — це значно більше, ніж просто картина. Щось сталося в галереї Сандерса. Не думаю, що я досі під впливом газів Інституту Ріверсайд, тож те, що трапилося, не могло бути галюцинацією. Із картини Сари Гокінс вилізла потворна істота. Вона гналася за мною по всій галереї. Мені вдалося повернути її назад, встромивши кинджал зі знайомим мені орнаментом прямо в картину. Я божеволію?"
"[601E8AB64AD9A3DD953BD094360C3B5C]::6AC1EF5944671B37074A4B89F7AA49F0","It is strange to see this kind of lamp in a mansion. It's still hot, it might have been used recently.","Дивно бачити таку лампу в маєтку. Вона ще тепла — схоже, її нещодавно використовували."
"[601E8AB64AD9A3DD953BD094360C3B5C]::23F2116242FE5D907CED55AF46E30026","Old hurricane lamp, still working. I've just got to be careful; it burns a lot of oil.","Стара гасова лампа, все ще працює. Потрібно бути обережним — вона споживає чимало палива."
"[601E8AB64AD9A3DD953BD094360C3B5C]::FA1B82F8439B66DB654E3AAE440EE189","Hurricane lamp","Гасова лампа"
"[612AC3E34AD20C3764B6EAA9443EBA1C]::008719454334358DA49F04B3940C5C27","These are the last entries of the pastor's wife. Her husband ordered his faithful to come together for a final ceremony in the honor of Leviathan. She fears that the pastor will ask them to sacrifice themselves to this abomination. She tried to escape. This is probably why her body was found in a cave under the mansion.","Це останні записи в щоденнику дружини пастора. Її чоловік наказав своїм вірянам зібратися на фінальну церемонію на честь Левіафана. Вона боялася, що пастор змусить їх принести себе в жертву цій потворній істоті. Вона спробувала втекти. Ймовірно, саме тому її тіло знайшли в печері під маєтком."
"[612AC3E34AD20C3764B6EAA9443EBA1C]::47AD21BF48067B3EBF38FE8F2C747641","Diary of the pastor's wife, Volume 5","Щоденник дружини пастора, Том 5"
"[617C9A9D4AB8932B973152A511787515]::4C91CE1545085D3FB358049F7B8DA021","Secondary objectives","Другорядні завдання"
"[620394B94CF77C80FDABA38F20946A5D]::0453686C41344513C89B178D48C20941","A strange amulet. The pendant is in the shape of a large dog. I don't know what it represents. I might find out more by searching the bookstore.","Дивний амулет. Кулон у формі великого пса. Не знаю, що він означає. Можливо, дізнаюся більше, якщо пошукаю в книгарні."
"[620394B94CF77C80FDABA38F20946A5D]::95B087AD40D382408895A08DF0E504E9","Amulet in the shape of a dog","Амулет у формі пса"
"[6300D1A14CFC5F592730E28B620EBF89]::0271AE274E392991A4038094F154F4CD","I found this rosary in one of the cells in the cellars of the Riverside Institute. Its representation of the Virgin looks like nothing I have ever seen","Я знайшов цей розарій в одній із палат у підземеллях Інституту Ріверсайд. Його зображення Діви Марії не схоже ні на що, що я бачив раніше."
"[6300D1A14CFC5F592730E28B620EBF89]::D97F78AB43623A54DACF19928E74F55B","Rosary","Розарій"
"[638973B540FB13538496728A9790D9B1]::20CF6F9143019AC08EFF779C839A0067","I found these sleeping pills in the Sanders house. Were they prescribed to Francis Sanders, or to Irene?","Я знайшов ці пігулки в будинку Сандерсів. Їх виписали Френсісу Сандерсу чи Ірен?"
"[638973B540FB13538496728A9790D9B1]::87BD5A6F4CB8D54888E4E4A1DC4E14DA","Sleeping pills","Снодійне"
"[6405C4144180615B08CA0EABD6B46D69]::DFDDFF11437E5EF493BD7184A5D8CAF0","Wait","Зачекати"
"[6437B66F4A5F723A1DC541AA7C04D41A]::A6456C7B4F1BD20EC9490EB941F63A68","This practical work, written by Sigmund Freud for psychologist, describes the techniques of analytical interpretation of dreams.<lf>The analysis must follow several rules, especially that of free association, a principal announced by Freud at the end of the 19th century. It treats dreams as a way of revealing buried desires. <lf>I can not believe that this theory is applicable to my nightmares.","Цей практичний посібник, написаний Зиґмундом Фройдом для психологів, описує методики аналітичного тлумачення сновидінь.<lf>Аналіз має дотримуватися низки правил, зокрема вільних асоціацій — принципу, який Фройд сформулював наприкінці 19-го століття. Сновидіння розглядаються як спосіб виявлення прихованих бажань.<lf>Я не можу повірити, що ця теорія застосовна до моїх кошмарів."
"[6437B66F4A5F723A1DC541AA7C04D41A]::9805448E4D0C4AC6D96C5DBC6BC730E8","The Interpretation of Dreams","«Тлумачення сновидінь»"
"[643CDFB6428DF24B40E128824DDAA8C1]::E05F13C54C4DA8F9D93CD78204B706EC","In the little boy’s room, an abandoned book on the bed  and toys scattered on the ground talk about the everyday life of a normal family. But the disturbing drawings and the sleeping pills raise suspicions that even Simon Hawkins may have been suffering from mental illness. Was the boy able to see things, like her mother pretended to be?","У кімнаті хлопчика покинута книга на ліжку та розкидані на підлозі іграшки свідчать про повсякденне життя звичайної родини. Але тривожні малюнки й снодійне викликають підозри, що навіть Саймон Гокінс міг страждати на психічний розлад. Чи міг хлопчик бачити щось... як це, за її словами, робила його мати?"
"[643CDFB6428DF24B40E128824DDAA8C1]::CA4B607A4E76E06CCBF653B266DD710A","The boy’s room","Кімната хлопчика"
"[64B6F222429D9F1E6D21BB9F371F3D38]::4938083E4D9688D5D032278D70B5489C","It would seem that the world has forgotten the very existence of this isolated rock off the coast of Boston. It is a small, inhospitable island, whose coastline is made up of steep cliffs and sharp reefs, and with only one outlet to the sea. It is mainly inhabited by the descendants of whalers who set up a supply post there in the 1800s. It was hit severely by the collapse of this activity. I think that the only venture on the island that is still profitable is its medical institute.","Здається, світ геть забув про саме існування цього віддаленого уламка суші біля узбережжя Бостона. Це невеликий, не дуже гостинний острів, берегова лінія якого складається з крутих скель і гострих рифів, з єдиним виходом до моря. Переважно його населяють нащадки китобоїв, які заснували тут пункт постачання ще в 1800-тих. Острів сильно постраждав після занепаду китобійного промислу. Здається, єдиним прибутковим підприємством тут залишився медичний Інститут."
"[64B6F222429D9F1E6D21BB9F371F3D38]::656EF1194B86F8655DF1FE8CC3076CAA","Island of Darkwater","Острів Дарквотер"
"[66040BE8487C640C83E094819080F573]::695D84A745FB982B82A217A77B5298BB","Sarah Hawkins has read the Necronomicon! Was she haunted by the book? She must have looked in it to find a way to get rid of the Shambler... Each time this woman gets close to the occult, a catastrophe occurs. I don't know if she really has any power, but I must shelter her from all this madness.","Сара Гокінс читала «Некрономікон»! Невже її переслідувала ця книга? Вона, напевно, шукала в ній спосіб позбутися Блукача... Кожного разу, коли ця панянка наближається до чогось окультного, стається катастрофа. Не знаю, чи має вона якусь справжню силу, але я мушу захистити її від усього цього божевілля."
"[66BCE4F94C62BA347B73A8A8CFC89D95]::6251BD1B4F6FE1553BC14FA05284AC02","Every Tuesday morning, half of town gathers to Darkwater’s main square to attend the Fish Market.<lf>Along with the Bar, the Market is one of the best places in town for those who wish to hear latest rumors and meet the locals.<lf>Once solely intended to fish trade, the Market Square is today a place of exchange for all kinds of general goods. It’s also home to illegal vendors selling smuggled cigarettes and imported goods for good prices.<lf>Over the last few years, smuggling increased due to the bottlenecked importation of essential goods, whose prices got inevitably inflated.","Щовівторка зранку половина міста збирається на головній площі Дарквотера, щоби відвідати Рибний ринок.<lf>Разом із баром, ринок — одне з найкращих місць у місті для тих, хто хоче дізнатися останні чутки або поспілкуватися з місцевими.<lf>Колись призначена винятково для торгівлі рибою, сьогодні Ринкова площа — це місце обміну всілякими товарами. Тут також працюють нелегальні торговці, що збувають контрабандні сигарети та імпортні речі за вигідними цінами.<lf>Останніми роками масштаби контрабанди зросли через труднощі з імпортом необхідних товарів, ціни на які неминуче злетіли."
"[66BCE4F94C62BA347B73A8A8CFC89D95]::F5E39A3345C5D826DFB923BA8D183563","The Market Square","Ринкова площа"
"[66C9FB74437B6911AD0A04AF90089CEF]::B12DD2314F4860674028889D5FBC8F39","Nurse","Медсестра"
"[67828A66455194A1DE567D9C2780F8A0]::6D6283DF41F6032FF0E9E99F3DEB3CAC","Freight manifest of Darkwater Harbor found at the Harbor Master's Office.","Вантажна накладна порту Дарквотер, знайдена в кабінеті портового майстра."
"[67828A66455194A1DE567D9C2780F8A0]::A7200001469D5B201952129BDF5F5A94","Only a few dates are still legible: 1890, 1907 and a partial date. The rest of the document is blacked out. Who would want this information to be hidden?","Кілька дат ще можна розібрати: 1890, 1907 і якась часткова дата. Інша частина документа зафарбована. Хто б міг захотіти приховати цю інформацію?"
"[67828A66455194A1DE567D9C2780F8A0]::BDFAD7A945C5B9C5E54F54887B7E7DF1","Manifests","Накладні"
"[688BC2854E78B353DE72B8857A0980D9]::42806B854007FD8CF064739DDD3E5360","Drake will help me in my investigation. He'll meet me in the Hawkins mansion after gathering up his things. In the meantime, I've got to save Colden.","Дрейк допоможе мені в розслідуванні. Він зустрінеться зі мною в маєтку Гокінсів після того, як збереться. Тим часом мені потрібно врятувати Колден."
"[68F607354AB3E116F7BD43A7B5B456C7]::67C1FDAA4D6DC007FDCA059AD9910ECB","View the character sheet","Переглянути інформацію про персонажа"
"[6958B33C47D1E1A1E464FD8EBD3EFD56]::C25CCD3749FAE059EAF8A2A572BFC22B","Old fisherman","Старий рибалка"
"[69D367954BB66C4146E774917BC0CD8F]::CEB582104119D700825A758B4D031783","Bootlegger","Бутлеґер"
"[6A079FA648E6A49CB8C2A38FE2B80A8D]::A1594EE14D8E7306032EE791D8838094","Automatic","Автоматично"
"[6A079FA648E6A49CB8C2A38FE2B80A8D]::D195E7A64015521DD74C73B86427720E","Easy","Легко"
"[6A079FA648E6A49CB8C2A38FE2B80A8D]::17AC609A4C714FEE60E3D8958DEEDF42","Difficult","Важко"
"[6A079FA648E6A49CB8C2A38FE2B80A8D]::F96AFE8B47E026BBFE7752A829B00C22","Impossible","Неможливо"
"[6A079FA648E6A49CB8C2A38FE2B80A8D]::164DFE204AB1BA35AD2AAA9BB57ED2B3","Normal","Нормально"
"[6B409DC74EEE4FA8481F84938EA1E66F]::7B86C64F48E1A4069754F1AFC385AF4D","I lied to Bradley about Colden. But he knows.","Я обдурив Бредлі щодо Колден. Але він знає."
"[6BEB944A4763A7FD2B14E4A8102912BD]::8D8B14894D14276EB3896FA54AAC5BAB","This heavy tome, the first in a series of three volumes, is the bedside book of every experienced practitioner. It contains all the recent advances in modern medicine. It is frequently found in the libraries of major medical universities. It is surprising to discover a copy in such an isolated place as Darkwater.","Ця важка, немов брила, книга — перший том з трилогії, що лежить на столику в кожного досвідченого лікаря. Він містить усі останні досягнення сучасної медицини. Його часто можна знайти в бібліотеках великих медичних університетів. Дивно знайти копію в такому ізольованому місці, як Дарквотер."
"[6BEB944A4763A7FD2B14E4A8102912BD]::8F6A5ABC4F0C9C02F3259BA3F2D3B872","Breviary of Medicine, Tome I","«Бревіарій медицини. Том І»"
"[6CB8E2504C411A2DAB84C9901D31881E]::FEF68F92488F8067BD2444B87D8D6E85","Guard","Охоронець"
"[6CC785CC4B07F526E63C6F94F5F31D61]::0C5B4DE945C73AF239DB98ADFFC9BD0D","Newspaper article on a so-called « miraculous catch ».","Стаття в газеті про так званий «Дивовижний улов»."
"[6CC785CC4B07F526E63C6F94F5F31D61]::619CBE5D4E17A9EDF950AF823A6CF945","THE CHANTEY<lf><lf>21st May1847<lf><lf>MIRACULOUS CATCH!<lf><lf>The Scylla returns to port to save Darkwater from famine<lf><lf>We had given up hope. The crew of the Scylla – or what remains of it – returned to Darkwater port late on Tuesday afternoon. The locals immediately rushed to the docks to welcome the last whaling ship on the island. People were amazed at the sight of the unbelievable catch the brave vessel had on board!<lf><lf>Of a size that went beyond that of the formidable toothed whales, the cetacean that is already being called the ""Miraculous Catch"" covered the whole deck and parts of it were hanging over the side of the ship. <lf><lf>The surviving sailors told a frightening account of their perilous catch... But also of its meat, unmatched in its quality and plentiful nutritious benefits.<lf><lf>There is no doubt that the immense size of this whale will allow numerous inhabitants of Darkwater to feed themselves, bringing an end to the famine from which part of the island was suffering.<lf><lf>WAREHOUSE FOR RENT<lf><lf>Mr Marks is putting his warehouse up for rent from June, for fishing, workshop or storage activities. You can contact him via your favorite newspaper or visit him on the docks.<lf><lf>SPECIAL EVENING AT THE STRANDED WHALE<lf><lf>To celebrate the return of our brave whalers, all the staff of The Stranded Whale invite you to an exceptional, and free, tasting event! Come with your family, or with friends, to taste the Miraculous Catch! Each person will leave with a bottle of oil, so don't hesitate!","ЧЕНТІ<lf><lf>21 травня 1847 року<lf><lf>ДИВОВИЖНИЙ УЛОВ!<lf><lf>«Сцилла» повертається до порту, аби врятувати Дарквотер від голоду<lf><lf>Ми вже втратили надію. Екіпаж «Сцилли» — або те, що залишилося від нього — повернувся в Дарквотерський порт пізно у вівторок вдень. Місцеві одразу ж ринули до доків, аби привітати останнє китобійне судно на острові. Люди були приголомшені виглядом неймовірного улову, що перебував на борту сміливої «Сцилли»!<lf><lf>Розміри цієї китоподібної істоти, що вже отримала ім’я «Дивовижний улов», перевищували навіть зубастих китів. Тварина займала всю палубу, і частини її випирали за борт судна.<lf><lf>Вцілілі моряки розповіли жахливу історію про небезпечний улов... Але також і про його м'ясо, яке не має собі рівних за якістю та численними поживними властивостями.<lf><lf>Немає сумнівів, що величезні розміри цього кита дозволять численним мешканцям Дарквотера наїстися, поклавши кінець голоду, від якого страждала частина острова.<lf><lf>СКЛАД ДЛЯ ОРЕНДИ<lf><lf>Пан Маркс здає в оренду свій склад з червня для риболовних, виробничих чи складських потреб. Зв'язатися з ним можна через вашу улюблену газету або відвідати його в доках.<lf><lf>СПЕЦІАЛЬНИЙ ВЕЧІР У «КИТІ, ЩО СІВ НА МІЛИНУ»<lf><lf>Щоб відсвяткувати повернення наших відважних китобоїв, весь персонал «Кита, що сів на мілину» запрошує вас на неймовірну і безкоштовну дегустацію! Прийдіть з родиною чи друзями, щоб скуштувати Дивовижний улов! Кожен учасник отримає пляшку топленого жиру, тож не вагайтеся!"
"[6CC785CC4B07F526E63C6F94F5F31D61]::4EBCFA254997A8B79EE411B44B895667","Article on the ""Miraculous Catch!","Стаття про «Дивовижний улов»!"
"[6D2DA7D0442F3A1D9D40658C914A0E11]::98222A454DE1C8144AF35583D10D325E","Whaling guard","Сторожовий китобійні"
"[6D71006B498827CFD52C95BC06817374]::2F1D1C514987DC6C044EB681D83AB2FC","Dear Francis, <lf><lf>I beg you to give up all hope of ever owning this accursed painting. If our friendship has any meaning for you, please spare me the weight of guilt. I can not be the architect of your fall. I beg you, my dear friend, forget the Shambler. <lf><lf>Your friend, Sarah Hawkins","«Любий Френсіс,<lf><lf>Прошу тебе пуститися всіх надій, щоб коли-небудь мати цю прокляту картину. Якщо наша дружба має для тебе хоч якийсь сенс, будь ласка, звільни мене від тягаря провини. Не хочу бути тою, хто приведе тебе до загибелі. Прошу тебе, мій друже, забудь про «Блукача».<lf><lf>Твоя подруга, Сара Гокінс"
"[6D71006B498827CFD52C95BC06817374]::1F1587514AF28C0176B60D99F5EBCA29","Letter by Sarah Hawkins","Лист від Сари Гокінс"
"[6D8C49A24A3A9AFB02BACEA10661EA13]::77DAD02044C58F5BC07F81A41E01F6C4","Shoot","Стріляти"
"[6D8C49A24A3A9AFB02BACEA10661EA13]::6D5E1B8E4C5D8719B80EEDAD38B0BD8F","Main menus","Головне меню"
"[6D8C49A24A3A9AFB02BACEA10661EA13]::FAF119974AA35110398215AF617C26E4","Access diary","Розгорнути щоденник"
"[6D8C49A24A3A9AFB02BACEA10661EA13]::554722CC4CFFDEA0228369B87073E36D","Next light","Наступне джерело світла"
"[6D8C49A24A3A9AFB02BACEA10661EA13]::2CD52EF74E43DC5A0159A8A193D9929C","Previous light","Попереднє джерело світла"
"[6D8C49A24A3A9AFB02BACEA10661EA13]::CC6885C641E413540B740E8FA2CA6CD2","Move","Рухатися"
"[6D8C49A24A3A9AFB02BACEA10661EA13]::2D551FEB4AF67DCE7C65D89352A03AC1","Lean right","Нахилитися праворуч"
"[6D8C49A24A3A9AFB02BACEA10661EA13]::DE573A9547942C207F6B87AA1D01600E","Take out / Put away light","Вийняти / сховати джерело світла"
"[6D8C49A24A3A9AFB02BACEA10661EA13]::4DC381E24F70CA751CFF108648640AA2","Crouch","Пригнутися"
"[6D8C49A24A3A9AFB02BACEA10661EA13]::3026BDBA487981D5B952E49E816DEEA7","Interact / Shoot","Взаємодіяти / Підсилити світіння"
"[6D8C49A24A3A9AFB02BACEA10661EA13]::E713BCA04F71C81389CA1EAA2B74BB6A","Look","Повертати камерою"
"[6D8C49A24A3A9AFB02BACEA10661EA13]::5FD115014334ED93D7884E942BFA4B79","Run","Бігти"
"[6D8C49A24A3A9AFB02BACEA10661EA13]::0D92394D4AAE239E0544AB8C1E4529C1","Lean left","Нахилитися ліворуч"
"[6D8E0A04426B24EBF468C1BC9500F366]::C2970A814A53C049E2F6C0B9FB966262","Police station","Відділення поліції"
"[6D9FA4FB4BF0C0FFB5575CA268285E21]::6C21878C41F7DB7BE87DB5997901E15D","This collection of medical knowledge and health practices in the 18th century, actually only covers the so-called civilized countries. It does not deal with the influence of holistic medicines or medicines from continents considered inferior.","Ця збірка медичних знань і практик лікування XVIII століття насправді охоплює лише так звані цивілізовані країни. Вона не розглядає впливу цілісної медицини чи ліків із континентів, які вважаються нижчими."
"[6D9FA4FB4BF0C0FFB5575CA268285E21]::281F8A9C49DEBCA93490AE8CBFAC832B","History of Medicine in the XVIII Century","«Історія медицини XVIII століття»"
"[6F10176946017B18DA38C39F9FC19837]::E57D1E2A4A799E116442819D1D4F2D5E","This file contains all the documents that Stephen Webster was able to gather on the death of his daughter, the painter Sarah Hawkins. There's not much","Ця справа містить усі документи, які Стівен Вебстер зміг зібрати щодо смерті своєї доньки, художниці Сари Гокінс. Їх не так вже й багато."
"[6F10176946017B18DA38C39F9FC19837]::A601700B4506649A7E6BC58C4B2844D5","A shipping label<lf>Some of it is unreadable, but I can make out part of the address: ""Warehouse 36, Darkwater"".<lf><lf>The police report<lf>It says that the fire started in the dining room and claimed the whole family. The police decide on a domestic accident but they, nevertheless, insist on Sarah Hawkins' mental frailty. Why?<lf><lf>A press cutting<lf>An article written about the marriage of Sarah and Charles Hawkins, a businessman from the island of Darkwater. They live a recluse life there with their only son, Simon.","Транспортна етикетка<lf>Частину неможливо прочитати, але я бачу адресу: «Склад 36, Дарквотер».<lf><lf>Поліцейський звіт<lf>У ньому сказано, що пожежа почалася в їдальні та забрала всю родину. Поліція визнала це нещасним випадком у побуті, проте наполягає на психічній нестабільності Сари Гокінс. Чому?<lf><lf>Газетна вирізка<lf>Стаття про шлюб Сари та Чарльза Гокінса, бізнесмена з острова Дарквотер. Відтоді вони живуть там усамітнено зі своїм єдиним сином Саймоном."
"[6F10176946017B18DA38C39F9FC19837]::8E82136C45A1BD79B701E789389FF958","File on the Sarah Hawkins case","Документи по справі Сари Гокінс"
"[70EC43394C220A60D10D08BA49CE339E]::E078EA5E48B936B23619809E8D3A27BB","Officer Bradley drove us along the cliffs of Darkwater, to the Hawkins mansion. The huge house, set on the edge of a steep summit, looks onto the lighthouse.","Офіцер Бредлі провів нас уздовж скель Дарквотера до маєтку родини Гокінсів. Величезний будинок стоїть на краю крутого обриву обличчям до маяка"
"[7106E3E64447398A2C4840904C1DF5D2]::D239B66346A487B4744674B6B3D76CB4","Cat saw Sarah Hawkins! She too! She was on the docks…with Fitzroy?<lf>I must get out of here! They're all crazy outside!","Кет бачила Сару Гокінс! Вона теж! Вона була на причалі... з Фіцроєм?<lf>Мені треба вибиратися звідси! Усі там — божевільні!"
"[715AB82F4C71E505229A90B5F98004ED]::2ABE18FB4BEC111E632B80AE0EC2FA62","In this photograph, Charles Hawkins and Captain Fitzroy are posing with a third man. They seem close.","На цій світлині Чарльз Гокінс і капітан Фіцрой позують із третім чоловіком. Схоже, вони в тісних стосунках."
"[715AB82F4C71E505229A90B5F98004ED]::81B597824CC20454E5EBE1949D6EBB40","Photograph of Charles Hawkins and Fitzroy","Світлина Чарльза Гокінса та Фіцроя"
"[7191DEF04E24688C4455E8A6CAB55027]::42725AE243462EE24FE363B93F83A891","You have developed a new phobia: Claustrophobia.","У вас розвинулася нова фобія: клаустрофобія."
"[7191DEF04E24688C4455E8A6CAB55027]::E3CC58F847C2A4AF04B423B4B23A4E1F","New phobia","Нова фобія"
"[71A11CAB4887D5180A926E9BCEDCF35D]::E2CB7DB04B4E04DB84DF1B96F38BA235","Character point earned!","Очко персонажа отримано!"
"[71A11CAB4887D5180A926E9BCEDCF35D]::BDAACE5F4996995295F335A7A72C2437","CP.","ОП."
"[71A11CAB4887D5180A926E9BCEDCF35D]::973966D7496A3DCA4E6C37856C47C441","Gain:","Отримано:"
"[728381E2405E922D7682A684CF7DBE13]::118E0E3B45DAE7A20B1762AEA3B12E68","Garden of Hawkins Manor","Сад маєтку Гокінсів"
"[736A94A443221001ECC45D9D58009EF8]::C4A41FD946A0ACD5AF34838D11345725","Guard","Охоронець"
"[745DEA4441A1ACFA2CE08880F3468B3F]::7B8D71E84B375DDE41B9B38F168637AC","It looks like a kind of religious cult. They're armed and very pious, therefore dangerous. I'd better not get caught.","Схоже, що це якийсь релігійний культ. Вони озброєні та дуже побожні, тому небезпечні. Краще перед їхніми очима зайвий раз не світитися."
"[746CD9EA466BFF5C872A12A44FF37FAB]::FE14E6884598F0D73CE2B29EBA766504","If the creature is not yet anchored in our dimension, an expulsion ritual might work. As long as the person performing it makes sure that he integrates the Elder Sign among the glyphs that make up the ceremonial circle. Be careful though because the works that describe the creation of such circles are not all of proven reliability.""<lf><lf>Extract taken from the Malleus Bestiarum, by Abigaïl G.","«Якщо істота ще не закріпилася в нашому вимірі, можна провести ритуал вигнання. Важливо помістити «Знак Старійшини» серед ґліфів, що утворюють ритуальне коло. Однак будьте обережні, оскільки не всі документи, що описують спосіб створення таких кіл, є надійними.»<lf><lf>Уривок із «Молот відьом», авторка Абіґейл Ґ."
"[746CD9EA466BFF5C872A12A44FF37FAB]::1A096B974E46DD4802ADB4A143FEDA63","Ceremonial circle","Ритуальне коло"
"[7483CE9746C8FD88528FBC984DF8517C]::E6050D154DDD9C8FE848EBAC652EA6BF","To enter a reconstruction scene, hold","Щоб увійти в сцену реконструкції, затисніть:"
"[7483CE9746C8FD88528FBC984DF8517C]::30742C4E4FF20B491B63E1B6AA00B951","Reconstruction","Реконструкція"
"[748446FA4064F810F1F19288B6612142]::C79F9D66486CEDA3987935AE862A8673","Pierce seized the revolver and shot Fuller. In doing so, he followed the wish of Leviathan.","Пірс схопив револьвер і застрелив Фуллера. Тим самим він виконав волю Левіафана."
"[748446FA4064F810F1F19288B6612142]::130AAD5A4272DF15A454D78BA90A83E8","Last Dilemma","Остання дилема"
"[755F95944A640B46B384C196B2BB7CB2]::E5E9E04345EC58BAB2151FBEC2EB41BA","This key opens the maintenance room in the cellars of the Riverside Institute.","Цей ключ відкриває технічне приміщення в підземеллях Інституту Ріверсайд."
"[755F95944A640B46B384C196B2BB7CB2]::F48992DC42449BB4EBBCD88E1B2674A6","Key to the maintenance room","Ключ від технічного приміщення"
"[75D540D5461C067FA9045886F303A74B]::71F053C34D64892D625771A8B36EFE99","Drake maintains that it can repel the forces of the Great Old Ones and lock the doors to the undersea city of R'lyeh. I see an ugly, solid gold medallion, engraved with the same symbol that repulsed Charles Hawkins in The Nameless Bookstore. It remains to be seen if it can really protect Sarah Hawkins.""<lf><lf>Extract from the notebook of Edward Pierce, private detective.","«Дрейк стверджує, що цей артефакт може відганяти сили Старших Богів і зачиняти двері підводного міста «Р’льєху». Я бачу потворний медальйон із твердого золота, на якому вигравірувано той самий символ, що відлякав Чарльза Гокінса в «Безіменній книгарні». Чи зможе він дійсно захистити Сару Гокінс — час покаже.»<lf><lf>Фрагмент із записника Едварда Пірса, приватного детектива."
"[75D540D5461C067FA9045886F303A74B]::BF2BEE3F413BA4148285EDA927D4F802","The Key of R'lyeh","«Ключ Р’льєху»"
"[75DD23AB41DAFCEC369F95AC1C55E6CB]::1ADC5C0B407C91AD677FC88F129E1B65","I see Bradley being disemboweled by this man again... Was he really Charles Hawkins? My running away, the rockfall, being made prisoner under the rocks. Did someone tend to me? Bradley is alive!","Я знову бачив, як цей чоловік шматував Бредлі... Чи справді це був Чарльз Гокінс? Я втікав, потім обвалився тунель, і я опинився під руїнами. Хтось же мав допомогти мені? Бредлі живий!"
"[75DD23AB41DAFCEC369F95AC1C55E6CB]::053BE3CB4742D841A8417CB55D8490FF","Riverside Institute","Інститут Ріверсайд"
"[7708B2174522F7150CB4BEB18F80BA5E]::21575E714AE5DDF78331998A999265DF","The son's bedroom confirms the atmosphere of violence and fear suggested by the other rooms. This family seems to have lived a recluse life, cut off from the other inhabitants of the island.","Спальня сина підтверджує атмосферу насильства і страху, яку створюють інші кімнати. Здається, ця родина жила відокремлено, ізольовано від інших мешканців острова."
"[770E8A414FE160E68DFD908B9F0A8607]::CFE436A44AE7C79CFBE273A17E94D0F8","Maintenance man","Ремонтник"
"[77E781254733C9BBFFDA5E8413B34569]::3EA0F99841442B9311EDF2B9D01CAC4C","I came to in Drake's bookstore. In my mind, I still see what Marie Colden lived through: treatment given to patients, her search for medical records, the enigma of the boat, going down into the cellars, and Fuller. Did the book cause this hallucination? Is Colden in danger?","Я прийшов до тями в книгарні Дрейка. У моїй пам'яті все ще живуть переживання Мері Колден: лікування пацієнтів, пошуки медичних записів, таємниця човна, спуск у підземелля і Фуллер. Чи викликала ця книга цю галюцинацію? Чи в небезпеці Колден?"
"[785A0B6B4A65200AF28578B952E0D24D]::C09BF02B413F7ACC29BCA28A1F1A0DE8","Patient","Пацієнт"
"[785C5EDC45F0174E71B79CAED3A5B211]::95640E38470805B1E4B15FA397C0A10A","Flee the docks","Втекти з доків"
"[785C5EDC45F0174E71B79CAED3A5B211]::425055264097A408E6611A8D0DAD6FD7","Go back to Murphy","Повернутися до Мерфі"
"[785C5EDC45F0174E71B79CAED3A5B211]::5C2AA2D84846935FB1383296BB8D0E0B","Examine the corpse","Оглянути труп"
"[79C37B44473663443AEA49AF676FA60B]::BBFBF2094DB781A4942A65921F2DEC6B","The oil reservoir of your lamp has been refilled. Refills can be found in the levels.","Лампу заправлено. Більше топленого жиру можна знайти на рівнях."
"[79C37B44473663443AEA49AF676FA60B]::D78D3CB54A083FC715645A86862AB708","Oil refilled","Топлений жир поповнено"
"[7A9260E745DC5B501C1EB7BABF15F850]::4DC9B7534EB3E4A2917770A6F4E11463","This icon appears when you make a choice that will have a major impact in the story.","Цей значок з’являється, коли ви приймаєте рішення, що суттєво вплине на розвиток сюжету."
"[7A9260E745DC5B501C1EB7BABF15F850]::94F1D56141FF9EAE723033BCD1E9E2F6","Impacting choice","Рішення з наслідками"
"[7AB10A5544A569A56B750CB6CEF8DACF]::D2A0E3F240959E62652A22B2E71E29EF","Pierce agreed to take Fuller's treatment, a preparation derived from Leviathan's fluids.","Пірс погодився пройти лікування Фулера — препаратом, виготовленим з біологічних рідин Левіафана."
"[7AB10A5544A569A56B750CB6CEF8DACF]::AFC1C3BD43D051ADF6CD08A7E47A84CD","Second Dilemma","Друга дилема"
"[7AD72C954C0C48AA3BA90B8BE8FD0120]::0D6D6C0F4C3E92E127767C854A99E7D1","Is the death of Colden a hallucination or is it the sole flash of truth in the slow descent into madness that Edward Pierce's mind is undergoing? The detective gained entry to the Riverside Institute in order to help the doctor. Immediately attacked by the Shambler, he fled through a transmuted hospital, whose architecture respected no physical laws. His wanderings led him to an operating room, where his confrontation with Fuller came to an end when Colden's corpse rose up to attack Pierce. The detective thinks that he's got a grip on himself, but he now knows that death and madness lie in his path. His Sanity was severely affected by this new ordeal.","То смерть Колден — лише галюцинація, чи єдиний спалах істини в повільному зануренні Едварда Пірса в божевілля? Детектив пробрався до Інституту Ріверсайд, аби допомогти докторці. Але його одразу атакував Блукач, і він змушений був тікати через трансформований шпиталь, архітектура якого не підкорялася жодним фізичним законам. Його блукання завершилися в операційній, де протистояння з Фуллером закінчилося тим, що труп Колден підвівся й напав на Пірса. Детектив гадає, що все ще тримає себе в руках, але тепер він знає: попереду лише смерть і безумство. Його Ментальний стан серйозно постраждав від цього випробування."
"[7AD72C954C0C48AA3BA90B8BE8FD0120]::EB1F68A0474D312DFEA1E1844C61AF67","Trapped in Madness","У пастці безумства"
"[7B8F547B46BC7574043146AF90D75D10]::2E69266F4A281E6D592C54AA21E334A8","Deceased","Померлий"
"[7C17F85842B9D4EDF7157A8220BA8373]::A4B5FEDF44D6BBE1C5CD14860A441ACA","Sanders residence","Резиденція Сандерсів"
"[7D4CBAE34B48FB42A7C4B0960515CCF0]::40B13AA144885396A0EB7781E2D8AD7C","Drake did not survive his struggle with the Shambler. The old bookseller was my only hope to counter the powers of the cult. From now on, I can only count on myself.","Дрейк не пережив сутичку з Блукачем. Старий продавець книг був моєю єдиною надією протистояти силам культу. Відтепер я можу розраховувати лише на себе."
"[7D98C4324024F2DA788070B52B3D6E42]::B5D810494537C81994A3008ED4AAE8F2","This key, that bears the Elder Sign, is the only one able to protect your psyche. It is in the form of a cylindrical medallion, hanging at the end of a heavy chain. Hundreds of years ago, the star and the branch whose purpose is to push back the forces of the Great Old Ones, were engraved at its center. <lf>Everything points to it being Charles Hawkins that tore it from its last owner, an Egyptian antique dealer. In press cuttings that mention the misdemeanor, the date of the robbery coincides with the last of Hawkins' trips of to Cairo. <lf>It remains to be seen whether he knows of the true purpose of the artifact...<lf>Try to find it.","Ключ із «Знаком Старійшини» — єдине, що може захистити твою психіку. Він має вигляд циліндричного медальйона на кінці важкого ланцюга. Сотні років тому в його центрі вигравіювали зірку й гілку — символи, покликані відганяти сили Старших Богів.<lf>Усе свідчить про те, що Чарльз Гокінс відібрав ключ у його попереднього власника — єгипетського торговця антикваріатом. З газетних вирізок, які згадують про цей злочин, видно, що пограбування відбулося в час останньої подорожі Гокінса до Каїра.<lf>Невідомо, чи усвідомлював він справжнє призначення артефакту...<lf>Спробую його знайти."
"[7D98C4324024F2DA788070B52B3D6E42]::A7394AE04DFD04626461C4B66EC83118","Key of R'lyeh file","Досьє: «Ключ Р’льєху»"
"[7DF67FA84769A38FDA1FA8A40DA55B11]::9DC536C9440F11D451DF78A9FA6E0160","Intuitive and visionary artist for some, over-priced impostor for others, Sarah Hawkins leaves nobody indifferent. This mysterious and reserved painter offers strange images, with violent colors and wild strokes, to the world. If her paintings are testimony to her vision of the world, then the world of Sarah Hawkins is a portal open to other dimensions"".<lf><lf>Extract from the notebook of Edward Pierce, private detective.","«Для одних — інтуїтивна й прозорлива художниця, для інших — переоцінена шахрайка. Сара Гокінс не залишає байдужих. Ця загадкова й замкнена в собі мисткиня дарує світові дивні образи, повні диких мазків і жорстких кольорів. Якщо її картини відображають її бачення світу, то світ Сари Гокінс — це портал у інші виміри.»<lf><lf>Фрагмент із записника Едварда Пірса, приватного детектива."
"[7DF67FA84769A38FDA1FA8A40DA55B11]::849A083743FD2D276DA5EE918FAFC467","Art of Sarah Hawkins","Мистецтво Сари Гокінс"
"[7E1A4B824A7274BC2F07FB81012F7188]::0088058B43EFE1CA20A114AD3CB1C128","Darkwater Docks","Доки Дарквотеру"
"[7E6043DB4F6E7FD4B78E04B3C31BD1EF]::4E21524C4D11414BF634239BA00C49A3","Doctor Fuller,<lf><lf>I've repaired your machine as best I can. However, the piping has been damaged and I fear that gas is escaping. <lf>I can not do any more in such a short time.<lf>All I can do is to warn you: if the equipment is put under too much pressure, there is a risk of explosion.<lf><lf>Z. Allen, mechanic","Докторе Фуллере,<lf><lf>Я полагодив вашу установку як міг. Однак труби були пошкоджені, і я боюся, що газ все ще витікає.<lf>За такий короткий час я не можу зробити більше.<lf>Усе, що можу — це попередити вас: якщо обладнання буде під надмірним тиском, існує ризик вибуху.<lf><lf>З. Аллен, механік"
"[7E6043DB4F6E7FD4B78E04B3C31BD1EF]::EEB51ACD4C0EE123A749D18AF64904E7","Memo to Staff","Службова записка"
"[7EE233DF4C7D26916453989EF7FC493F]::20A1F0634EA7595AD23A83B8AD7A3024","Investigation represents your investigating talents.<lf>Improving this skill increases your chances of understanding past events by analyzing a crime scene or an object, and of picking locks.","Розслідування визначає ваші слідчі здібності.<lf>Покращення цієї навички підвищує шанси зрозуміти події минулого шляхом аналізу місця злочину чи об'єкта, а також дозволяє зламувати замки."
"[7EE233DF4C7D26916453989EF7FC493F]::CB6ACC514C1C945F7863749E72BB2992","Investigation","Розслідування"
"[814E94ED411101EECD2B6EB01EA4536C]::2D03A87F4626857CDE53D98453855989","Bootlegger","Бутлеґер"
"[8245CE2D4D23963C71DE4B86A464D3C3]::102E13BD4330C64E06C4F0A0CCDDC214","Darkwater Docks","Доки Дарквотеру"
"[82FF48024D1A541A5E99D7BA25D6E3A5]::2D8CE7274105A70592D2BF9C82AD03F2","Small polished stones, decorated with Celtic runes. Probably used for divination rituals, they are mostly found in Europe.","Малі відполіровані камінці, прикрашені кельтськими рунами. Ймовірно, використовувалися в ритуалах ворожіння, переважно трапляються в Європі."
"[82FF48024D1A541A5E99D7BA25D6E3A5]::CF6A7CF34F50852FB03146995A967590","Celtic runes","Кельтські руни"
"[833421C946B76117C50413B2F9CA00B9]::AB18AF434CA3309BC7B5D2BEBE18EC5F","I'll certainly find something on Darkwater in my bookcase…","Можливо, я знайду щось про Дарквотер у своїй книжковій шафі..."
"[833421C946B76117C50413B2F9CA00B9]::6D7C51194E8F0F5618182C827431DE80","Find out about Darkwater","Дізнатися більше про Дарквотер"
"[833421C946B76117C50413B2F9CA00B9]::57C6558646BB4EE011D886BCB30B2414","Stephen Webster, the wealthy industrialist, came to my office. He wants me to reopen the Sarah Hawkins case, named after his daughter, who died in a fire alongside her entire family.<lf>I must examine the documents he compiled in order to know more about the case.","Стівен Вебстер, заможний промисловець, прийшов до мене в кабінет. Він хоче, щоб я знову взявся за справу Сари Гокінс — його доньки, яка загинула під час пожежі разом із усією родиною.<lf>Я маю вивчити зібрані ним документи, щоб дізнатися більше про цю справу."
"[833421C946B76117C50413B2F9CA00B9]::C34DA42E48E73B178D07B79870C97777","Examine the Hawkins file","Дослідити справу Гокінс"
"[833421C946B76117C50413B2F9CA00B9]::8C09A9FD4EC4FDBC2899F8AD9B039DA8","A strange picture, painted by Sarah Hawkins a short while before her tragic death, was sent to her father just after the artist died. He is convinced that she is the sender. He brought me the painting so that I could examine it.","Дивна картина, написана Сарою Гокінс незадовго до її трагічної смерті, була надіслана її батькові вже після загибелі художниці. Він переконаний, що саме вона була відправницею. Він приніс мені картину, щоб я її дослідив."
"[833421C946B76117C50413B2F9CA00B9]::2888A2DC42BECBF6494D8FB851A16B24","Examine the painting","Оглянути картину"
"[833421C946B76117C50413B2F9CA00B9]::2AA06FFE4F548985BC5EFBA85E913142","All that remains is to leave for Darkwater.","Залишилося лише вирушити до Дарквотера."
"[833421C946B76117C50413B2F9CA00B9]::DD209C334E277FB346E90695F06A2EBE","Leave for Darkwater","Вирушити до Дарквотера"
"[837E61EF400469A1B9B728924DDD8450]::B957CAF7418047EC007B7EA91FF74155","Algernon Drake is the owner of The Nameless Bookstore, and a friend of Sarah Hawkins. <lf><lf>It would seem that the two of them were united in a common thirst for knowledge about the occult. He has a strange collection of parchments and books of spells, and he seems to know a lot about the island's clandestine activities. <lf><lf>If I decide to explore the occult trail, he will be an excellent guide.","Алджернон Дрейк — власник «Безіменної книгарні» та друг Сари Гокінс.<lf><lf>Здається, їх єднала спільна жага до окультних знань. У нього є дивна колекція пергаментів і книг заклять, а також, схоже, він багато знає про таємні справи на острові.<lf><lf>Якщо я вирішу йти окультним слідом, він стане чудовим провідником."
"[837E61EF400469A1B9B728924DDD8450]::AF394FC34F33C3963D539B93C5DE48B1","Algernon Drake","Алджернон Дрейк"
"[837E61EF400469A1B9B728924DDD8450]::837050224A7FB2125984AE98DB5E9B11","Bookseller","Книгар"
"[853722AC45E6A46373888FA02585A497]::806BF50E433D45AF5B4E1CA6A095E88C","Drake's cylinder 1","Циліндр Дрейка 1"
"[8594B6FD4FFFF26921A1198B50FC9D3F]::DEEF9CE94067F78ABEE8FAA57630C34A","Even a few years back, it was possible for a single practitioner to know all the medical knowledge of his time. This book, which concludes the series, shows that this is now virtually impossible. About ten renowned doctors took part in putting together this collection.","Ще кілька років тому лікар міг володіти всіма медичними знаннями свого часу. Ця книга, яка є заключним томом серії, показує, що зараз це практично неможливо. Над створенням цього зібрання працювало близько десяти відомих медиків."
"[8594B6FD4FFFF26921A1198B50FC9D3F]::6C3D72314D13E5D0331A429658D1BD97","Breviary of Medicine, Tome III","«Бревіарій медицини. Том ІII»"
"[85DAF0E54F5D958F58C71795791CA1CB]::D990FB704D0066920D1CECA447DAA5F0","Fisherman","Рибалка"
"[86D4BFB74AD2C6C5BE62739F45319BD9]::62819E8D487CBE34BB290CAAD706AF58","Fisherman","Рибалка"
"[870DF34048FD39BDAF678CA7B4CFD541]::7A5E8D7E4C1007B646DD2C82A718E485","Mysterious Woman","Загадкова жінка"
"[87395AA6422D504D50C9009D4854F3D8]::D81FB5AE4542CCF0E5A95DAEA6ADA85A","Mitchell did not survive his injuries. Mortally wounded by the crazed inhabitants, he dragged himself as far as the docks. He is lying close to Saint Brendan, whom he worshiped.","Мітчелл не пережив отриманих поранень. Смертельно скалічений божевільними мешканцями, він доповз аж до доків. Тепер він лежить біля святого Брендана, якому поклонявся."
"[88F5A0FF49B70DC46D0428AB40C0850F]::5361165640AF3DBA950EFBAB5716D90E","This collection catalogs and classifies creatures that I had never heard of. Divinities from the stars, creatures capable of traveling from one dimension to another... It presents itself as the reference work on the bestiary of the Myth. Without giving details on the mythology to which it refers. Its pages are covered with phantasmagorical illustrations.","Ця колекція каталогізує та класифікує створінь, про які я ніколи не чув. Божественні істоти з зірок, створіння, здатні подорожувати з одного виміру в інший... Вона представляє собою основний довідник з бестіарію Міту, не даючи при цьому подробиць про мітологію, до якої це відноситься. Її сторінки вкриті фантастичними ілюстраціями."
"[88F5A0FF49B70DC46D0428AB40C0850F]::36A3A4D248B41FC062A140B25836C27D","Malleus Bestiarum, Volume 3","«Молот відьом», том 3"
"[8912935046107F3496FCB28F201917F4]::75FE30E440A975E89E6435A1EF430F7E","Strength represents your ability to call on your physical power.<lf>Improving this skill increases your chances of forcing doors or mechanisms, or of using violence (physical or verbal) during interactive discussions.","Сила визначає вашу здатність застосовувати фізичну міць.<lf>Покращення цієї навички підвищує шанси зламати двері чи механізми, а також використати силу (фізичну або вербальну) під час інтерактивних діалогів."
"[8912935046107F3496FCB28F201917F4]::CBD50B53483A28E0461766A8248AC240","Strength","Сила"
"[8970185C432D4F82A0C4429DBC9DB434]::753667EC41994FECE02FD0BEDC1A0F35","The Courthouse is the memento of Darkwater’s past as a wealthy and crowded whaling community.<lf>Founded in 1831, the main purpose of the Courthouse was to respond to harbor property disputes, caused by the rapid and uncontrolled growth of the town.<lf>After the decline of the whaling industry, the Courthouse rapidly turned to a deserted facility, with its staff reduced to few employees and long-serving judge Warren Stone.<lf>The Judge has a reputation of being neglectful of standard legal procedures and unjust in his verdicts.","Судова установа — це пам’ятка минулого Дарквотера, коли він був багатою та людною китобійною спільнотою.<lf>Заснована в 1831 році, ця установа мала на меті вирішувати майнові спори в гавані, спричинені стрімким і неконтрольованим зростанням міста.<lf>Після занепаду китобійної галузі суд швидко перетворився на майже покинуту установу з мінімальним штатом і єдиним досвідченим суддею — Ворреном Стоуном.<lf>Цей суддя має репутацію того, хто зневажає стандартні юридичні процедури й ухвалює несправедливі вироки."
"[8970185C432D4F82A0C4429DBC9DB434]::619EF07F42EF509CB6092E9163C9D40F","Darkwater's Courthouse","Суд Дарквотера"
"[8D0D33E3415170E5E0C05B89E9A9C477]::28C805B94587B8E362100E94B19185D0","Bradley… Shit ! I couldn’t. .. He was becoming one of them, yet… I wonder what will happen to him. <lf>All I can do now is find Sarah Hawkins.","Бредлі... Блядь! Я не зміг... Він ставав одним із них, але... цікаво, що з ним буде.<lf>Єдине, що я можу зробити зараз — це знайти Сару Гокінс."
"[8E40BF33402BAA6FE9726785193B079D]::F77EAC854515C98EEA6E24B1C937EC5D","This icon appears when saving or loading is in progress.<lf>Please do not turn off your system when this icon is displayed.","Цей значок з’являється під час збереження або завантаження.<lf>Будь ласка, не вимикайте систему, коли відображається цей значок."
"[8E9C01DB489FC0E2EB2AD89D99BB13E9]::2DD7DABC4D0F13163F6D7E851301EA31","The island was void of all human presence until the XIV century. An Amerindian tribe landed there in order to settle the island. These new inhabitants made their homes in the network of natural caves, and painted huge murals on their walls. They sculpted objects in wood and shell. They worshiped sea deities, of which the main one was a whale-killing monster. It is said that this legendary creature fed on whales. The Amerindians all disappeared from one day to the next. The causes of this disappearance still remain mysterious today.","Острів був повністю безлюдним аж до XIV століття. Тут висадилося одне з американських індіанських племен, щоби оселитися. Нові мешканці влаштували свої домівки в мережі природних печер і розписали їхні стіни величезними муралами. Вони різьбили вироби з дерева та мушель. Їхній культ був присвячений морським божествам, серед яких найголовнішим було чудовисько, що вбивало китів і харчувалося їхнім м'ясом. Одного дня всі індіанці зникли безслідно. Причини цього зникнення й досі лишаються загадкою."
"[8E9C01DB489FC0E2EB2AD89D99BB13E9]::333F24CF40FDCBBD2BA2FD990151FE13","History of Darkwater, Volume 1","Історія Дарквотера, Том I"
"[8EF4DD4F4BE67D0388F6B880953B97B3]::373E01654ECB535C5926D1992E50FB6A","Guard","Охоронець"
"[901B7FA64109242E3D66F6BC08B7E29B]::E7496CA648D5F63C75F69791EF61DCC1","Old Silas Winchester haunts the property of his old masters, ready to use his ax on the first person he meets. He'd have chased me off, or cut me to pieces, if I hadn't been able to calm him down. Nevertheless, Officer Bradley did manage to convince him to give us the key to the tradesman's entrance.","Старий Сайлас Вінчестер вештається маєтком своїх колишніх хазяїв, готовий накинутися з сокирою на будь-кого, хто трапиться йому на шляху. Він би або вигнав мене, або порубав на шматки, якби мені не вдалося його заспокоїти. Утім, офіцерові Бредлі таки вдалося вмовити його віддати нам ключ від чорного входу."
"[904D0C1C4C05F98BE2E424874121CC49]::80DC1FC94C75A8A2586045A441C69122","The official police report on the Hawkins Case.","Офіційний поліцейський звіт у справі Гокінсів."
"[904D0C1C4C05F98BE2E424874121CC49]::0F6D062C408EF799A006EF822DEF64AB","Officer Bradley's report. On August 23, 1924 at 0:24, the officers responded to a call concerning deaths in fire at Hawkins Mansion.The call was made by Silas Winchester, caretaker of the mansion.","Звіт офіцера Бредлі. 23 серпня 1924 року о 00:24 офіцери відреагували на виклик щодо смертей унаслідок пожежі в маєтку Гокінсів. Виклик зробив Сайлас Вінчестер, доглядач маєтку."
"[904D0C1C4C05F98BE2E424874121CC49]::7CB4F4EF4BD091FF19F937BCA3A8A88C","Hawkins Case's official report","Офіційний звіт у справі Гокінсів"
"[9087A4F04274C6CF9602F8BDE31DBC3A]::E289614B41E20F3E02290EB307320307","Guard","Охоронець"
"[908D1BAA453DE4F9093E8D844EBB699A]::CE4FF4734AE0B33A4DF35B8A5F0794C9","The Nameless Bookstore","«Безіменна книгарня»"
"[909D54E745121466399A04A0749B4906]::0AC766CB45FDF20B7E911E8443562B3E","Fitzroy... Fuller... Hawkins... All began with the Miraculous Catch…<lf>Sarah Hawkins… The Oracle... What is her role when everything is done?<lf>And me? What am I still doing here?","Фіцрой... Фуллер... Гокінс... Усе почалося з «Дивовижного улову»...<lf>Сара Гокінс... Провидиця... Яку роль вона відіграє, коли все завершиться?<lf>А я? Що я досі тут роблю?"
"[90B93A044EA90250340587916C1603E5]::81D7835548ADA380D642AFA114FF5DFE","Patient","Пацієнт"
"[916FFD784EA244F881A64EBB0405427A]::65914BC04F1E3E43A87D078FAC874D82","In the tunnels under the Hawkins mansion, Pierce witnessed the disemboweling of Officer Bradley by a man with a monstrous appearance. The men in gowns and their rituals had not succeeded in affecting the veteran. However, the brutal death of Bradley, the discovery of the identity of his killer, whom he recognized as the dead Charles Hawkins, as well as the latter's superhuman strength, managed to strike fear into him. <lf>Pierce still does not know if he should believe what he saw. He may even put these visions of horror to the shock caused by the death of Bradley. Or he may put it down to a lack of oxygen provoked by the rockfall.","У катакомбах під маєтком Гокінсів Пірс став свідком випотрошення офіцера Бредлі чоловіком із потворною зовнішністю. Люди в шатах і їхні ритуали не змогли зламати ветерана. Однак жорстока смерть Бредлі, відкриття особи його вбивці — якого він упізнав як покійного Чарльза Гокінса — та надлюдська сила останнього таки змусили його здригнутись від жаху.<lf>Пірс і досі не знає, чи варто вірити власним очам. Можливо, ці жахливі видіння спричинені шоком від смерті Бредлі. А може, винен брак кисню через обвал породи."
"[916FFD784EA244F881A64EBB0405427A]::BDBB952544CD8D32C0089CAD9A2D801E","The Ritual","Перерваний ритуал"
"[92418855438F17AB8F8CA1A61038C23F]::A6AF690F40A250DFC08D1BB79775F4EC","I managed to open the secret door in Charles Hawkins' office. It opened onto steps cut into the stone. They lead to a network of underground caves. The robber can't have gone that way!","Мені вдалося відчинити потайні двері в кабінеті Чарльза Гокінса. За ними відкрилися висічені в камені сходи. Вони ведуть до мережі підземних тунелів. Грабіжник нізащо б не пішов туди!"
"[92418855438F17AB8F8CA1A61038C23F]::E27924F04E7B8058467EA4BF76916F25","Underground tunnels","Підземні тунелі"
"[9259F5AE4CD4A370F50533B95CF31578]::7ADB7ECC45985E8C0921358C7D6DB032","An old key that Roy Mitchell, the barman, gave to me. It opens the gate to a passage leading to the whaling station.  You can reach it at the far end of the docks.","Старий ключ, який мені дав бармен Рой Мітчелл. Відмикає ворота до проходу, що веде до китобійної станції. Туди можна дістатися з протилежного кінця доків."
"[9259F5AE4CD4A370F50533B95CF31578]::D371A23F4AF8F4103B5A8394E9BCC349","Roy Mitchell's key","Ключ Роя Мітчелла"
"[926FB0214B0BB12F314FD591425A85E1]::644C809644256E014E5E7993D3620D1D","I left the Sanders house, still shaken by my encounter with the Shambler. Thanks to Cat's indications, I ended up at The Nameless Bookstore, a haunt for devotees of esotericism. The place seems to have been burglarized. Who could have done such a thing?","Я залишив будинок Сандерсів, усе ще приголомшений зустріччю з Блукачем. Завдяки вказівкам Кет я опинився у «Безіменній книгарні» — улюбленому місці шанувальників езотерики. Схоже, крамницю пограбували. Хто міг таке вчинити?"
"[926FB0214B0BB12F314FD591425A85E1]::E59C4D5849A778798CD4308F79BA248D","Inspect the bookstore","Огляньте книгарнню"
"[926FB0214B0BB12F314FD591425A85E1]::BDC6C0AE43C74F8A40B800AA06A14222","So Algernon Drake, the owner of the bookstore, also knew Sarah Hawkins. Their relationship went far beyond that of a seller and a faithful client: she helped him to protect an object. They hid it in the back room safe and Sarah Hawkins painted this strange symbol on the door. Charles Hawkins must have wanted to steal it. I must open this safe and find out what's hidden inside. How can I find the combination?","Отже, власник книгарні, Алджернон Дрейк, також знав Сару Гокінс. Їхні стосунки виходили далеко за межі зв’язку продавця та постійної клієнтки: вона допомагала йому охороняти певний об’єкт. Вони сховали його в сейфі у підсобці, а Сара намалювала на дверях дивний символ. Чарльз Гокінс, певно, хотів його викрасти. Я мушу відкрити цей сейф і дізнатися, що всередині. Але як знайти код?"
"[926FB0214B0BB12F314FD591425A85E1]::FEF38E0D404FF3C1F63B8CBDA23E1519","Open the safe","Відкрийте сейф"
"[93378E1C44B3DD89772BAB88AE48768B]::6A2C6E9341EA7D8D992678AFCB5E0B55","I met Cat, who's the boss of the island's bootleggers. The girl tried to intimidate me... She got off lightly with a broken nose. <lf>I think that she's interested in my right hook: she suggested that I meet her later on in the bar so we could talk. I've got nothing to lose by going to talk with her.","Я зустрів Кет — вона головна серед бутлеґерів на острові. Дівчина намагалась мене залякати...  Відбулася лише зламаним носом.<lf>Здається, її сподобався мій правий хук: вона запропонувала зустрітися пізніше в барі, щоб поговорити. Думаю, срака не відпаде, якщо я знову з нею зустрінуся."
"[93F8C4764421D038C7CB1295F657F604]::C548EF084CCFE95593C4279544FB0BF4","I met Cat, who's the boss of the island's bootleggers. The girl's got great footwork... Or perhaps it's me who's going soft.<lf>I think that she was impressed by my boldness: she suggested that I meet her later on in the bar so we could talk. I've got nothing to lose by going to talk with her.","Я зустрів Кет — вона очолює бутлеґерів на острові. У дівчини чудова техніка... А може, то я вже розм’як.<lf>Здається, її вразила моя зухвалість: вона запропонувала зустрітися пізніше в барі, щоб поговорити. Думаю, срака не відпаде, якщо я знову з нею зустрінуся."
"[9431677F49A4F4DDD842AF826ABDBC21]::67464D274C14C3199C7485B079F1975E","The colossal work of an aristocrat from a long generation of physicians resulted in this encyclopedic work on medicine of the past century. More complete than older works, it sometimes mentions in detail certain methods from Asia and Africa.","Колосальна праця аристократа з давньої династії лікарів вилилася в цю енциклопедичну працю з медицини минулого століття. Вона є повнішою за попередні видання й подекуди детальніше описує деякі методики лікування з Азії та Африки."
"[9431677F49A4F4DDD842AF826ABDBC21]::38C4514F4D27E6DCAB03258E5FA60023","History of Medicine in the XIX Century","«Історія медицини XIX-го століття»"
"[9450DC444DAA7739EEB54ABE459DE8A3]::A5E3620C45B0E088389060AE0616CC81","To hide in a closet, press","Аби сховатися в шафі, натисніть:"
"[9450DC444DAA7739EEB54ABE459DE8A3]::CE5546C9442405E719D3608E7395EBA9","Hide","Сховатися"
"[945A71EF4DCABDBABA25B994F9A88A01]::1DE74AD0471B575088F55195ABC3D642","Visitor","Відвідувач"
"[946BC70041C9B82BA62A94ABDA21397A]::7E38067A4314808F4B31CE91733A4451","Charles Hawkins tried, one last time, to challenge the wishes of Sarah Hawkins, and he is dead. This time, there is no coming back. <lf>Although I condemn the actions of this man, in a certain way, I understand his motives. He was ready to do anything to protect his wife. <lf>His abandonment of the cult allowed us to flee the Riverside Institute, and to learn more about the threat that was weighing upon the mind of Sarah Hawkins.","Чарльз Гокінс востаннє спробував піти наперекір волі Сари Гокінс — і загинув. Цього разу вороття немає.<lf>Хоч я й засуджую вчинки цього чоловіка, певною мірою я розумію його мотиви. Він був готовий на все, аби захистити свою дружину.<lf>Його відмова від участі в культі дала нам змогу втекти з Інституту Ріверсайд і дізнатися більше про загрозу, яка нависла над розумом Сари Гокінс."
"[957BAAB740A2C2BD86A822BED1C153C8]::C01F4C1E47EE82AF41D32AACA9097596","One of the inmates is ready to help me if I find him some sleeping pills. In exchange, he swears to me that he can draw the attention of the member of the asylum staff who is on guard in front of the morgue…","Один із пацієнтів погодився допомогти мені, якщо я знайду для нього снодійне. В обмін він клянеться, що зможе відволікти працівника психлікарні, який чергує біля моргу..."
"[965953F14DEC3EC24C5E309E289715DC]::252351DC49CA36060E19F3A6E2789BF2","Alabaster Point","Алабастрова вершина"
"[96942AA0478DA93425171A93935591ED]::FC6001F6419001FF21A4C1BDB0B4237A","This second volume teaches ethics and good practice to medical staff.","Цей другий том навчає медичний персонал етики та належної практики."
"[96942AA0478DA93425171A93935591ED]::BE9C67484E9855D412072E8BFF9B5D08","The Learning of Medicine, Volume 2","«Основи медицини. Том II»"
"[96DD360645DF923F66976A9A0C2A6031]::755FA6764E7DEF83345BC0ACDD697831","The true appearance of Leviathan was revealed, and no man can support this vision without going mad. Pierce set his eyes upon this cosmic being and his mind suffered a new attack. He is trapped in the whaling station with Leviathan and he must endure a series of ordeals if he is to survive this encounter. His choices will bear serious consequences for his Sanity.","Справжня подоба Левіафана була розкрита, і жодна людина не здатна витримати це видовище, не втративши глузду. Пірс поглянув на це космічне створіння — і його розум зазнав нового удару. Він опинився в пастці на китобійній станції разом із Левіафаном і мусить витримати низку випробувань, аби пережити цю зустріч. Його вибори матимуть серйозні наслідки для його Ментального стану."
"[96DD360645DF923F66976A9A0C2A6031]::CFCB1DF942FFD600B72BE0BC12A996C0","Leviathan","Левіафан"
"[971F93A745A75AA0929EAFB178174D25]::7E166DF64853E16CE06ED3A539D7C4C9","Chapter 2","Розділ 2"
"[9732D7FE4356CAB235C6AD9054150855]::30C503434E3F9C7A05084C9049E733DF","This very interesting book, aimed at a wide public, demonstrates how non-recognized sciences have influenced modern medicine. Magnetism, grandmother's secrets, Chinese acupuncture, hypnosis, herbal medicine, alchemy and many others have contributed, to a certain extent, to the enrichment of medicine at the beginning of this century.","Ця вельми цікава книга, розрахована на широку аудиторію, демонструє, як нетрадиційні науки вплинули на сучасну медицину. Магнетизм, бабусині секрети, китайська акупунктура, гіпноз, фітотерапія, алхімія та багато інших — усе це в певній мірі сприяло збагаченню медицини на початку цього століття."
"[9732D7FE4356CAB235C6AD9054150855]::BEC6A400458B01C472B13BA69EC7C152","Medicine and Secret Sciences","«Медицина й Таємничі науки»"
"[98BC96634A49EEADB258C88304289697]::5339CAD34670C07A14302EB938EC268B","The Interpretation of Dreams","«Тлумачення сновидінь»"
"[99055C6644FA06AE91A11FBD9930237F]::AADDFA764189D8A8DA63A4B9640D752E","The bar owner who hired me didn't like the way I closed this case. But when you're already outside the law, there's not a lot one can do against a private detective whose got proof against you.","Власникові бару, який мене найняв, не сподобалося, як я закрив цю справу. Але коли ти вже поза законом, не так багато можна вдіяти проти приватного детектива, у якого є докази проти тебе."
"[99055C6644FA06AE91A11FBD9930237F]::3495C0684EE14B9ABC8C6BBAEB3DFBB8","Case solved","Справу розкрито"
"[99F9F452447520281C452E888BECD454]::B202BDE1499EEA7279C28CBD53D97925","Cat...dead. Like all the others! <lf>Found a key on her body... opens a door on her territory?","Кет... мертва. Як і всі інші!<lf>Знайшов ключ на її тілі... він відкриває двері на її територію?"
"[9A63608248F118A7E54C23BEAC53BE83]::A2DC93074B67F32369A08D9BA0E8EE6E","Pierce Investigation Agency","Агенство розслідувань Пірса"
"[9A78A57240DAF3ACAAFCC19B46C1407D]::0E766F56466308C0997C77B0F371742C","Eloquence represents your ability to influence those you talk to by your power of speech. <lf>Improving this skill increases your chances of convincing or manipulating during discussions.","Красномовство визначає вашу здатність впливати на співрозмовників за допомогою сили переконання.<lf>Покращення цієї навички збільшує шанси переконати або маніпулювати іншими під час розмов."
"[9A78A57240DAF3ACAAFCC19B46C1407D]::1C871D4E4AC81F4ED1BF56B773BCB807","Eloquence","Красномовство"
"[9B11904B424F6134BC95B0B92ADFB0FC]::C054649E4993EDEF7689449576B998DC","Bar tab with the debts of the customers of the Stranded Whale.","Барний рахунок із заборгованістю клієнтів «Кита, що сів на мілину»."
"[9B11904B424F6134BC95B0B92ADFB0FC]::6505674F47E5A6BC2407219B931A12FD","A bar tab that shows the debts of the bar's regulars. Charles Hawkins seems pretty in debt.","Барний рахунок, у якому зазначено борги постійних відвідувачів. Схоже, Чарльз Гокінс по самі помідори в боргах."
"[9B11904B424F6134BC95B0B92ADFB0FC]::6BA6AFE346823B0E4DFAEB8FDC7E455A","Bar tab","Барний рахунок"
"[9D29B82E4695A1C7A08F33B15895104F]::65F867074D786ABBEAE938AE14588414","Leave","Покнути"
"[9D29B82E4695A1C7A08F33B15895104F]::CE059F554495BB875FA8C6935FBB7732","Leave","Покинути"
"[9DA3983E4CA2165F5251E5816A98EB48]::6A0F1C334B2AC2966ABB7789E42DD506","To run:","Щоб бігти:"
"[9DA3983E4CA2165F5251E5816A98EB48]::DC1AB44A4B541688F96FDF9A47382D02","Run","Бігти"
"[9DE39810491C9DB92961C2AC01079DF9]::731FB11E4612B44B3839258BCEDAB495","I managed to open the secret door in Charles Hawkins' office. It opened onto steps cut into the stone. They lead to a network of underground caves. The robber can't have gone that way!","Мені вдалося відчинити потайні двері в кабінеті Чарльза Гокінса. За ними відкрилися висічені в камені сходи. Вони ведуть до мережі підземних тунелів. Грабіжник нізащо б не пішов туди!"
"[9DE4269F487CC374013E9FAAFCC126AA]::F6002A9A4D7F070E930C8D9D316CC15A","I see Bradley being disemboweled by this man again... Was he really Charles Hawkins? My running away, the rockfall, being made prisoner under the rocks. Did someone tend to me? Bradley is alive!","Я знову бачив, як цей чоловік шматував Бредлі... Чи справді це був Чарльз Гокінс? Я втікав, потім обвалився тунель, і я опинився під руїнами. Хтось же мав допомогти мені? Бредлі живий!"
"[9F8B508643E26CC7AA6E0EA2F2FCFBCE]::9A46910D4C04429799EE05A97F8EBD42","I managed to open the secret door in Charles Hawkins' office. It opened onto steps cut into the stone. They lead to a network of underground caves. The robber can't have gone that way!","Мені вдалося відчинити потайні двері в кабінеті Чарльза Гокінса. За ними відкрилися висічені в камені сходи. Вони ведуть до мережі підземних тунелів. Грабіжник нізащо б не пішов туди!"
"[9F8B508643E26CC7AA6E0EA2F2FCFBCE]::2C2FF550405650FD4F0412904816AB87","Underground tunnels","Підземні тунелі"
"[9FB91D6E4C322EF03F5737984C3D7AEF]::718B94B24E8EED1961DAF985A3064DE7","The ""Miraculous Catch"", is what the locals call the last catch of their whalers. In 1847, although whales were disappearing from the fishing zone of the Darkwater whalers, the crew of the Scylla made a gigantic and monstrous catch that saved the island from famine. They still celebrate this catch, and an article from the time still decorates the bar. It's strange how the memory seems so alive, as if it was maintained by the survivors.""<lf><lf>Extract from the notebook of Edward Pierce, private detective.","«Китобої впіймали істоту, яку місцеві жителі назвали «Дивовижний улов». У 1847 році, коли кити зникали з рибальських угідь навколо Дарквотера, екіпаж «Сцилли» зловив гігантського і моторошного кита, який урятував острів від голоду. Донині місцеві жителі святкують цей улов, а в барі висить стаття, що описує цю подію. Дивно, але ті, хто вижив, здається, бережуть пам'ять про цей улов.»<lf><lf>Фрагмент із записника Едварда Пірса, приватного детектива."
"[9FB91D6E4C322EF03F5737984C3D7AEF]::027097354AAF8E19F47C1F8C93D50CB8","Miraculous Catch","«Дивовижний улов»"
"[A14F96B7479EBD5B5CFD329C4283C45A]::1177FD424A89D3481F07F4853F9F26F3","Missions","Завдання"
"[A18A960F4C9737B0030AF3B00F3BE16B]::92D8ED9143EEB5B0AC4B87859A1D954A","This volume spends some time on Reverend Wyckwood's community. His wife expresses her worries about the strange dreams that the reverend's congregation are having since their arrival on the island. Some members of the community, her husband included, began to speak of their vision as a messenger sent by God. She is scared that they will suffer the same fate as the Lost tribe.","Цей том присвячено громаді пастора Віквуда. Його дружина висловлює занепокоєння щодо дивних снів, які переслідують паству з моменту прибуття на острів. Деякі члени спільноти, включно з її чоловіком, почали сприймати свої видіння як послання від Бога. Вона боїться, що вони можуть повторити долю Загубленого племені."
"[A18A960F4C9737B0030AF3B00F3BE16B]::A314587C4A130FBE79598EA69177C1CA","Diary of the pastor's wife, Volume 3","Щоденник дружини пастора, Том 3"
"[A1AD3D614CCDEB9769E3CBBCFC25C27F]::32DC89BF4D85C6F04FA2779D6F51B456","Every Tuesday morning, half of town gathers to Darkwater’s main square to attend the Fish Market.<lf>Along with the Bar, the Market is one of the best places in town for those who wish to hear latest rumors and meet the locals.<lf>Once solely intended to fish trade, the Market Square is today a place of exchange for all kinds of general goods. It’s also home to illegal vendors selling smuggled cigarettes and imported goods for good prices.<lf>Over the last few years, smuggling increased due to the bottlenecked importation of essential goods, whose prices got inevitably inflated.","Щовівторка зранку половина міста збирається на головній площі Дарквотера, щоби відвідати Рибний ринок.<lf>Разом із баром, ринок — одне з найкращих місць у місті для тих, хто хоче дізнатися останні чутки або поспілкуватися з місцевими.<lf>Колись призначена винятково для торгівлі рибою, сьогодні Ринкова площа — це місце обміну всілякими товарами. Тут також працюють нелегальні торговці, що збувають контрабандні сигарети та імпортні речі за вигідними цінами.<lf>Останніми роками масштаби контрабанди зросли через труднощі з імпортом необхідних товарів, ціни на які неминуче злетіли."
"[A1AD3D614CCDEB9769E3CBBCFC25C27F]::29AC8F8448C9155BB40556B02408797F","The Market Square","Ринкова площа"
"[A247866042DBD67FF5EF6E8BB6FCC4CA]::A9BE80994A8413DEA64481A2BE875454","Needed before next level","Потрібно для здобуття наступного рівня"
"[A247866042DBD67FF5EF6E8BB6FCC4CA]::971515304B18052514346295940157BA","CP.","ОП."
"[A270137C4074617A1EA10685DEDDB9C6]::A15723FD4538A8F668959A8740BAB63A","Displayed peg-leg like a trophy.","Дерев’яна нога виставлена як трофей."
"[A270137C4074617A1EA10685DEDDB9C6]::E9A975AF43C2555946F3C8B02F358FA8","This wooden leg is on display, like a trophy, in Captain Fitzroy's office.","Дерев’яна нога, виставлена в кабінеті капітана Фіцроя мов трофей."
"[A270137C4074617A1EA10685DEDDB9C6]::1AD00782457EA69335F48ABC23378D72","Wooden leg","Дерев’яна нога"
"[A3139195409C58FF40C7319E7E5496C5]::FD32EAB6480BB5D894BFCF849BD5AB51","Darkwater Island has been inhabited since the 14th century and is still rich with the many memories left by its lost tribes. But don’t let the romanticism of these moving evidences of such naive and primitive beliefs fool you into forgetting how violent their gods were. A gigantic creature still ornates the walls of long abandoned caves. Was it a sea or a dream god ? No one knows. But today’s inhabitants, the sons and daughters of the proud whale hunters, still remember the mysterious and tumultuous story of their small land off the coasts of Massachusetts.","Острів Дарквотер заселений ще з 14 століття й досі зберігає безліч слідів племен, що зникли. Але не дозволяйте романтичності цих зворушливих доказів наївних і примітивних вірувань змусити вас забути, якими жорстокими були їхні боги. Гігантське створіння досі прикрашає стіни давно покинутих печер. Це був морський бог чи бог із снів? Ніхто не знає. Але нинішні жителі — нащадки гордих китобоїв — досі пам’ятають загадкову й бурхливу історію своєї маленької землі біля узбережжя Массачусетса."
"[A3139195409C58FF40C7319E7E5496C5]::3BB11B98486FC540DDE8FE9AF5ABD4C9","Atlas of Atlantic Islands","Атлас Атлантичних островів"
"[A364399F4DA176A769AE1EABE5AFFCAC]::BB71A75844428AEE1883E69CD9BE1FAB","Irene Sanders could not bear life without her husband… Nor my accusations during our conversation. She killed herself. Colden found her body at the Riverside Institute before it was taken to the morgue.","Ірен Сандерс не витримала життя без свого чоловіка... Або ж — моїх звинувачень під час нашої розмови. Вона наклала на себе руки. Колден знайшла її тіло в Інституті Ріверсайд до того, як його перенесли до моргу."
"[A3A985C04E0EA63A7E16348134065A0C]::298C307E4B0C7B7F86FD13B87EB816BA","Visitor","Відвідувач"
"[A4FE359242C0C75380EA169712258B22]::A727BF0343B5EA6011B7C18BAACC30D4","Amateur","Аматор"
"[A4FE359242C0C75380EA169712258B22]::37E53A4247259F3E503EDEB9224E77F5","Expert","Експерт"
"[A4FE359242C0C75380EA169712258B22]::40834CE04EE2C5EC0B4ECD85FBD6A85F","Master","Майстер"
"[A4FE359242C0C75380EA169712258B22]::874BFADA433F151DDF4102AAFDF8E707","Novice","Новачок"
"[A4FE359242C0C75380EA169712258B22]::4C54E53B454C099F59A0A5BF74DDAD9D","Professional","Професіонал"
"[A6A611124C5832889CD38EAF6124398C]::047EB2494A70F8E51F73AA97C1D48935","The inhabitants... All gone crazy... Nothing human about them... If they catch me I'm dead.<lf>Who did this?<lf>The answers are at the whaling station?","Мешканці... Всі сходять з розуму... У них нічого людського... Якщо вони мене спіймають, мені глина.<lf>Хто це зробив?<lf>Відповіді на це питання в китобійній станції?"
"[A6A611124C5832889CD38EAF6124398C]::791DAA0B4785C4785E6C64ADB75A73FC","Reach the whaling station","Дістатися до китобійної станції"
"[A6A611124C5832889CD38EAF6124398C]::AA0BBB5F4BD950A430346099947DC95D","Sarah Hawkins… What is she doing? <lf>Charles Hawkins knew. He knew she was in danger. <lf>But they killed him!<lf>I must find her...","Сара Гокінс... Що вона робить?<lf>Чарльз Гокінс знав. Він знав, що їй загрожує небезпека.<lf>Але його вбили!<lf>Я мушу знайти її..."
"[A6A611124C5832889CD38EAF6124398C]::F0B77B834949E41896425D9CC16BDBB6","Follow Sarah Hawkins' trail","Йдіть слідами Сари Гокінс"
"[A7A362FF4F80B87C458CA18AFF2D2A63]::413023BD460D904A34D04DA06378FF16","Police station","Відділення поліції"
"[A7D074C44152270BBC3EE98EB3BCCB37]::9DD6C2184AF358F5A35E599E8DA37E5A","This cogwheel is part of a mechanism","Це зубчасте колесо є частиною механізму"
"[A7D074C44152270BBC3EE98EB3BCCB37]::CC07FED14F053C9DACB19BB63994E8EE","Cogwheel","Зубчасте колесо"
"[A96C002A431E0C5E2C7C32AB73476825]::D1E4CDE5424AB3189FB4999F2EC016ED","Pierce has read the Necronomicon. Drawn by the whispering of the accursed book, he forced the bookseller's safe; touched the skin binding and deciphered the last words of the crazed Abdul Alhazred. As if as an answer to the questions that Pierce was asking himself, the book sucked in his mind and projected it into the body of Colden. Silent witness to his own investigation, he followed her steps down into the cellars of the Riverside Institute and her confrontation with Fuller. Returned to his own body, Pierce slowly comes to understand that his investigation is taking him into unknown territory. The words of the Necronomicon still echo in his mind. Will he ever forget that horrifying read?","Пірс прочитав «Некрономікон». Зваблений шепотом проклятої книги, він зламав сейф книгаря, доторкнувся до палітурки зі шкіри й розшифрував останні слова божевільного Абдула Альхазреда. Наче у відповідь на питання, що роїлися в його голові, книга поглинула його свідомість і перенесла її в тіло докторки Колден. Безмовний свідок її розслідування, він ішов її слідами аж до підземелля Інституту Ріверсайд, де вона зіткнулася з Фуллером. Повернувшись у власне тіло, Пірс поступово усвідомлює, що його розслідування заводить його на незвідану територію. Слова Некрономікона й досі луною відлунюють у його розумі. Чи зможе він коли-небудь забути це жахливе читання?"
"[A96C002A431E0C5E2C7C32AB73476825]::40922B1A4A583875E649EDB37B0A0028","Reading the Necronomicon","Читання «Некрономікона»"
"[A9908318488A88BF25CF2B83EC3442D1]::CECDAAB84BF5B106B114C983782D5B32","This second volume in this series covers everything from gas gangrene to trench nephritis. In addition to a precise and detailed study, the book presents some avant-garde theories. The incredible complexity of this book reserves it for medical experts.","У цьому другому томі серії розглянуто все — від газової гангрени до окопного нефриту. Окрім точного й детального аналізу, книга містить кілька авангардних теорій. Через свою надзвичайну складність вона призначена лише для медичних фахівців."
"[A9908318488A88BF25CF2B83EC3442D1]::F4040CBF4AB716CEAF601EA7F938C25B","Breviary of Medicine, Tome II","«Бревіарій медицини. Том ІI»"
"[AB1F9D9A44CBAA189253BE91F5F70F77]::C2875BC748A93536EA98A998CA5F4B8E","The least that can be said about this book is that its title is well conceived. The illustrations of human anatomy and dissection methods presented are illustrated in great detail. You have to have a strong heart or the detachment proper to doctors to consult its pages.","Щонайменше, назва цієї книги підібрана дуже вдало. Ілюстрації людської анатомії та методів розтину подані в надзвичайно докладній формі. Щоб гортати ці сторінки, потрібно мати або сталеві нерви, або ту саму професійну відстороненість, що й у лікарів."
"[AB1F9D9A44CBAA189253BE91F5F70F77]::1F79A0634B3FC0FCE4C74DA6C28E9EDD","Handbook on Anatomy and Dissection, Book I","Посібник з анатомії та розтину, Книга I"
"[AB3042E4445F340D5EB5EE9971FFE94C]::ED3D80D64E2E1E0CAE9C30A9A162A862","This man, Francis Sanders, died right before my eyes. Tortured by the doctor, a dirty bandage covering his eyes, dying. He was lifted off the ground and his body twisted as if some invisible power was handling it. I didn't see anything but... With the gas they send into the cells, the injections, I don't know what's true. He accused Sarah Hawkins just before he died. That confirms the fact that they knew each other.","Цей чоловік, Френсіс Сандерс, помер на моїх очах. Закатований доктором, з брудною пов’язкою на очах, при смерті. Його підняло в повітря, а тіло викрутилося, ніби якась невидима сила керувала ним. Я нічого не бачив, але... З усім цим газом, яким вони накачують камери, ін’єкціями — я вже не впевнений, що реально. Перед смертю він звинуватив Сару Гокінс. Це підтверджує, що вони були знайомі."
"[AB83D52240F93C1D13CAB79F4309CF2A]::A78E80F749939C407563C58D60918FB6","Patient","Пацієнт"
"[AC819E864E3A3DF68147538F5DEA2994]::9C1BB7D1460C77D8061B5C9EA5E3ECAC","Small bottle of sleeping pills. Probably used on patients who have trouble sleeping to find slumber.","Маленька пляшечка зі снодійним. Ймовірно, застосовуються для пацієнтів, які мають труднощі зі сном."
"[AC819E864E3A3DF68147538F5DEA2994]::EC34224643744244B8B420ADF13596FC","Sleeping pills","Снодійне"
"[AC85B8F64607BEBFF5D534A97496CF40]::7C4738CC42EC9028F0D4A8A04FEFD746","Jump","Стрибок"
"[ACD0B152482224477D0EA18283CE6613]::0F3E4B9E48D5F565C3BEDBA3570B47DF","Visitor","Відвідувач"
"[AE02F5E142FA60E8F7E9F68FDCBDB649]::19C4DD964B5B6BF27296ABA9324C57C3","Darkwater Docks","Доки Дарквотеру"
"[AE1C86464A4120F41537BEA7797BA321]::556D56DE47836F46541874B77929B737","The ledger that Sarah used on Darkwater.","Книга обліку, яку Сара вела в Дарквотері."
"[AE1C86464A4120F41537BEA7797BA321]::8DDE07154D9B6B09051025B15D399265","PAGE 1 (LEFT)<lf>January - April<lf>-------------------<lf>Painting for Boston client      230.00<lf>Painting for J.F.                     170.00<lf>Painting for Boston client      200.00<lf>Painting for Boston client      230.00<lf>Painting for F.S. (exhibition)  350.00<lf><lf>PAGE 2 (RIGHT)<lf>May - August<lf>-------------------<lf>Painting for J.F.                       270.00<lf>Painting for F.S. (exhibition)    410.00<lf>Painting for Boston client        250.00<lf>Painting for F.S. (exhibition)    600.00<lf>Painting for F.S. (exhibition)    820.00<lf>Painting for F.S. (exhibition)    1160.00<lf>Painting for Dr F.                     430.00<lf>Painting for A.D.                      500.00(returned)<lf>Painting for F.S. (exhibition)    1680.00<lf>Painting for Dr F. (treatment)   -----<lf>The Shambler for F.S.             ----- (gift)","СТОРІНКА 1 (ЛІВА)<lf>Січень — Квітень<lf>-------------------<lf>Картина для клієнта з Бостона      230,00<lf>Картина для Дж.Ф.                     170,00<lf>Картина для клієнта з Бостона      200,00<lf>Картина для клієнта з Бостона      230,00<lf>Картина для Ф.С. (виставка)  350,00<lf><lf>СТОРІНКА 2 (ПРАВА)<lf>Травень — Серпень<lf>-------------------<lf>Картина для Дж.Ф.                       270,00<lf>Картина для Ф.С. (виставка)    410,00<lf>Картина для клієнта з Бостона        250,00<lf>Картина для Ф.С. (виставка)    600,00<lf>Картина для Ф.С. (виставка)    820,00<lf>Картина для Ф.С. (виставка)    1160,00<lf>Картина для доктора Ф.                     430,00<lf>Картина для А.Д.                      500,00 (повернено)<lf>Картина для Ф.С. (виставка)    1680,00<lf>Картина для доктора Ф. (лікування)   -----<lf>«Блукач» для Ф.С.             ----- (подарунок)"
"[AE1C86464A4120F41537BEA7797BA321]::8AEF705E45CE06637207ECBC1A44DC37","Sales Ledger","Книга продажів"
"[AE35D35E4DE35162A1A92BBEFF84AC93]::705726F448CECEE9751087B8813753F8","some sort of abandoned fish market... I can hear something...<lf>what's on the other side... is calling me?","Якийсь покинутий рибний ринок... Чую щось...<lf>те, що по той бік... кличе мене?"
"[AE35D35E4DE35162A1A92BBEFF84AC93]::944D0C9E4F3E17080197F2BA5C28ACB7","Get into the main room","Пробратися до головної зали"
"[AE35D35E4DE35162A1A92BBEFF84AC93]::A524E12846A083E3B682999DE5FD5B40","Sarah Hawkins… is she here?","Сара Гокінс... вона тут?"
"[AE35D35E4DE35162A1A92BBEFF84AC93]::433FD588401BBF1AC9700D8739E9CC9F","Find Sarah Hawkins","Знайти Сару Гокінс"
"[AECCE54742F3347E82C6339CA9263A6F]::91802C0B46CB73A4B42334AD21C0A936","Patient","Пацієнт"
"[B2C9EF9A46DF6087C59660B6BB19EDE1]::C1169656404452D7B89927B7B791FD1A","Nurse","Медсестра"
"[B3285A9C4B03BCF8F91032A217E7B282]::367DC14543BE3419FB0E49AF11870EA2","Drunkard","П'яниця"
"[B371C26C4CBEFC06B99E929292CE038C]::447BF285421035FD3DC02382B44BE732","Janitor","Доглядач"
"[B42BE0D0450A757334754498303BB608]::919CE0744A31D2CCC7677DB56382BEF5","Guard","Охоронець"
"[B4A036C4484E932C03EA759021D37B24]::B2A3B0C3446DE14C499F10AD10098F78","This bolt cutter is able to overcome a padlock or a chain.","Ці болторізи здатні перерізати навісний замок або ланцюг."
"[B4A036C4484E932C03EA759021D37B24]::15875389495BF5891A9A80894BD7690D","Pincers","Болторізи"
"[B57761AC45FFFD9FB75E4B8DB299E521]::C4E02AC349195656C8FBA99D78BF1C79","A bottle of local rotgut.","Пляшка місцевої паленої бормотухи."
"[B57761AC45FFFD9FB75E4B8DB299E521]::ADA3F62A4F791ADA30203A90A79ACEFB","This bottle is part of a batch stolen from Cat, the boss of the bootleggers. An excellent way to lean on the guy who guards the entrance to the warehouse.","Ця пляшка — частина партії, вкраденої в Кет, очільниці бутлеґерів. Чудовий спосіб натиснути на того, хто охороняє вхід до складу."
"[B57761AC45FFFD9FB75E4B8DB299E521]::3A61959747842B336B004AB5AC0E846A","Bottle of liquor","Пляшка бормотухи"
"[B586DCFF4A663A97F30682BFD8CE9012]::8F0C0FCA4F74122C0166C581AFFE078A","Pierce and Sarah Hawkins confronted the monster that Charles Hawkins had turned into. The man retained nothing human: tentacles replaced one of his arms, his face bore the signs of an unfinished mutation, and he was endowed with superhuman strength. He was on the point of strangling Pierce when Sarah Hawkins drove a poker into his throat. Pierce finished him off with an ax. This fight to the death left Pierce physically and mentally scarred.","Пірс і Сара Гокінс зійшлися в сутичці з чудовиськом, на яке перетворився Чарльз Гокінс. У ньому вже не залишилося нічого людського: одну з рук замінили щупальця, обличчя було понівечене незавершеною мутацією, а сила стала надлюдською. Він майже задушив Пірса, коли Сара встромила коцюбу йому в горло. Пірс добив його сокирою. Ця смертельна боротьба залишила на Пірсові глибокі фізичні та ментальні шрами."
"[B586DCFF4A663A97F30682BFD8CE9012]::694A5960411C931B4D65018D24A27C7B","Charles Hawkins","Чарльз Гокінс"
"[B658A41946B150BA5AE002B8C5F37E1E]::1E3F856D46AD11E44A0B19AE7CE381F7","I've got two possibilities to create the diversion that will allow me to get to the floor above unnoticed: the electric machine or the gas piping system. One or the other should allow me to create enough chaos for the guards to leave their posts.","У мене є два варіанти, як влаштувати відволікання, що дозволить мені непоміченим піднятися на верхній поверх: електрична машина або газова система. Одне з двох має спричинити достатній хаос, щоби охоронці залишили свої пости."
"[B658A41946B150BA5AE002B8C5F37E1E]::DA4819B54BDE7B37627AF9B47E1A28E2","Create a diversion","Влаштувати відволікання"
"[B658A41946B150BA5AE002B8C5F37E1E]::A3185D4E43AF24FF31D948BBD212EF86","A woman has come to free me. She works here as a doctor. She says that she was sent by Bradley. That she will create a diversion to distract the guards so that I can get to the floor above unnoticed. Can I trust her?","Мене прийшла звільнити якась жінка. Каже, що працює тут докторкою. І що її прислав Бредлі. Вона планує влаштувати відволікання, щоб відвернути увагу охорони й дати мені змогу непомітно пробратися нагору. Чи можу я їй довіряти?"
"[B658A41946B150BA5AE002B8C5F37E1E]::5A5CE66C46BBB3EB109900B0FBD5CA1B","Escape from the asylum","Втекти з психлікарні"
"[B733566E4B9C57FDEBFEE99DC9CFC93E]::BCD89B8D44A2EDCD4CB09DB3AAD12B2E","Patient","Пацієнт"
"[B791470347DCE056667592A839221CC0]::8E8D12374661D3DEEE200492DCD660A6","Old picture of a man with a peg-leg.","Стара світлина чоловіка з дерев’яною ногою."
"[B791470347DCE056667592A839221CC0]::183FFEA94238F34C3F160DABACBE1437","In this photograph, a man who looks like Captain Fitzroy is posing on the bridge of a ship. He has a wooden leg.","На цій світлині чоловік, схожий на капітана Фіцроя, позує на містку корабля. У нього дерев’яна нога."
"[B791470347DCE056667592A839221CC0]::14D773B041BDFB7C96F8E49DB78F96CB","Photograph of Captain Fitzroy","Світлина Капітана Фіцроя"
"[B7DB26A04E3FCAFF0C3A218BE0463537]::7447111D49A7660877559EA94EA5453B","A gang of bootlegger occupies the warehouse zone. Of course, they're standing between my trail and me. I've got to find a way to avoid them, or else to get rid of them, to continue my investigation.","Банда бутлеґерів займає складську зону. Звісно, ці люди заважають мені продовжувати розслідування. Я повинен знайти спосіб оминути їх або позбутися, щоб рухатися далі."
"[B8A2C0C249B5FF19AA02C49670E0CCE4]::706BE58648CE9C9387BE56B40B6B0B1F","I found a book in the bookseller’s safe. There was something wrong with it. It smelled of death and putrefaction. I had a bad feeling. I read it to understand why I had such feelings. What happened after that? Where am I?","Я знайшов книгу в сейфі книгаря. Щось із нею було не так. Вона тхнула смертю й гниллю. У мене було погане передчуття. Я почав її читати, щоб зрозуміти, чому відчуваю це. Що сталося потім? Де я?"
"[B8B4CABD410E7830B1CC8EA40875E667]::6AED06E34E07C471EAA34B963A8A3490","This part enables heavy loads to be lifted and held aloft without risk.","Ця деталь дозволяє безпечно підіймати та утримувати важкі вантажі."
"[B8B4CABD410E7830B1CC8EA40875E667]::295ED2EA4D6D713EED16D8BEBB7ED40E","Ratchet device","Храповий механізм"
"[B8E941C84EF29F839DC8789D139D7186]::054904F54C5EA3180609588693EBCA4A","Drake thinks that Charles Hawkins has hidden an amulet in the mansion that is able to protect Sarah Hawkins. Apparently, the symbol that is engraved upon it has influence over the powers that threaten her. If it's true, I must get my hands on it.","Дрейк вважає, що Чарльз Гокінс сховав амулет, що може захистити Сару Гокінс, у маєтку. Ймовірно, символ, що вигравіруваний на ньому, має вплив на сили, які загрожують їй. Якщо це правда, я мушу його отримати."
"[B8E941C84EF29F839DC8789D139D7186]::3BCE99444E745177A1AF289C1E614378","Find the amulet","Знайти амулет"
"[B8E941C84EF29F839DC8789D139D7186]::DC7114B443A1CE42A6D6EE993128FF23","A second drawing. Does it lead to the amulet?","Другий малюнок. Невже він веде до амулета?"
"[B8E941C84EF29F839DC8789D139D7186]::99A15BF440951F475EAF759695DBEE0D","Find the still-life","Знайти натюрморт"
"[B8E941C84EF29F839DC8789D139D7186]::D86724A14BD348C127E00F94A381F382","The drawing leads to the amulet. Where have I seen this bust?","Малюнок веде до амулета. Десь я вже бачив цей бюст?"
"[B8E941C84EF29F839DC8789D139D7186]::608308764BE8ADE9CF8417B9AC4A7A5D","Find the bust","Знайти бюст"
"[B8E941C84EF29F839DC8789D139D7186]::BE971C2F4ACDB833D3FB0BB40E295ACE","SARAH HAWKINS IS ALIVE!<lf>After Colden, everything is mixed up... The corridors grow longer...<lf>There was this voice, and all this blood coming out of abandoned cells. I followed it... She is here. <lf>She isn't dead?","САРА ГОКІНС ЖИВА!<lf>Після Колден усе змішалося... Коридори стають дедалі довшими...<lf>Було чути голос, і з покинутих камер текла кров. Я пішов за нею... Вона тут.<lf>Вона не мертва?"
"[B8E941C84EF29F839DC8789D139D7186]::88F872324EBF7CCEED61AB9656B5F027","Get Sarah Hawkins out","Вивести Сару Гокінс звідси"
"[B8E941C84EF29F839DC8789D139D7186]::C3B11628439921EC25F0C08562C9843C","I have the amulet!<lf>This symbol... It's the same as the one on the dagger, in Sanders' cell. Drake's safe! The Elder Sign.<lf>It is powerful. <lf>We might make it. I must show it to Drake.","Я здобув амулет!<lf>Цей символ... Такий самий, як на кинджалі в камері Сандерса. Сейф Дрейка! «Знак Старійшини».<lf>Він потужний.<lf>Можливо, ми впораємося. Я маю показати його Дрейку."
"[B8E941C84EF29F839DC8789D139D7186]::DF1C0ADD4E44020CFDA54E92AC8BB2D3","Show the amulet to Drake","Показати амулет Дрейку"
"[B8E941C84EF29F839DC8789D139D7186]::8A35FA384B1F2FDD91E7ADB969E924DE","Find Dr Colden","Знайти Докторку Колден"
"[B8E941C84EF29F839DC8789D139D7186]::982567EA452CDDDEC82451B7CB1E9CBF","She won't leave Darkwater. Not before having killed the Shambler. <lf>This is madness!<lf>Drake might know something; he spoke about protecting her. He's waiting for me in Charles Hawkins' office.","Вона не полише Дарквотер. Допоки не вб’є Блукача.<lf>Це божевілля!<lf>Дрейк, можливо, щось знає; він говорив, що хоче захистити її. Він чекає на мене в кабінеті Чарльза Гокінса."
"[B8E941C84EF29F839DC8789D139D7186]::3F85F19E433216BE2A28A88347E3273A","Talk to Algernon Drake","Поговорити з Алджерноном Дрейком"
"[B8E941C84EF29F839DC8789D139D7186]::1C0088824A505B2132E1868CFF0B38C7","What does she really know? What have they done to her?<lf>Her husband said that she was dangerous. <lf>Sarah Hawkins… She looks crazy. <lf>Like me?","Що вона насправді знає? Що з нею зробили?<lf>Її чоловік казав, що вона небезпечна.<lf>Сара Гокінс... Вона виглядає божевільною.<lf>Як і я?"
"[B8E941C84EF29F839DC8789D139D7186]::F483704A47CADB2B46055DA1AD9D1036","Question Sarah Hawkins","Допитати Сару Гокінс"
"[BA1D79754A09ADB094FFB299C0FB312D]::9D6A826E486CB48F9532019399975EC0","Your notebook details your current objectives. To open it, press","Ваш щоденник містить ваші поточні завдання. Щоб рогорнути його, натисніть:"
"[BA1D79754A09ADB094FFB299C0FB312D]::623B38CF4D69D252C418AF81AA2C1DFA","Objectives","Завдання"
"[BAC91EBC4584179F5725DFA23D8C5361]::7A2DD3984DA5FC0FAE0BBD953B40CEAD","Like a dictionary, this work references in alphabetical order all the medical sciences, known and practiced in the modern world. For each of the entries, the major works, and the names of the reference authorities are listed.","Як словник, ця праця подає в абетковій послідовності всі медичні науки, відомі та практиковані в сучасному світі. Для кожного терміна вказано ключові праці та імена авторитетних фахівців."
"[BAC91EBC4584179F5725DFA23D8C5361]::AADBD2A24AB0C0359D93DE8C01237F12","The Reference Book of Medical Sciences","«Довідник із медичних наук»"
"[BBD6088B44C182A8F3D0659CBB9F3D2E]::8EA54E2F49E3550B8D124A93F3DC13D8","Sarah Hawkins was interned at Riverside for fits of insanity a while before her death. She wasn't at her first attempt with the fire at the mansion.","Сару Гокінс помістили до Ріверсайду через напади божевілля незадовго до її смерті. Пожежа в маєтку була не першою її спробою."
"[BBD6088B44C182A8F3D0659CBB9F3D2E]::FC86E9E548A0C37D5DD60B85AA7198AC","Medical record of Sarah Hawkins","Медична картка Сари Гокінс"
"[BC4805AA465D28C55BD44EAEDC1781DD]::80CEB7FB41F00AE5CFC43E82B8AC776A","Riverside Institute","Інститут Ріверсайд"
"[BD21E5A74FF8366D91574EA97077C2E1]::C9258AF84F59578F7C3AEAAEEF989F1C","The key that opens the door to Sarah Hawkins' office was concealed.","Ключ, що відмикає двері до кабінету Сари Гокінс було приховано."
"[BD21E5A74FF8366D91574EA97077C2E1]::2AB8497D4689B453AA24428E13562E99","Office key","Ключ від кабінету"
"[BE3BA3B8459CDF3E0297B7A171144147]::69222D584F3A7B87A5036D958E9EB1A8","Getting into the institute wasn't a problem. Finding Colden and getting out with her might prove to be more difficult.","Пробратися до інституту не було проблемою. Знайти Колден та вивести її звідти може виявитися значно складніше"
"[BE3BA3B8459CDF3E0297B7A171144147]::B938CC044644E3BD77B490A7CF3433FF","The Nameless Bookstore","«Безіменна книгарня»"
"[C0AFDD1A4B07171ADBB3A59258B89E3E]::5A3231614D78A3514D7E8782B864BF67","Thursday 25th June 1847<lf><lf>35N, 59W. Fitzroy encouraged the men all day. They are in shock and can’t overcome their trauma. They say they can hear the screams of their comrades turned mad. Some of them hurt themselves in a desperate attempt to stop the visions that haunted them. Others chose to embrace them. <lf><lf>Fitzroy is one of the latter. He named the beast « Leviathan » because he believes in his biblical nature. I told them to get rid of it before it’s too late. This thing is not the work of God.","Четвер, 25 червня, 1847-й<lf><lf>35° пн. ш., 59° зх. д. Фіцрой підбадьорював екіпаж увесь день. Деякі з них все ще не можуть забути крики своїх товаришів, які збожеволіли. Дехто завдає собі шкоди у відчайдушній спробі припинити галюцинації, що їх переслідують. Інші ж обрали прийняти їх.<lf><lf>Фіцрой належить до останніх. Він назвав чудовисько «Левіафан», бо вірить у його біблійну природу. Я сказав їм позбутися цього, поки не стало занадто пізно. Це штука – не є діянням Бога"
"[C0AFDD1A4B07171ADBB3A59258B89E3E]::0C31952C4B78AD2FC86CB8B6D5972297","Page torn from log 3","Третя вирвана сторінка з журналу"
"[C1ED06254E036D7BC81C348C6AD4F975]::F84B44E74CF098D23A0731AC33AF62D9","Enter madness","Поринути в божевілля"
"[C240020C4525C48A66A8BDA34AB069A7]::CFB85C70475AC6A50461079C4A3F01D0","Colden is dead. Fuller is the murderer!<lf>I'll kill him. I must get out.","Колден мертва. Фуллер — вбивця!<lf>Я вб'ю його. Мені треба вшиватися."
"[C249ED0E4609F271568079947DD6C56B]::2EEAF85A45CD92260943AA870E9E367A","Nurse Elizabeth","Медсестра Елізабет."
"[C2DA2C95418F260CA8E62482583CCDE6]::6FCBBAFC4834C154A90056A8CFEBDD9A","Police station","Відділення поліції"
"[C2F70DE4405F1A15718C12BE4CB23E8E]::E3BB8B5F46932E7E716AA488597A6F73","Nurse","Медсестра"
"[C32E860D449F3BFB27DF918DB33F07B3]::D4BCCB09436E08F96388759C4AB06C43","Drunkard","П'яниця"
"[C3E5C6814103C93F4B26C8B59F05E0D0]::CB0B52D0423323A158673BB2E1A76469","Cove","Бухта"
"[C5293955429F960C910378929AA517C6]::61BF7BDE4477468478AD48A633DF6E00","This pseudo-scientific work by Caesare Lombroso correlates an individual's morphology with his criminal predispositions. The seriousness of this study and the accuracy of the demonstrations can deceive an uninformed reader.","Ця псевдонаукова праця Чезаре Ломброзо пов’язує морфологічні особливості людини з її схильністю до злочинності. Серйозність викладу та переконливість демонстрацій можуть ввести в оману недосвідченого читача."
"[C5293955429F960C910378929AA517C6]::234B375240EEDDBE44B1E98C9C23E212","Uomo Delinquente","«Uomo Delinquente» («Людина-злочинець»)"
"[C637BB2142863213BFEF739D3EC03891]::FE12454C4B3672A0AC0127B3852BE128","Examine the dying patient","Оглянути помираючого пацієнти"
"[C637BB2142863213BFEF739D3EC03891]::75CFCF5F411037A132708794AA52B277","Get into Fuller's office","Пробратися до кабінету Фуллера"
"[C637BB2142863213BFEF739D3EC03891]::0048E88E484EFA242F6A24A829D4A479","Go down into the psychiatric wing","Спуститися до психіатричного відділення"
"[C637BB2142863213BFEF739D3EC03891]::30EAF2274C93AD2B5DB3EF873CD19112","Search Fuller's office","Оглянути кабінет Фуллера"
"[C6457DF6456A518E86E8A1ACD15D5050]::17AF39CD4FD7DFDAF09CC4BDABD3232C","This first aid kit will be useful. These possessed madmen are wiping out Darkwater, and I count on leaving here alive.","Ця аптечка стане в пригоді. Ці божевільні, одержимі чимось, винищують Дарквотер, а я маю намір вибратися звідси живим."
"[C6457DF6456A518E86E8A1ACD15D5050]::94960CCB48F01C52806B90BDD5990701","First aid kit","Аптечка"
"[C65EFD60401405D432703BAAB5F766A4]::09ADD7D9457DB0C2949836B7E26AF853","A precise and very detailed treatise on the particularities of the human body compared to the animal world. The simplicity of its writing and the vulgarization of its vocabulary make it accessible to the profane.","Точний і дуже детальний трактат про особливості людського тіла в порівнянні з тваринним світом. Простота викладу та спрощена термінологія роблять його доступним для непрофесіоналів."
"[C65EFD60401405D432703BAAB5F766A4]::E274384E46CF2A405C3332B22A6FBFD3","The Human Body, a Comparative Analysis","«Людське Тіло, Порівняльний Аналіз»"
"[C694C6144FDFA58FD4DBF6B1A5DA5C39]::C5B8EED2410E0FF205828DA4065D056A","Sarah Hawkins’ interview","Інтерв'ю із Сари Гокінс"
"[C694C6144FDFA58FD4DBF6B1A5DA5C39]::A48D08374839C03AF47F63B827B0A68F","This cylinder was hidden inside Fuller’s office. He recorded his thoughts about one of the many psychanalysis sessions he submitted Sarah Hawkins to.","Цей циліндр був захований в офісі Фуллера. На ньому він записав свої роздуми щодо одного з численних сеансів психоаналізу, яким він піддавав Сару Гокінс."
"[C73081DD4D3BA1EA34CB09A442586E56]::E22EA46E40234B4F9E9A358CCAA5F2CC","Does the patron saint of whales and whalers still protect the sailors of Darkwater? Visibly, there were other gods before Saint Brendan, and their worshipers do not seem to be of this opinion. The locals still worship the old saint, but a mark was made on the statue by another cult.""<lf><lf>Extract from the notebook of Edward Pierce, private detective.","«Чи продовжує покровитель китів і китобоїв захищати моряків Дарквотеру? Схоже, що до святого Брендана існували й інші боги, і їхні послідовники, вочевидь, не поділяють цієї думки. Місцеві мешканці досі шанують старого святого, але на його статуї залишили знак адепти іншого культу.»<lf><lf>Фрагмент із записника Едварда Пірса, приватного детектива."
"[C73081DD4D3BA1EA34CB09A442586E56]::BA4A4F174E0D0056034567898B59380A","Saint Brendan","Святий Брендан"
"[C7BF6ACD44F63554D8E781BD9E400BF5]::EEE2498E41ED42F53F4DEA8019187A21","The body of Chief West was found in a warehouse on Cat's territory. By following the trail of blood, she discovered the identity of the killer: a member of the cult that is currently running amok on the island. Impossible, on the other hand, to explain how she uncovered the following information: the presence of Captain Fitzroy and, especially, that of Sarah Hawkins. Algernon Drake, who was supposed to have stayed with her in the mansion, appears nowhere in this strange reconstruction.","Тіло шерифа Веста було знайдено на складі підконтрольному Кет. Слідуючи кривавому сліду, вона виявила особу вбивці: члена культу, що зараз чинить безлад на острові. Втім, неможливо пояснити, як їй вдалося з’ясувати наступну інформацію: присутність капітана Фіцроя та, зокрема, Сари Гокінс. Алджернона Дрейка, який, за чутками, залишався з нею в маєтку, немає в цій дивній реконструкції подій."
"[C7BF6ACD44F63554D8E781BD9E400BF5]::063ADC0D489F984C64CA8CADA0A70CA0","The crime scene","Місце злочину"
"[C84A8B1D4258429F4C634BACB420A712]::C3E0E5594A4DA1203470A7AA1B9B6BE8","Guard","Охоронець"
"[C8A4D9474394C61C74DFB4AAD0C79692]::D995818A471F69FD66276CAD4B163378","A message found in Fuller's office","Повідомлення, знайдене в кабінеті Фуллера"
"[C8A4D9474394C61C74DFB4AAD0C79692]::B867872743032572BACE4C8E56EB20B9","Thomas,<lf><lf>Don’t know what game you are playing, nor do I care.<lf><lf>Next time you change the combination without telling me, I’ll have you gutted in your sleep.<lf><lf>Let us be friends again, shall we? Like the old times. Show me you still care. Do you remember the day when it all started? “The greatest catch of all times” — you were the one who said it.<lf><lf>I’ll send someone collect the documents tomorrow. For your sake, I trust you’ll have the combination changed. Hope you have good memory with dates.<lf><lf>Jo","Томасе,<lf><lf>Не знаю, в яку гру ти граєш, і чесно кажучи — мені байдуже.<lf><lf>Наступного разу, коли змінюватимеш комбінацію без мого відома, заріжу тебе уві сні.<lf><lf>Але давай знову будемо друзями, гаразд? Як у старі добрі. Покажи, що тобі не байдуже. Пам’ятаєш той день, коли все почалося? «Найбільший улов усіх часів» — це ти так сказав.<lf><lf>Завтра відправлю когось за документами. Для твого ж блага, сподіваюся, ти змінив комбінацію. Сподіваюся, ти добре пам’ятаєш дати.<lf><lf>Джо"
"[C8A4D9474394C61C74DFB4AAD0C79692]::7E84E62840D0D128DD0886B830AF475B","Crumpled note","Зім'ята нотатка"
"[CBC4C4A941B698B285EBDA967C1003E7]::B2A6363649607B4A37A3E9951FD789AE","A series of studies on an unknown symbol.","Серія досліджень невідомого символу."
"[CBC4C4A941B698B285EBDA967C1003E7]::43FECADE4F78B17062A5BA8B7B68872E","Drawing","Начерк"
"[CC641C3B4BF231C680D724BADC9A56C7]::C10B96B445D858E690EE269E776E76D9","Reality","Реальність"
"[CC9160C24B0CDE3CE2E481963ED60F0B]::B61E59F447C1EB5C1C1AB9B13BA125AB","According to his record, the patient seems to suffering from psychosis. He gouged his own eyes out in an attack of delirium.","Згідно з медичною карткою, пацієнт, схоже, страждає на психоз. Під час нападу марення він сам собі виколов очі."
"[CC9160C24B0CDE3CE2E481963ED60F0B]::D7DBE7BA498F162D0B9F478FE62A90E1","Medical record of Francis Sanders","Медична картка Френсіс Сандерс"
"[CD322738492EABB02C0AD8802D24E37B]::739038FB4DE2BB809F6A2C8977F79D25","This very interesting book, aimed at a wide public, demonstrates how non-recognized sciences have influenced modern medicine. Magnetism, grandmother's secrets, Chinese acupuncture, hypnosis, herbal medicine, alchemy and many others have contributed, to a certain extent, to the enrichment of medicine at the beginning of this century.","Ця вельми цікава книга, розрахована на широку аудиторію, демонструє, як нетрадиційні науки вплинули на сучасну медицину. Магнетизм, бабусині секрети, китайська акупунктура, гіпноз, фітотерапія, алхімія та багато інших — усе це в певній мірі сприяло збагаченню медицини на початку цього століття."
"[CD322738492EABB02C0AD8802D24E37B]::8AEA16CE47985DF02F96F8B635469477","Medicine and Secret Sciences","«Медицина й Таємничі науки»"
"[CE6D9830495EFD0BEC11078FAF4FF624]::2D70F60E4C4E044CA1435EA7E224CA67","Fuller is dead. I'd have great difficulty explaining what exactly happened. We were really no longer of this world, that's for sure, and in a confused way, I know that Leviathan forced me to kill him. He did not hide the fact that he wanted his death.","Фуллер мертвий. Мені було б дуже важко пояснити, що саме сталося. Ми точно вже не були в цьому світі, і десь у глибині душі я знаю, що Левіафан змусив мене його вбити. Він і не приховував, що прагне його смерті"
"[CF5812CE484D4F1711A05BB607811265]::12957DE845721F734401F9944E289698","A forgotten photograph in the offices of the whaling station. Only a handful of the Scylla crew is present. Captain Fitzroy and Dr. Fuller are included. It is dated 1847.","Забута світлина в кабінетах китобійної станції. На ньому присутні лише кілька членів екіпажу «Сцилли». Серед них капітан Фіцрой та доктор Фуллер. Світлина датована 1847 роком."
"[CF5812CE484D4F1711A05BB607811265]::AA09251948AB9793C80ABFB5FADA7910","Photograph of the crew of the Scylla","Світлина екпіажу «Сцилли»"
"[CF9EDB97444002CAA9A16DB92B5F57AD]::BE033BFE4890E69B6494998FB8A338AA","Underground tunnels","Підземні тунелі"
"[CFB7AE91423B8A924D0F469AEDBB7C7E]::B9FB787540A2846F71C6F7B77ED9D960","Strong common rope, often used by sailors.","Міцна звичайна мотузка, яку часто використовують моряки."
"[CFB7AE91423B8A924D0F469AEDBB7C7E]::AD0783154BC5E155EA7D06AD246990FA","This rope looks solid","Ця мотузнка виглядає міцною."
"[CFB7AE91423B8A924D0F469AEDBB7C7E]::FF2E13EB49D11EDDEEBDFAAA363B7C2F","Rope","Мотузка"
"[D030CE874EF8E2BF0DD9C78F1C81E876]::2D408A364889645634BD6CA3A6829C5D","Since the fire in the Hawkins mansion, the dining room has remained intact. The settings allow the places occupied by the family members to be determined. Visibly, etiquette was respected, even in private: Charles Hawkins sat at the head of the table, with wife and son on either side. The knocked over chair could be due to something that happened after the fire, or it could confirm the theory of a domestic argument. Clearly, the roast was untouched in certain plates. The meat, mysteriously preserved since then seems to have been the subject of the dispute between the Hawkins couple.","Від часу пожежі в маєтку Гокінсів, їдальня залишилася недоторканою. Накриття на столі дозволяють визначити місця, які займали члени родини. Очевидно, що етикет дотримувався навіть у приватному житті: Чарльз Гокінс сидів на чолі столу, з дружиною та сином по обидва боки. Перекинуте крісло могло з’явитися вже після пожежі, або ж підтверджує припущення про сімейну сварку. Очевидно, що смажене м’ясо в деяких тарілках лишилося неторканим. Цілком можливо, саме воно й стало причиною суперечки між Гокінсами, адже досі якимось дивом збереглося."
"[D030CE874EF8E2BF0DD9C78F1C81E876]::A04C44C74D6E10FA985D4FB33F653CA3","The last supper","Остання вечеря"
"[D07EFDFE46752CFEA6F5B29B2D4B2C5D]::E6CFD81949575BFC4D58BD95F632C035","This will affect your destiny","Це вплине на твою долю"
"[D1A00CD54E98946C085920AEB1B6A54E]::D68AF8054C26C57E5C2D72A1C26BD1BB","The Chantey Office is the headquarter of Darkwater’s local newspaper.<lf>A new issue is on the islanders’ doorsteps every Sunday, and it covers local events and affairs almost exclusively.<lf>The editorial staff of The Chantey is made up of only two people, and occasionally serves also as a letterpress printer for local business owners and families.<lf>Named after the work songs sailors used to sing on board, The Chantey was founded in 1845, in response to the growing need of economy updates on the flourishing whaling industry.","Офіс «Ченті» — це головний офіс місцевої газети Дарквотера.<lf>Щонеділі мешканці острова знаходять свіжий номер у себе під дверима — газета майже виключно висвітлює місцеві події та справи.<lf>Редакція «Ченті» складається всього з двох осіб і час від часу виконує роль друкарні для місцевих підприємців та сімей.<lf>Названа на честь робочих пісень, які моряки співали на кораблях, «Ченті» була заснована в 1845 році у відповідь на зростаючу потребу в новинах економіки, пов’язаній з процвітаючою китобійною промисловістю."
"[D1A00CD54E98946C085920AEB1B6A54E]::2A3B38714C859B2BC8C3388C3B13B958","The Chantey Office","Офіс «Ченті»"
"[D1C3C2F24871BEA31EC00A98C59949CC]::098877F24D3E46234755309F4365BD20","Guard","Охоронець"
"[D1D75DA8466AE99419FD22AB9A95BE92]::3012D4AB49BDECBC568C3186F2C0D281","Patient","Пацієнт"
"[D1E8272F41218566AF1434900B848C74]::D956BE134BB3A4ADA3E3C289D3DA5013","Explore the caves","Дослідити печери"
"[D1E8272F41218566AF1434900B848C74]::9301E88944222ACAB3D74B9BEA8A6237","A heavy gate blocks the passage. I must find another way to get into the main cave.","Важкі ворота перекривають прохід. Мені потрібно знайти інший шлях, щоб потрапити до головної печери."
"[D1E8272F41218566AF1434900B848C74]::392CF6F24B313BA9C8FDA8B4B8DAE5C9","Go to the main cave","Потрапити до головної печери"
"[D1E8272F41218566AF1434900B848C74]::9F71C8B04EFD111EA6D7B78F0041AB2E","Find the thief's trail","Відстежити слід злодія"
"[D1EF95D54DB408DE6DA2E9A87C17B7A8]::AAB8060046B15F6EFCE5F8B733043E36","Reading unholy books will impact your Mental Sanity.","Читання нечестивих книг впливатиме на ваш Ментальний Стан."
"[D1EF95D54DB408DE6DA2E9A87C17B7A8]::D3089CDD45FA5384CD35EBB138EC0D30","Item of knowledge","Предмет знань"
"[D1F83E4847A5C714B0941BBBC31D327F]::29675CBC46D8B569E82B3A8031DA71C9","The strange antechamber hidden at the entrance to the network of caves raises new questions. The presence of a table and three chairs leads to the belief that Charles Hawkins used the place for meetings in small groups. The existence of objects with esoteric connotations is more worrying, since they lead to the impression that we may be in the presence of a cult. Moreover, the torn fabric, revealing Sarah Hawkins' presence in the place, does raise questions: was she in danger because she discovered these tunnels?","Дивний передпокій, прихований при вході в мережу печер, породжує нові запитання. Наявність столу і трьох стільців дає підстави вважати, що Чарльз Гокінс використовував це місце для зустрічей у вузькому колі. Існування об’єктів з езотеричними коннотаціями викликає ще більше занепокоєння, оскільки створює враження, що ми можемо мати справу з окультною організацією. Більше того, розірвана тканина, що свідчить про присутність Сари Гокінс у цьому місці, викликає питання: чи була вона в небезпеці через те, що виявила ці тунелі?"
"[D1F83E4847A5C714B0941BBBC31D327F]::3279C9C04A291BD5A3CE6DA1B1E9E478","The underground antechamber","Підземний передпокій"
"[D47A658640EA6FFA8D3F14A9F5B896C6]::23C049CE481293A29544E8AA70492796","Banish the Shambler","Вигнати Блукача"
"[D47A658640EA6FFA8D3F14A9F5B896C6]::257586114478199548ABE383F9EEC400","Find Drake","Знайти Дрейка"
"[D4A5B94E4423AD39D9E864AF280F3503]::F31439CB4DF1E9C95BD3A4BE4BEDB361","Note to staff:<lf><lf>Last week's incident caused significant damage to the infrastructure, putting a stop to current experiments. This is unacceptable.<lf>From now on, the wheels to operate the gas stopcocks must be kept in the storage room after each use. Moreover you must keep the register of use up to date. <lf><lf>Doctor Fuller","Примітка для персоналу:<lf><lf>Інцидент, що стався минулого тижня, завдав значної шкоди інфраструктурі та зупинив поточні експерименти. Це неприпустимо.<lf>Відтепер ручки газових запірних клапанів після кожного використання мають зберігатися в коморі. Також слід регулярно оновлювати журнал використання.<lf><lf>Доктор Фуллер"
"[D4A5B94E4423AD39D9E864AF280F3503]::1964C91A4AF17BB7DD4F1FB687D5D431","Note to staff","Примітка для персоналу"
"[D564D72F4A4CDD89565DC59BF5D467FE]::4D5541E6458AE5F51879028F85B5C83A","There's how many of them working in these caves? Are they all inhabitants of Darkwater? There's no doubt about it, the Hawkins knew…","Скільки їх там працює в цих печерах? Невже всі вони — мешканці Дарквотера? Без сумніву, Гокінси знали про це..."
"[D56513654DBE8B790A6255970E2957BA]::D04CDFFC4DA198A077458D8813BC0493","Wednesday 23rd June 1847<lf><lf>33N, 53W. The morning is biting cold. This creature made us work hard. Half of my crew is dead. I've never seen such a thing. I do not even know how to describe what happened. It's as if the creature was talking inside our heads. Some of my men went crazy and jumped overboard. This thing is not a whale. It's far bigger. I don't even know how to describe it. It practically gutted our ship with these tentacles. I don’t know how, my harpoon finally pierced the skull of this monster. The crew is in a sorry state. Fuller looks after the injured, but some will not recover.","Середа, 23 червня<lf><lf>33° пн. ш., 53° зх. д. Ранок холодний і пронизливий. Ця істота змусила нас добряче попрацювати. Половина мого екіпажу мертва. Я ніколи не бачив нічого подібного. І навіть не знаю, як описати те, що сталося. Неначе ця істота говорила в наших головах. Дехто з моїх людей збожеволів і вистрибнув за борт. Це не кит. Воно набагато більше. Воно майже розірвало наш корабель на шматки своїми щупальцями. Не знаю як, але мій гарпун урешті-решт пробив череп цієї потвори. Екіпаж у жалюгідному стані. Фуллер доглядає поранених, але деякі не виживуть."
"[D56513654DBE8B790A6255970E2957BA]::B5AA82D54107A34B4FC9E9828D764789","Page torn from log 2","Друга вирвана сторінка з журналу"
"[D5DAB04C4965EC5A79AACC9370B840CD]::9FF4622148DFF8CF9C5821B2F4FBA7AA","Hawkins Manor","Маєток Гокінсів"
"[D6E7F5364AFA5C03F73B09AA50FD62F9]::FD2167CA4147503BAC3354925B284673","I had a new vision! This time, I saw Sarah Hawkins et Algernon Drake fight the Dimensional Shambler. They banished the creature… But at what cost? SH touched the painting… What has she done?","У мене було нове видіння! Цього разу я бачив, як Сара Гокінс і Алджернон Дрейк борються з Міжвимірним Блукачем. Їм вдалося вигнати створіння... Сара торкнулася картини... Що вона наробила?"
"[D786049347215C9082F236B8B299373C]::8EF39F204EE54A3965943D92E9FBB416","On the approaches to Darkwater, I saw thick clouds masking the sky. They were so low, they seemed intent on impaling themselves on the sharp reefs that circle the island. Fitzroy, the captain of the only tub that manages to float to the mainland, offered to help me. He may have documents that belonged to Charles Hawkins.","На підходах до Дарквотера я побачив густі хмари, що затуляли небо. Вони були так низько, ніби прагнули насадитись на гострі рифи, що оточують острів. Фіцрой, капітан єдиного корита, якому ще вдається якось доплисти до материка, запропонував допомогу. У нього можуть бути документи, що колись належали Чарльзу Гокінсу."
"[D78D897348CAA5A7BE62399C43258EBC]::A3A730534592CE44E86BDE8D99A07052","Patient","Пацієнт"
"[D7E452E0412AD8956ACF8F82391A434A]::8B6E651647DDCCEC4FCE49B761F81FB9","The doctors prescribed them when I returned from the war. They swore that they would put an end to the nightmares. But for a while now, their effect has been wearing off.","Лікарі прописали його, коли я повернувся з війни. Вони обіцяли, що кошмари припиняться. З певного часу ці таблетки стають дедалі менш ефективними."
"[D7E452E0412AD8956ACF8F82391A434A]::D86430704B756801B2100FA050B70DF3","Sleeping pills","Снодійне"
"[D83A58434FC37E60CAF068B8691E7AB4]::897226694C372A5FD9F3F2AE864B4117","You must light up some items in order to interact with them.","Щоб взаємодіяти з деякими об’єктами, їх потрібно освітити."
"[D83A58434FC37E60CAF068B8691E7AB4]::8C5E50E140F8BABC3815BEA40C6BB897","Counter darkness","Освітіть темряву"
"[D8422B0E4949842F3AB98D881BD2B3EB]::585D79944F9C4E418E580C94D76714B6","The painting was exposed in Francis Sanders' gallery, but I think that the creature no longer requires it for movement. It went to hunt down Sanders in the cellars of the Riverside Institute. I do not know where it comes from, but one thing is sure: it's starving. <lf>Did I succeed in sending it back to its world? I am not sure.""<lf><lf>Extract from the notebook of Edward Pierce, private detective.","«Картину виставляли в галереї Френсіса Сандерса, але я гадаю, що створіння вже не потребує її для пересування. Воно вирушило полювати на Сандерса в підземеллях Інституту Ріверсайд. Я не знаю, звідки воно прийшло, але одне можна сказати точно: воно голодне.<lf>Чи вдалося мені повернути його у власний світ? Я не впевнений.»<lf><lf>Фрагмент із записника Едварда Пірса, приватного детектива."
"[D8422B0E4949842F3AB98D881BD2B3EB]::55D13D4F465A8A79A20077A726A018EF","Painting of the Shambler","Зображення Блукача"
"[D85EC7E346CCC6866F2D188F3298F06E]::A7231D2D4623EA013D86CC91A346CA56","Guard","Охоронець"
"[D8ABBAA64ACB864911A6E4A26C1C177E]::9A95D533439E309AF4862DBB823FA172","In this photograph, Fuller is posing, surrounded by all his staff. However, the date doesn't make sense.","На цій світлині Фуллер позує, оточений усім своїм персоналом. Але дата не має сенсу."
"[D8ABBAA64ACB864911A6E4A26C1C177E]::94F9349D40E8156E8E818C9D2F36023D","Photograph of Doctor_LastName}","Світлина доктора Фуллера"
"[D8B288D44A14F55BBA35D7BA674DA05C]::AD966CAF4354ED552EEBEA9C9BBAB4A2","Hold","Затисніть"
"[D8B58F7048A4DFFD74B6349AEBDCA5DA]::A2DDDF5C48EBADCA0990909F83F7E01F","We got out, but Charles Hawkins caught us... Completely changed... Nothing human left...<lf>He's dead.<lf>We killed him...","Ми вибралися, але на нас напав Чарльз Гокінс... Повністю мутувавший... У ньому не залишилося нічого людського...<lf>Він мертвий.<lf>Ми його вбили..."
"[D95CFC8C4BB4FE223AA984813C1D16D0]::D913627E42C8BB28794D08AB587DBC44","To leave a reconstruction scene, hold","Щоб вийти зі сцени реконструкції, затисніть:"
"[D95CFC8C4BB4FE223AA984813C1D16D0]::A56F30B949DBB5313A8D61B35920DE00","Reconstruction","Реконструкція"
"[D984A33A48935E8A5D3919861A587D2A]::58F5BD5D47BF63A0B4E1FFB8D175C128","Riverside Institute","Інститут Ріверсайд"
"[D9B8780A411C0C7B9918A1927752E473]::60D540B24257629C94303584B63E3A92","Patient","Пацієнт"
"[D9FBDE4C4A956FF54A0DAA828184166B]::87CEDBFA4B3C1518A349DA8FF722BFDF","Cat… Did she go after Fitzroy? She followed the murderers’ trail and found cultists, again. What about Sarah Hawkins? Did she leave to join them?","Кет... Невже вона пішла за Фіцроєм? Вона йшла слідом убивць і знову натрапила на окультистів. А що з Сарою Гокінс? Вона теж приєдналася до них?"
"[DA35E59F49BCC13EDA6F2DA899DD4E2D]::DD095A184974364C22B2249A489C5F8D","Patient","Пацієнт"
"[DA7041114838F704F54B97AE6252B770]::490FD7014BAF9DC7F49C9EB2D75C6DAD","Consult diary","Розгорнути щоденник"
"[DA7041114838F704F54B97AE6252B770]::21632583435CB2ACAF0027AD0F4B09BB","New objective","Нове завдання"
"[DAFEFE704D10684593F161A4706BAB7B]::1E3D77374E0250AEF16E35885C9F4A17","Hawkins Manor","Маєток Гокінсів"
"[DBEDB1354AD3B8EA1512C0B321FF1BEE]::A79D88AC4D726444DAD11BA052224AF4","Sketch of a bust","Ескіз бюсту"
"[DBEDB1354AD3B8EA1512C0B321FF1BEE]::3766B1ED4F5C79C4FEB03B82A9CB68E5","This sketch must guide me to the artifact concealed by concealed Charles Hawkins. Where have I already seen it?","Цей ескіз має привести мене до артефакту, прихованого Чарльзом Гокінсом. Де я його вже бачив?"
"[DC26F705455057A3593CADA60D4F4481]::8D145E8C4E8A67CFC3819E9783D01BB8","Friday 4th June 1847<lf><lf>53N, 53W. We are starving. The fish seems to have deserted these waters. If I don't quickly find an answer to this crisis, Fitzroy could well set off a mutiny. Each day, more and more men believe in his tales of a «Miraculous Catch ».<lf>Merciful God, help me.<lf><lf>Wednesday 9th June 1847<lf><lf>57N, 51W. We sighted an enormous whale further to the south. The biggest we've ever seen Fitzroy keeps telling the men that this is the Miraculous Catch he promised them. We will catch it and bring it back home to feed our families.","П’ятниця, 4 червня 1847<lf><lf>53° пн. ш., 53° зх. д. Ми голодуємо. Риба наче покинула ці води. Якщо швидко не вирішити цю проблему, Фіцрой може спровокувати бунт. Щодня все більше людей вірять у його казки про «Дивовижний улов».<lf>Боже милосердний, допоможи мені.<lf><lf>Середа, 9 червня 1847<lf><lf>57° пн. ш., 51° зх. д. Ми побачили величезного кита далі на південь. Найбільшого, що коли-небудь бачили. Фіцрой весь час каже хлопцям, що це той самий «Дивовижний улов», який він обіцяв. Ми спіймаємо його і повернемося додому, щоб нагодувати наші сім’ї."
"[DC26F705455057A3593CADA60D4F4481]::64E15E8646DB367A7C027683268239DD","Page torn from log 1","Перша вирвана сторінка з журналу"
"[DC3A2FE8407E8DD317FAD0B551912D05]::D4BEFC5A416C148369B3DC99A482C84D","Sarah Hawkins","Сара Гокінс"
"[DCC6357F4A49B4FCA4E4B787276AC242]::A9CC88F4453C6A785C08328844E5A02D","To equip your weapon, press","Щоб дістати зброю, натисніть:"
"[DCC6357F4A49B4FCA4E4B787276AC242]::56F14EF6449FE4AD7976F8B5D31A36E0","Arm yourself","Озбройтеся"
"[DDE4C8A047CC6CD9788CFE8B666D0DD3]::ED45BF63424DE1EAAAC22BB058B63B58","The Scylla was a whaler that ended up stranded on the reefs near Darkwater harbor. The old tales tell it happened after a fierce battle against a gigantic whale, on June the 23rd, 1847. Regardless what the true story is, the Scylla’s wreck stands as a memento of the golden age of whale hunting, and the symbol of the slow decline of the fishing  community in Darkwater.","«Сцилла» була китобійним судном, яке застрягло на рифах біля гавані Дарквотера. Старі легенди розповідають, що це сталося після запеклої битви з гігантським китом 23 червня 1847 року. Незалежно від того, яка справжня історія, уламки «Сцилли» залишаються пам’яткою золотого віку китобійного промислу і символом повільного занепаду рибальської спільноти в Дарквотері."
"[DDE4C8A047CC6CD9788CFE8B666D0DD3]::63CBB1C7417F9239D24A67A72D4F567B","Scylla's Wreck","Уламки «Сцилли»"
"[DE5141514142604B532E72B6BDDC92AD]::268009D347FE4032A45A20AD9D01D462","Gain access to Sanders' gallery.","Отримати доступ до галереї Сандерса."
"[DE5141514142604B532E72B6BDDC92AD]::66CDB6FB492AE54FB9569DBB05881A23","Examine the Shambler","Оглянути «Блукача»"
"[DE5141514142604B532E72B6BDDC92AD]::3B3174F549E1A55E16958BBB3D55C194","In theory Francis Sanders was a renowned art collector. I must question his widow, Irene Sanders, to know more about his links with Sarah Hawkins and to discover the identity of the visitor he talked about before he died.","Теоретично Франсіс Сандерс був відомим колекціонером мистецтва. Мені треба поговорити з його вдовою, Ірен Сандерс, щоб дізнатися більше про його зв'язки з Сарою Гокінс та розкрити особу відвідувача, про якого він говорив перед своєю смертю."
"[DE5141514142604B532E72B6BDDC92AD]::D2E0E6E84C50C335A1A49C859AFA5F4A","Talk to Sanders' widow","Поговорити з вдовою Сандерса"
"[DE682C7448B17CB58B5238A595498F4D]::C02072DD40DE41EE69C599B77A936D96","Adjust the brightness so that the darkest icon is barely visible.","Відрегулюйте повзунок яскравості так, щоб найтемніший значок був ледь помітним."
"[DE682C7448B17CB58B5238A595498F4D]::7C680DE441A5E3E72196EAB86A5D76F8","Adjust brightness","Налаштувати яскравість"
"[DE682C7448B17CB58B5238A595498F4D]::9D340F31489A3E956745958D380FA4AB","SELECT","ВИБРАТИ"
"[DE76C3304860A9D7927735A37C3677AB]::9EE42D9C402F9CD625C3B5BDEB5A220D","Nurse","Медсестра"
"[DF2EAA874610092E2F1DFD88D33DA4C6]::45635EDA4F82AA09EF0D2D963656B207","Guard","Охоронець"
"[DF967EE843BF0B528BF915B055097ACC]::02D7922B4FE89E4C639167AE2AD5E14A","Activate","Активувати"
"[DF967EE843BF0B528BF915B055097ACC]::10674DB04243EF80575965931BB3B5B4","Analyse","Аналізувати"
"[DF967EE843BF0B528BF915B055097ACC]::D72B65764663D0A8B2C1FD9E1A51CA06","Examine","Дослідити"
"[DF967EE843BF0B528BF915B055097ACC]::C7A07AEA4A64A73822128FAF9ED11893","Investigate","Розслідувати"
"[DF967EE843BF0B528BF915B055097ACC]::774B890845F018149393F1B5AA968442","Look","Оглянути"
"[DF967EE843BF0B528BF915B055097ACC]::BA634290457B67A3FE77CA90D96737A6","Off","Вимк."
"[DF967EE843BF0B528BF915B055097ACC]::07E72B9B4CD4ACD69270448DC9466260","On","Увімк."
"[DF967EE843BF0B528BF915B055097ACC]::EAEC6E01440FA080560D78BFF5A0E214","Pick","Взяти"
"[DF967EE843BF0B528BF915B055097ACC]::720A0C8044C6F91A17CC679248ECDFF6","Chapter 1","Розділ 1"
"[DF967EE843BF0B528BF915B055097ACC]::6D3B20944F3F71A96737EBB7EB7F5C0A","Chapter 2","Розділ 2"
"[DF967EE843BF0B528BF915B055097ACC]::7E321EC54895D15B22E7D09D8BB82293","Chapter 3","Розділ 3"
"[DF967EE843BF0B528BF915B055097ACC]::9190B67D4C08BD5B9DF5CB8340160152","Chapter 3","Розділ 3"
"[DF967EE843BF0B528BF915B055097ACC]::BD6A58C84AB75284ED9AC88C2B3BF2B0","Chapter 4","Розділ 4"
"[DF967EE843BF0B528BF915B055097ACC]::7BDF1A204B7E6EA0D5F6DC851B8BACB6","Chapter 8","Розділ 8"
"[DF967EE843BF0B528BF915B055097ACC]::D46BB50B482A491C80E00D905DC046A7","Chapter 5","Розділ 5"
"[DF967EE843BF0B528BF915B055097ACC]::13A28C094D2DDE991E8447944D2DE50E","Chapter 7","Розділ 7"
"[DF967EE843BF0B528BF915B055097ACC]::2C50C8F7462BD4536A809FB54A5CAB8A","Chapter 6","Розділ 6"
"[DF967EE843BF0B528BF915B055097ACC]::0327936A415CF01FBB29DC9697FB4F2D","Chapter 6","Розділ 6"
"[DF967EE843BF0B528BF915B055097ACC]::CA86E63043164586FFAFDF9592332129","Chapter 9","Розділ 9"
"[DF967EE843BF0B528BF915B055097ACC]::781E66244BF745EFC8ECB185C28BF340","Chapter 9","Розділ 9"
"[DF967EE843BF0B528BF915B055097ACC]::3F0F9CD54CD1DFF703CC5F9A1FD51057","Chapter 12","Розділ 12"
"[DF967EE843BF0B528BF915B055097ACC]::3F4AF3094E7236A5B21C449CC5E1D6A1","Chapter 11","Розділ 11"
"[DF967EE843BF0B528BF915B055097ACC]::01592AE24B4EDE6FD4FAAA85C463987F","Chapter 12","Розділ 12"
"[DF967EE843BF0B528BF915B055097ACC]::0BF17D1A4BB4F8B005016D870915DAB1","Chapter 10","Розділ 10"
"[DF967EE843BF0B528BF915B055097ACC]::59E6635145A9FB13EC5EB393A022AB26","Chapter 13","Розділ 13"
"[DF967EE843BF0B528BF915B055097ACC]::86DD93B54C575BD21478AC82D0FC1076","Chapter 14","Розділ 14"
"[DF967EE843BF0B528BF915B055097ACC]::C0CA49864CA5EE306718B490D0707A2C","Chapter 14","Розділ 14"
"[DF967EE843BF0B528BF915B055097ACC]::D2650E9F423841962B14F990A5BB436C","Boston, 1924. <lf>Edward Pierce, veteran of the First World War, drowns his memories in liquor and sleeping pills. He is now a private detective who has trouble finding a case able to lift him from his torpor. Pierce must find a new case quickly, or risk losing his license.","Бостон, 1924.<lf>Едвард Пірс, ветеран Першої світової війни, намагається заглушити спогади алкоголем і снодійним. Наразі, він — приватний детектив, якому важко знайти нову справу, здатну вивести його з апатії. Пірс мусить якнайшвидше знайти нову справу, інакше його позбавлять ліцензії."
"[DF967EE843BF0B528BF915B055097ACC]::AC9188DB4D4AF66177839FA9AC99B953","Pierce took the Hawkins case. The cursed artist is accused of having caused the fire that killed her and her family. As the only clue, she left her father a disturbing painting. On the shipping label, an address: a warehouse set on the docks of the island of Darkwater. The place seems to be the starting point for Pierce's investigation.","Пірс узявся за справу Гокінс. Прокляту художницю звинуватили в тому, що вона спричинила пожежу, яка забрала життя її та її родини. Єдиною зачіпкою була тривожна картина, яку вона залишила батькові. На транспортній етикетці є адреса: склад, що розташований у доках острова Дарквотер. Це місце, схоже, й стане відправною точкою розслідування Пірса."
"[DF967EE843BF0B528BF915B055097ACC]::A54F21CD484BA9ACC1BF8AAE7D3EA5A3","Pierce managed to get into the warehouse. The place, thought to be abandoned, revealed some surprises: signs of recent occupation as well as a partly charred painting. Interrupted in his searching by Officer Bradley, Pierce convinced him to join his investigation. The police officer is willing to drive the detective to the Hawkins mansion.","Пірс зумівся потрапити на склад. Місце, яке вважалося покинутим, приховувало декілька несподіванок: сліди, які вказували на те, що в складі нещодавно хтось жив, і частково обгорілу картину. Але пошуки Пірса перериває офіцер Бредлі, та детективу вдається переконати його, що вони повинні працювати разом над розслідуванням. Офіцер погодився відвезти Пірса до маєтку Гокінсів."
"[DF967EE843BF0B528BF915B055097ACC]::EA798E4D4B086DEBAFE2F1B434C966AB","Pierce and Officer Bradley explored the gardens of the Hawkins mansion. The family lies in the graveyard of the property, guarded by Silas Winchester. The old caretaker, still faithful to his employers, keeps watch on the place, armed with his ax. Pierce and Bradley managed to calm him down and, finally, get hold of the key to the Hawkins mansion. They enter the building, looking for the scene of the fire.","Пірс та офіцер Бредлі дослідили сади при маєтку Гокінсів. Родина похована на кладовищі на території маєтку. За ним доглядає Сайлаз Вінчестер — старий сторож, озброєний сокирою, що й досі, будучи вірним родині, охороняє це місце. Пірсу та Бредлі вдалося його заспокоїти й, зрештою, отримати ключ до маєтку Гокінсів. Вони заходять до будівлі, аби оглянути місце пожежі."
"[DF967EE843BF0B528BF915B055097ACC]::02DD881040E4BE88BCD87497DA45D9CC","Inside the Hawkins mansion, the scene of the fire revealed its secrets. Pierce and Officer Bradley, now on the trail of a survivor, had undertaken to search the place, looking for proof. When a hooded man leaped into Sarah Hawkins' workshop to steal a painting, detective and police officer set off after him. By following him to the office of Charles Hawkins, they discovered a secret passage. Pierce and Bradley enter the tunnel under the mansion.","Усередині маєтку Гокінсів, місце пожежі розкрило свої таємниці. Пірс та офіцер Бредлі, у пошуках доказів напали на слід уцілілого під час пожежі. Коли чоловік у капюшоні вскочив у майстерню Сари Гокінс, щоб вкрасти картину, детектив і офіцер поліції кинулися за ним. Прослідкувавши за ним до кабінету Чарльза Гокінса, вони виявили таємний прохід. Пірс і Бредлі заходять у нього."
"[DF967EE843BF0B528BF915B055097ACC]::806DC32143B3901A62BC82912050ADF3","In The Nameless Bookstore, Pierce traced the trail of an attempted burglary. He discovered that Charles Hawkins was behind the attempt. Pierce opened the bookseller's safe to find what the latter and Sarah Hawkins had hidden there. A book covered in human skin, lied inside, irresistibly attracted the detective. When he opened it, his mind was projected into another body.","У «Безіменній книгарні», Пірс відстежив сліди спроби пограбування. Він виявив, що за цим стоїть Чарльз Гокінс. Пірс відчинив сейф книгарні, щоб знайти те, що Чарльз й Сара Гокінси сховали там. Книга, обтягнута людською шкірою, що лежала всередині, непереборно приваблювала детектива. Коли він відкрив її, його розум був перенесений у інше тіло."
"[DF967EE843BF0B528BF915B055097ACC]::088D97504FEAF1E4B2E77A9F1553DD1D","Pierce and Officer Bradley followed the intruder to the secret meeting place of a cult set in a network of underground caves right under the Hawkins Manor. They witnessed a strange ceremony led by a Charles Hawkins, very much alive. Bradley tried to arrest him, but Hawkins, whose body displayed various mutations, disemboweled the police officer. As he tried to escape from him, Pierce found himself prisoner of a rockfall. Rushed to the Riverside Institute, he is in a critical state.","Пірс і офіцер Бредлі прослідкували за зловмисником до таємного місця, де зустрічаються окультисти, розташованого в мережі підземних печер прямо під маєтком Гокінсів. Вони стали свідками дивної церемонії, яку проводив Чарльз Гокінс, який дуже навіть живий. Бредлі спробував заарештувати його, але Гокінс, тіло якого було сповнене різноманітних мутацій, випотрошив офіцера. Намагаючись втекти від Чарльза, Пірс опинився в полоні каменепаду. Його доставили до Інституту Ріверсайд, де він перебуває у критичному стані."
"[DF967EE843BF0B528BF915B055097ACC]::D5A5D9514FE088394A361D950470CA0D","The Shambler turned out to be much more than an artwork painted by Sarah Hawkins, as a huge creature came out of the painting to attack Pierce. After a hard fight, the detective managed to send it back into the painting. He later discovered that the dagger he used to repel the creature had been sold to Sanders by a man named Algernon Drake, owner of The Nameless Bookstore. Pierce decides to pay the library a visit.","«Блукач» виявився чимось більшим, аніж просто картиною Сари Гокінс, адже з картини вийшла величезна істота, щоб напасти на Пірса. Після запеклої сутички детективові вдалося відправити її назад у картину. Пізніше він дізнався, що кинджал, який він використовував, щоб прогнати істоту, був проданий Сандерсу людиною на ім'я Алджернон Дрейк, власником «Безіменної книгарні». Пірс вирішує відвідати книгарню."
"[DF967EE843BF0B528BF915B055097ACC]::38C5A9BF4638B659C7D0B4A9B37228AE","Pierce, Colden and Bradley decided to team up to solve the Sarah Hawkins case. They have a new trail to follow: Francis Sanders, an art collector and friend of the painter, who died right in front of Pierce. The detective goes to his house in order to speak to his widow about the ""Shambler"", that the unfortunate man mentioned before he died.","Пірс, Колден і Бредлі вирішили об'єднатися, щоб розкрити справу Сари Гокінс. У них з'являється новий слід: Френсіс Сандерс, колекціонер мистецтва і друг художниці, який помер прямо на очах у Пірса. Детектив вирушає до його будинку, щоб поговорити з його вдовою про «Блукача», про якого нещасний згадував перед смертю."
"[DF967EE843BF0B528BF915B055097ACC]::3EFC3FBA4E04BEEE0B04E4BBF5EC2CC0","Pierce woke up in an asylum, installed in the cellars of the Riverside Institute. He met Dr Colden, a female friend of Bradley, who helped him to escape. Wandering through the corridors of this place where Dr Fuller reigns supreme, Pierce was able to talk to a man called Francis Sanders. Before dying in full view of the detective, he accused Sarah Hawkins of being the cause of his torments. Pierce finally left the accursed building, accompanied by Bradley and Colden. The companions in misfortune decide to use the Hawkins mansion as a hideout.","Пірс прокинувся у психлікарні, облаштованій в підземеллях Інституту Ріверсайд. Він зустрів докторку Колден, подругу Бредлі, яка допомогла йому втекти. Блукаючи коридорами закладу, яким керував доктор Фуллер, Пірс зміг поговорити з чоловіком на ім'я Френсіс Сандерс. Незадовго до того, як він помер на очах у детектива, чоловік стверджував, що Сара Гокінс була причиною його страждань. Пірс нарешті покинув прокляту будівлю в супроводі Бредлі та Колден. Товариші по нещастю вирішують використати маєток Гокінсів як схованку."
"[DF967EE843BF0B528BF915B055097ACC]::07C62AB94BB201960EAB7F89917BD2EB","The book projected Pierce into the body of Dr Colden. The detective watched, helplessly, as Bradley's friend carried out her inquiry. Confronted with the experiments of Fuller, she got into his office and discovered that the director of the Riverside Institute was hiding information on, if not the body of, Sarah Hawkins. But she was discovered by Fuller. Pierce must save her before it's too late.","Книга перенесла розум Пірса в тіло докторки Колден. Детектив безпосередньо спостерігав, як подруга Бредлі проводила своє розслідування. Зіткнувшись з експериментами Фуллера, вона проникла в його кабінет і виявила, що директор Інституту Ріверсайд приховує інформацію про Сару Гокінс, якщо взагалі не її тіло. Але її викрив Фуллер. Пірс повинен врятувати її, поки не стало надто пізно."
"[DF967EE843BF0B528BF915B055097ACC]::3B1EF51D4DC00197622A4E96C455A277","After the death of Colden, Pierce, victim of hallucinations, advanced inside the Riverside Institute to the point of discovering Sarah Hawkins, alive, prisoner of Dr Fuller. The last confrontation between Charles Hawkins and his wife has revealed that the man, under his monstrous appearance, tried to protect her from the influence of the Myth. He warned Pierce. If Sarah succumbs to the lure of the occult, she will lose all free will, allowing the cult to bring its plan to fruition: summon an ancient and evil god. Henceforth, Pierce must know more about Sarah Hawkins' intentions, and find a way to protect her.","Після смерті Колден, Пірс, будучи жертвою галюцинацій, просунувся вглиб Інституту Ріверсайд настільки, що знайшов Сару Гокінс, живу, ув'язнену доктором Фуллером. Останнє зіткнення між Чарльзом Гокінсом і його дружиною показало, що чоловік, прикриваючись своєю жахливою зовнішністю, намагався захистити її від впливу Міту. Він попереджав Пірса. Якщо Сара піддасться спокусі окультизму, вона втратить будь-яку свободу волі, дозволивши культу здійснити свій план: викликати стародавнього і злого бога. Відтепер Пірс повинен дізнатися більше про наміри Сари Гокінс і знайти спосіб захистити її."
"[DF967EE843BF0B528BF915B055097ACC]::1E6015AC4061248AB2CCD398E844A57B","Leviathan returned to torture Pierce with a new vision. One in which the detective will see through Cat’s eyes.","Левіафан повернувся, щоб катувати Пірса новим видінням. В якому детектив побачить світ очима Кет."
"[DF967EE843BF0B528BF915B055097ACC]::46E6385B4FEB09BE5F00F1A08116A870","Leviathan returned to torture Pierce with a new vision. One in which the detective will see through Cat’s eyes.","Левіафан повернувся, щоб катувати Пірса новим видінням. В якому детектив побачить світ очима Кет."
"[DF967EE843BF0B528BF915B055097ACC]::79FE1A0240C3DDF1A72C55B97A0E4F21","Pierce saw Cat’s worrying discoveries through her eyes. While she was searching for the murderer of a cop, she was attacked by some the island inhabitants. Pierce has yet to find if she did make it.","Пірс побачив тривожні відкриття Кет її очима. Поки вона шукала вбивцю офіцера, на неї напали мешканці острова. Пірс досі не знає, чи вдалося їй врятуватися."
"[DF967EE843BF0B528BF915B055097ACC]::3A98A28947D6B2D4CBFA00825FEA4A67","Sarah Hawkins, together with Algernon Drake, managed to permanently drive the Dimensional Shambler back, at the end of a fierce battle. However, this feat of strength cost her what was left of her self-awareness: she has succumbed to the call of the Myth.","Сара Гокінс разом з Алджерноном Дрейком наприкінці запеклої битви зуміла назавжди прогнати Міжвимірного Блукача назад. Однак цей подвиг коштував їй того, що залишилося від її самосвідомості: вона піддалася поклику Міту."
"[DF967EE843BF0B528BF915B055097ACC]::560B69254B36540A12FD2B81F15D494A","Pierce awoken in his prison cell. Bradley came in to free him, but his state forced Pierce to make an impossible choice. The detective is now after Sarah Hawkins. He hopes he will catch with the mad artist before she makes things worst.","Пірс прокинувся у своїй тюремній камері. Бредлі прийшов звільнити його, але його стан змусив Пірса зробити неймовірно складний вибір. Тепер детектив переслідує Сару Гокінс. Він сподівається, що встигне зловити божевільну художницю до того, як вона зробить щось жахливе."
"[DF967EE843BF0B528BF915B055097ACC]::D2528855419E88FEF0512791502B1C38","Thrown in prison, Pierce finally met the mysterious entity men call Leviathan. The being offered him to unveil Sarah Hawkins’ schemes by seeing through her eyes.","Опинившись у в’язниці, Пірс нарешті зустрівся з таємничою істотою, яку люди називають Левіафаном. Істота запропонувала йому розкрити задуми Сари Гокінс, подивившись на них її очима."
"[DF967EE843BF0B528BF915B055097ACC]::CEE9B4DC4B23C5AD388CAE8CE30D9A0F","With the help of Algernon Drake, Pierce has obtained an amulet that is supposed to protect Sarah Hawkins against the evil powers that covet her. The painter told him of her desire to track and kill the Dimensional Shambler in order to atone for her sins. Before Pierce could stop her, he was arrested by the police.","За допомогою Алджернона Дрейка Пірс здобув амулет, який має захистити Сару Гокінс від злих сил, що полюють на неї. Художниця розповіла йому про своє бажання вистежити і знищити Міжвимірного Блукача, щоб спокутувати свої гріхи. Перш ніж Пірс зміг зупинити її, його заарештувала поліція."
"[DF967EE843BF0B528BF915B055097ACC]::48049204417116454E45B8B6EBF84D1A","Pierce crossed the docks, where old acquaintances and new faces met their ends. All over the place, Leviathan's slaves were wandering in search of a victim. After fighting his way through, and after discovering the truth about the origin of the cult and its founders, Pierce finally reached the whaling station. He hopes to catch Sarah Hawkins before she does something bad.","Пірс дістався доків, де зустрілися старі знайомі та нові обличчя. Всюди блукали раби Левіафана в пошуках жертв. Пробившися через них і дізнавшись правду про походження культу та його засновників, Пірс нарешті дістався китобійної станції. Він сподівається впіймати Сару Гокінс до того, як вона не вкоїла чогось ще гіршого."
"[DF967EE843BF0B528BF915B055097ACC]::3C4226D648AE2F2D18467AB4164758FC","Pierce finally met Leviathan, in flesh and blood. The monstrous creature submitted him to a series of ordeals, at the end of which he decided that the detective was ready to face his destiny. Pierce blew up the whaling station and, after a final confrontation with Leviathan, he passed out.","Пірс нарешті зустрівся з Левіафаном, у плоті та крові. Жахливе створіння піддало його низці випробувань, наприкінці яких вирішило, що детектив готовий зустріти свою долю. Пірс підірвав китобійну станцію, а після останньої сутички з Левіафаном втратив свідомість."
"[DF967EE843BF0B528BF915B055097ACC]::E2382D1B44F538E5D1F149A7EAC24E56","After a final confrontation, Pierce must go to Alabaster Point where Sarah Hawkins is supposed to be waiting for him. There, he must make decisions that could change the destiny of the world.","Після фінальної сутички, Пірс має вирушити до Алабастрової вершини, де на нього чекає Сара Гокінс. Там він має прийняти рішення, яке може змінити долю світу."
"[DF967EE843BF0B528BF915B055097ACC]::A9E92F734108A1CF296A039A59CFD666","Pierce Investigations Agency, Boston","Агенство розслідувань Пірса, Бостон"
"[DF967EE843BF0B528BF915B055097ACC]::3A3D4E4C4A678B01F32C359AB84FA93C","Darkwater Port","Дарквотерський порт"
"[DF967EE843BF0B528BF915B055097ACC]::6203BA974BC1056ED93C05A91142F923","Darkwater Port","Дарквотерський порт"
"[DF967EE843BF0B528BF915B055097ACC]::F902C14D4D16DD12F535DFB68CE53CC9","Darkwater Port","Дарквотерський порт"
"[DF967EE843BF0B528BF915B055097ACC]::C52151514A242CF14033A9BF1B9536D2","Garden of the Hawkins mansion","Сад маєтку Гокінсів"
"[DF967EE843BF0B528BF915B055097ACC]::443B14144127B3AE41C74BB5536B2E74","Hawkins mansion","Маєток Гокінсів"
"[DF967EE843BF0B528BF915B055097ACC]::54062F964C172DE2A7704EA2C5BF87E7","Tunnels under the Hawkins mansion","Катакомби під маєтком Гокінсів"
"[DF967EE843BF0B528BF915B055097ACC]::6FEE68A04E91E4A371F6E5A348FA895E","Riverside Institute","Інститут Ріверсайд"
"[DF967EE843BF0B528BF915B055097ACC]::53E1C61B438F0FB8AE7B019077E9793E","Riverside Institute","Інститут Ріверсайд"
"[DF967EE843BF0B528BF915B055097ACC]::F279669A4EE67ABD81AB4585C153376D","The Nameless Bookstore","«Безіменна книгарня»"
"[DF967EE843BF0B528BF915B055097ACC]::1211D5334A598A3D09009A81C43265CC","Sanders residence","Резиденція Сандерсів"
"[DF967EE843BF0B528BF915B055097ACC]::E1CB98FC424593960A7578B552EC0297","Hawkins mansion","Маєток Гокінсів"
"[DF967EE843BF0B528BF915B055097ACC]::67DA973D4AF6072670D35B868CA2DE6D","Riverside Institute","Інститут Ріверсайд"
"[DF967EE843BF0B528BF915B055097ACC]::68C7775840B69DED1F858DBD75E8772A","Hawkins mansion","Маєток Гокінсів"
"[DF967EE843BF0B528BF915B055097ACC]::E04FE63049E60A745DF80D866C7CCBC6","Darkwater police station","Дарквотерський відділ поліції"
"[DF967EE843BF0B528BF915B055097ACC]::F7D9F00E4A066C48A730E39244972959","Darkwater police station","Дарквотерський відділ поліції"
"[DF967EE843BF0B528BF915B055097ACC]::A11EA54C46F7E212255C8096D0FF3F5B","Darkwater police station","Дарквотерський відділ поліції"
"[DF967EE843BF0B528BF915B055097ACC]::3F5BC6F248957CB41EA7E0B6E7926D18","Darkwater police station","Дарквотерський відділ поліції"
"[DF967EE843BF0B528BF915B055097ACC]::6198F5764D6EC6E0241290B8AB92A5FE","Bootlegers’ caves","Бутлеґерські печери"
"[DF967EE843BF0B528BF915B055097ACC]::88C00EDB452D2F3C54A4FA9AC4E35512","Abandoned whaling station","Покинута китобійна станція"
"[DF967EE843BF0B528BF915B055097ACC]::3094C4D8450032C9637B29945E8EBD6E","Coastal cave","Прибережна печера"
"[DF967EE843BF0B528BF915B055097ACC]::B72B77994A11EEA4947620A90E7BB3A2","Alabaster Point","Алабастрова вершина"
"[E02A77A04E95C48A1086EA9C9552C0E6]::CE19173047209DA3D83B87B065A62E4E","Despite the treatment, I again hear voices in my dreams. But they are different, unknown. They seem to surface from unfathomable and ancient depths. What nameless creature is calling me?","Попри лікування, я знову чую голоси уві сні. Але вони інші, незнайомі. Здається, вони виринають із незбагненних і прадавніх глибин. Яка безіменна істота мене кличе?"
"[E04008ED4B560C5AE38BE6BF53DB8A53]::B379ED1B4ACDA4027A9160AF6C48BA46","A table, three chairs. This strange antechamber hidden at the entrance to the network of caves raises new questions: what kind of organization did Charles Hawkins belong to? Was Sarah Hawkins in danger because she had discovered these tunnels? I must advance further into these caves and find the answers.","Стіл, три стільці. Цей дивний передпокій, прихований при вході до мережі печер, породжує нові запитання: до якої організації належав Чарльз Гокінс? Чи була Сара Гокінс у небезпеці через те, що виявила ці тунелі? Я повинен просунутися далі крізь ці печери, щоб знайти відповіді."
"[E09063C44908C3A60C4072820E32C7C3]::74C4E10143CC451D583464A657AD9B1D","I discovered a strange electric machine. It links two vats filled with a translucent liquid, in which huge organs are floating, to a power-up system that runs to a dentist's chair. I've got no idea what it's used for, but if I could overload the thing, it might create the diversion I need.","Я натрапив на дивну електричну машину. Вона з'єднує дві ємності, наповнені напівпрозорою рідиною, в якій плавають гігантські органи, із системою живлення, що веде до стоматологічного крісла. Гадки не маю, для чого це все використовується, але якщо мені вдасться перевантажити цю штуку, це може створити необхідний мені відволікаючий маневр."
"[E0F55D854E4A5FC50CF20BAD314EE54A]::053530274FB89310578A55B70FD68E07","The senses are no longer reliable; neither is logic. In the harbormaster's office, an old sea map triggered new residual images. Their number, their precision, their nature... Everything points towards them being, in reality, visual and sound hallucinations. However, the information that they provided matched the proof found throughout the investigation, beginning with the information on the Miraculous Catch. If Hawkins, Fitzroy and Fuller really were on board the Scylla, and founded the cult, what age must they really be?","Відчуття більше не можна довіряти, як і логіці. У кабінеті начальника порту стара морська мапа викликала нові залишкові образи. Їхня кількість, точність, природа... Усе вказує на те, що це насправді зорові та звукові галюцинації. І все ж отримана з них інформація збігалася з доказами, знайденими під час розслідування, починаючи з відомостей про «Дивовижний улов». Якщо Гокінс, Фіцрой та Фуллер справді були на борту «Сцилли» й заснували культ, то скільки ж їм насправді років?"
"[E0F55D854E4A5FC50CF20BAD314EE54A]::55EFA27746FE04AFA9D1CCAF845F2594","The truth unvealed","Розкрита правда"
"[E2DAA8844812089515F492845E7EEC4A]::928EAF8E4B4FD3BDAF7EE6BBE68952FD","It is drawn on sheets of paper hidden in a safe, itself hidden in a tunnel under the mansion. The symbol was repeated on the paper, its form becoming more distinct with each attempt. I do not know what Charles Hawkins tried to represent with this symbol, but one thing is sure, it was important in his eyes.""<lf><lf>Extract from the notebook of Edward Pierce, private detective.","«Він намальований на аркушах паперу, захованих у сейфі, що сам був прихований у тунелі під маєтком. Його перемальовували багато разів, приділяючи все більше уваги деталям. Я не знаю, що саме намагався зобразити Чарльз Гокінс цим символом, але одне ясно — для нього це мало неабияке значення.»<lf><lf>Фрагмент із записника Едварда Пірса, приватного детектива."
"[E2DAA8844812089515F492845E7EEC4A]::FC3663E64AE080729E01739ABDBD6421","Cultist symbol","Окультний символ"
"[E2FBB4B04CA726D6AF3507A6A612EACD]::9BDF172C444349059D271D91D7AC1895","This pseudo-scientific work by Caesare Lombroso correlates an individual's morphology with his criminal predispositions. The seriousness of this study and the accuracy of the demonstrations can deceive an uninformed reader.","Ця псевдонаукова праця Чезаре Ломброзо пов’язує морфологічні особливості людини з її схильністю до злочинності. Серйозність викладу та переконливість демонстрацій можуть ввести в оману недосвідченого читача."
"[E2FBB4B04CA726D6AF3507A6A612EACD]::4D4D602F454FF7056142E88301B7EC58","Uomo Delinquente","«Uomo Delinquente» («Людина-злочинець»)"
"[E31C663A4D8D5726155C4C8E56697EC3]::F9648B364A4009D90C4B57A82E067966","I learned nothing from Fitzroy's documents. But I did get confirmation on what I'd been suspecting since Boston: the warehouse mentioned on the shipping label of Sarah Hawkins' painting belongs to Hawkins. It's on the docks. I must find a way to get into it.","Я нічого не дізнався з документів Фіцроя. Але я отримав підтвердження того, що підозрював ще з Бостона: склад, згаданий на транспортній етикетці картини Сари Гокінс, належить родині Гокінсів. Він розташований у доках. Я маю знайти спосіб проникнути туди."
"[E31C663A4D8D5726155C4C8E56697EC3]::04A47CDC4D1760ABB239F3B9BBA19F41","Get inside warehouse 36","Проникнути до складу 36"
"[E31C663A4D8D5726155C4C8E56697EC3]::09BA9A4544248274F741B086216D4723","Search the warehouse","Обшукати склад"
"[E31C663A4D8D5726155C4C8E56697EC3]::47FE5A274041DF721F27448BF71972E7","Fishermen have gathered around the carcass of a killer whale. I could have a look and see what the local cops have got to tell me.","Рибалки зібралися навколо трупа кита. Варто піти туди і розпитати місцевих поліцейських."
"[E31C663A4D8D5726155C4C8E56697EC3]::1DE05EC34758E062BA34559007541663","Talk to Bradley","Поговорити з Бредлі"
"[E31C663A4D8D5726155C4C8E56697EC3]::A77A67A4440855456DDC2CB318F24342","Captain Fitzroy offered to share with me what he has found on the Hawkins in the archives of the harbormaster's office.","Капітан Фіцрой запропонував поділитися тим, що він дізнався про родину Гокінсів з архівів начальника порту."
"[E31C663A4D8D5726155C4C8E56697EC3]::C6A06E76496A03616F4B089ED28C4DD3","Talk to Fitzroy","Поговорити з Фіцроєм"
"[E31C663A4D8D5726155C4C8E56697EC3]::82C7F8CB44BD53495576A4BB141EB288","Fitzroy advised me to visit the port's bar. He mentioned a little pick-me-up... I suppose I could get the lay of the land at the same time.","Фіцрой порадив мені завітати до бару в порту. Згадав про «підбадьорююче»... Гадаю, заодно зможу оцінити місцеву атмосферу."
"[E31C663A4D8D5726155C4C8E56697EC3]::3EE1AAC94B4A6683BAEAD0AF3A7543FF","Go to the bar","Завітати до бару"
"[E43EC57F431DDB7C5EAE31BE45B55BAD]::1F658B564AAC33145EE82BB2F0D089A7","A tribe of men, worshippers of the sea and its benefits, landed on the shores of an island surrounded by dark waters. They were discovered by the creature some call the devourer of whales. For years, the creature hunted them down into their dreams, until their weakened minds surrendered. Following the creature’s orders, they sunk into the dark waters surrounding the island and never came back.""<lf><lf>Extract taken from the Malleus Bestiarum, by Abigaïl G.","«Плем'я людей, що поклонялися морю та його дарам, висадилося на березі острова, оточеного темними водами. Їх виявила істота, яку дехто називає «пожирачем китів». Упродовж років воно переслідувало їх у снах, доки їхній розум не зламався. Слідуючи його наказам, вони занурилися в темні води, що оточували острів, і більше ніколи не повернулися.»<lf><lf>Уривок із «Молот відьом», авторка Абіґейл Ґ."
"[E43EC57F431DDB7C5EAE31BE45B55BAD]::C19BA8F24F3E0FA4503C5DB427CBFDD2","Disappeared tribe","Зникле плем'я"
"[E4D2897C491391B3C3797E808E0FC28B]::C1CB4B014782F14A714992AC7756EA18","Jump","Стрибнути"
"[E56D9714450DCE3F1C38228A906311D3]::E497EB2745B5DD9682A68785E2B99E5D","Truth","Істина"
"[E598991348E5426EFAA6A1814B045F50]::B308ED7844D91CEABA51B3A589515244","To cross certain obstacles, press","Щоб подолати певні перешкоди, натисніть:"
"[E598991348E5426EFAA6A1814B045F50]::21A677CA4B47F61E402FDEB41F0CB1E8","Climb over","Перелізти"
"[E5AC3E2D4A550A94081009B9B054C95D]::53540770400F3AE7F6AEE28E300A604D","Officer Bradley drove us along the cliffs of Darkwater, to the Hawkins mansion. The huge house, set on the edge of a steep summit, looks onto the lighthouse.","Офіцер Бредлі провів нас уздовж скель Дарквотера до маєтку родини Гокінсів. Величезний будинок стоїть на краю крутого обриву обличчям до маяка"
"[E5AC3E2D4A550A94081009B9B054C95D]::DD154E404B1CA3384ED4F29BB260F9BF","Garden of Hawkins Manor","Сад маєтку Гокінсів"
"[E893AE8F4263C2BB86CC27AA7D7CAE89]::76CD7404420DD4E7D3FC40BB9FDD2022","A page seems to be hidden here. It is possible to read:<lf><lf>""If somebody finds these memoirs, there will be no doubt that I am in serious trouble.<lf><lf>My last and only hope is that my body and bones are still in this plane of reality, in order that they be recovered and burned. The funeral urn must be given to my dear mother, if she is still of this world.<lf><lf>The following message is of capital importance:<lf>Whoever reads these lines, and demonstrates acuity as sharp as mine, can hope to gain access to my most precious possession. It lies within my safe, and the clues to the combination are to be found in three cylinders, each hidden where life and study combine in the Greek world.<lf><lf>Each cylinder is numbered, even if, as the celebrated author says, ""Order is the pleasure of reason, but disorder is the delight of the imagination"". Indeed, despite my preference for organized chaos, I must admit that reason usually prevails in the end.<lf><lf>If, by chance, a person - or should I say a genius - was to match my intellect and find the combination of the safe, I would ask that they deliver its content into the safekeeping of my friend and colleague, Professor Armitage of Miskatonic University. The content of this safe is not only a vast digest of knowledge, but also a weapon that is far too dangerous for it to fall into the wrong hands.<lf><lf>I hope that you will be able to appreciate the danger that this represents and that you will act accordingly. In any event, I will neither be there to guide you nor to suffer from you actions.","Схоже, тут прихована сторінка. Її можна прочитати:<lf><lf>«Якщо хтось знайде ці мемуари, сумнівів бути не може — я в серйозній небезпеці.<lf><lf>Моя остання й єдина надія — що моє тіло й кістки все ще залишаються в цій площині реальності, аби їх можна було віднайти й спалити. Урну з прахом потрібно передати моїй дорогій матері, якщо вона ще жива.<lf><lf>Наступне повідомлення має вирішальне значення:<lf>Хто б не читав ці рядки й володіє розумом, гострим як мій, той зможе дістатися до мого найціннішого надбання. Воно зберігається в моєму сейфі, а підказки до комбінації заховані в трьох циліндрах, кожен із яких знаходиться там, де в грецькому світі поєднуються життя та наука.<lf><lf>Кожен циліндр пронумерований, хоча, як казав знаменитий автор: «Порядок — це насолода розуму, але безлад — це захват уяви». Справді, незважаючи на мою схильність до організованого хаосу, мушу визнати, що врешті-решт переважає розум.<lf><lf>Якщо ж, випадково, якась особа — чи, краще сказати, геній — зрівняється зі мною в інтелекті й зможе розгадати код сейфа, я прошу передати його вміст на зберігання моєму другові й колезі, професору Армітеджу з Міскатонікського університету. Вміст цього сейфа — не лише величезне зібрання знань, але й зброя, надто небезпечна, щоб потрапити до неправильних рук.<lf><lf>Сподіваюся, ви усвідомите небезпеку, яку це становить, і діятимете відповідно. У будь-якому разі я вже не зможу ні допомогти вам, ні постраждати від ваших вчинків»."
"[E893AE8F4263C2BB86CC27AA7D7CAE89]::E4896B9A4FBF55501ABAF4B807BCB731","Drake's memoires","Мемуари Дрейка"
"[E8C9B3694D144D4EBC97B3A739F81989]::E5FF9EA547449B43D8539FAE6A3D6D88","Bradley knows about Colden.","Бредлі знає про Колден."
"[E8CCC272485E2756D295DFAFE1CABA0B]::2A016CCD4D5859577E57A797A2A46F7D","A puritan colony, led by reverend John Wyckwood, settled on the island during the 17the century. They named the island Darkwater because of the dark shades of the sea. They believed it was because of the peculiar color of the rocks surrounding the island. They erected the first buildings, among which were the Hawkins manor, the church, and the cemetery. <lf>The rare documents and handwritten notes they left spoke of nightmares and deviant behaviors. They disappeared at the beginning of the 18th century.","Пуританська колонія, очолювана преподобним Джоном Віквудом, оселилася на острові у 17 столітті. Вони назвали острів Дарквотер через темні відтінки морської води. Вони вважали, що це спричинено незвичним кольором скель, що оточують острів. Першими спорудами, які вони збудували, були маєток Гокінсів, церква та цвинтар.<lf>Рідкісні документи та рукописні нотатки, які вони залишили по собі, згадують про кошмари й девіантну поведінку. На початку 18 століття пуритани безслідно зникнули."
"[E8CCC272485E2756D295DFAFE1CABA0B]::4E3CE14549D9DE28BFF9D8A6B8D13B10","History of Darkwater, Volume 2","«Історія Дарквотера, Том II»"
"[E8F1944C42C9406458793BAF74EFBF9E]::0DEF869948E63B7C87D691B8BF09C0F6","Shaken","Приголомшений"
"[E948165B4D831791EFA1B1B4444B0655]::EF04F3C6485F61E478BE138EA2DD4707","Like a dictionary, this work references in alphabetical order all the medical sciences, known and practiced in the modern world. For each of the entries, the major works, and the names of the reference authorities are listed.","Як словник, ця праця подає в абетковій послідовності всі медичні науки, відомі та практиковані в сучасному світі. Для кожного терміна вказано ключові праці та імена авторитетних фахівців."
"[E948165B4D831791EFA1B1B4444B0655]::8C2B7C5A438A0F2B2471A985442CC699","The Reference Book of Medical Sciences","«Довідник із медичних наук»"
"[E9705E464DBE41EF2990188B67426DA2]::540381EF4A1701CB4882E4B079459D02","Bradley… What did they do to him? <lf>He was changing... and his suffering!<lf>I can still hear his SCREAMS. <lf>I couldn't kill him... What have I condemned him to?","Бредлі... Що вони з ним зробили?<lf>Він змінювався... і його страждання!<lf>Я досі чую його КРИКИ.<lf>Я не зміг його вбити... На що я його прирік?"
"[E9C493B242B70AD9986875BD1A4D5EAE]::46B453254A89FB9B2A28E08AF30D9914","In an abandoned warehouse I found a partly submerged tunnel that leads to the bootleggers' territory. I'm not sure if I was hallucinating, but as I stepped deeper into the dark waters, for a moment, I felt as if a creature had caught hold of me!","У покинутому складі я знайшов частково затоплений тунель, що веде на територію бутлеґерів. Не впевнений, чи це була галюцинація, але щойно я ступив у темну воду, мені здалося, що якась істота схопила мене!"
"[E9E356D04DB7DE09535C369D92DE2C01]::1241DBE3421E3B02A3DC6CB975E8274A","Gaining knowledge always comes at a cost. An unknown entity has come to find Pierce in his cell. The presence, who calls itself Leviathan, offered to grant what it called ""knowledge"" to him. When he accepted this gift, his mind was again projected into another body. He followed the actions and the fall of Sarah Hawkins. She that Leviathan calls the Oracle gave in to the attraction of occult forces after having defeated the Shambler once and for all. Pierce paid a heavy mental price for this knowledge.","Набуття знань завжди має свою ціну. Невідома сутність прийшла до Пірса в його камеру. Ця істота, яка називає себе Левіафаном, запропонувала йому те, що назвала «знанням». Прийнявши цей дар, Пірс знову перенісся в чуже тіло. Він спостерігав за діями й падінням Сари Гокінс. Та, кого Левіафан називає Оракулом, піддалася спокусі окультних сил після того, як остаточно здолала Блукача. Пірс заплатив за ці знання високу ментальну ціну."
"[E9E356D04DB7DE09535C369D92DE2C01]::6AA8D9DE4FF006EA02D66DAAA70B36A3","The Stolen Choice","Вкрадений вибір"
"[EC9DBD3D4B12C1513E2EA3ADE30C9CA4]::CF54195B4A259F495E1404A754B2E008","Bradley… What did they do to him? <lf>He was changing... and his suffering!<lf>I can still hear his screams. <lf>I killed him. KILLED!","Бредлі... Що вони з ним зробили?<lf>Він змінювався... і так страждав!<lf>Я досі чую його крики.<lf>Я вбив його. ВБИВ!"
"[ED29E3ED4B03BA5E2AD623AC366FE10F]::D8E1A3054C4A73E8A28CC5B7972F659C","Consult diary","Розгорнути щоденник"
"[ED29E3ED4B03BA5E2AD623AC366FE10F]::846E134447568A9E4CFA20A97DFE3AF5","NEW PLACE DISCOVERED","ВІДКРИТО НОВУ ЛОКАЦІЮ"
"[ED37DDC246F84F1272441E8951F86C7E]::D4A1979540EA6A7C384F7DA0F09ABEAE","I passed out. No, I cannot deny the truth: I killed Colden. This time, I am the only one to be held responsible for her death, which I hope is permanent.","Я знепритомнів. Ні, не можу заперечувати правду: я вбив Колден. Цього разу лише я несу відповідальність за її смерть, яка, сподіваюся, є остаточною."
"[EDC83E6642FA72BF904E19AC949EBC07]::964329D64940E1D4310870B93698D50E","When an enemy suspects your presence, a WHITE marker appears. This marker changes to RED if the enemy chases you.","Коли ворог підозрює, що ви поруч, з’являється БІЛИЙ маркер. Якщо ворог починає вас переслідувати, маркер змінюється на ЧЕРВОНИЙ."
"[EDC83E6642FA72BF904E19AC949EBC07]::116FD7C64DD51151F79C4188693CF280","Stealth and Detection","Прихованість та виявлення"
"[EE2C8BFC47925651EA8C4D87FF42154D]::94466DB64C186CDEC5BFEF90D76F7363","Explore the caves","Дослідити печери"
"[EE2C8BFC47925651EA8C4D87FF42154D]::0B2C064A4E3F05C30ACEDF98682A1045","A heavy gate blocks the passage. I must find another way to get into the main cave.","Важкі ворота перекривають прохід. Мені потрібно знайти інший шлях, щоб потрапити до головної печери."
"[EE2C8BFC47925651EA8C4D87FF42154D]::62E68EBE4E56212A6C91B8BB15D83343","Go to the main cave","Потрапити до головної печери"
"[EE2C8BFC47925651EA8C4D87FF42154D]::B622B2644E8233AF7E687F94A36B8989","Find the thief's trail","Відстежити слід злодія"
"[EE3835574535C93B9EAD7E9900DF5F59]::10F639F8494CAAA642CDFB913611B39D","These Tibetan writings are at the origin of the esoteric movement founded by Helena Blavatsky at the end of the 19th century. The creator of Theosophy would have drawn extensively on the texts of this work, but no one has ever been able to consult them. I thought they didn't exist. This book, discovered in The Nameless Bookstore on Darkwater, could be as much a fake as irrefutable proof of Blavatsky's sincerity.","Ці тибетські написи лежать у основі езотеричного руху, заснованого Оленою Блаватською наприкінці 19-го століття. Засновниця теософії, ймовірно, багато запозичила з текстів цього твору, але нікому досі не вдалося ознайомитися з ними. Я думав, що вони не існують. Ця книга, знайдена в «Безіменній книгарні» в Дарквотері, може бути як фальшивкою, так і незаперечним доказом правдивості тверджень Блаватської."
"[EE3835574535C93B9EAD7E9900DF5F59]::E1EC80194280DA101B67A2B80D9160E0","Book of Dzyan","«Книга Дзіан»"
"[EE3E4DAF49B0406B0D460B9DD342BA2A]::EA103D5440BCBFF42386BD86D51D4226","Fisherman","Рибалка"
"[EED164F6455F0A3129F0D2A43C1AB077]::5F2AF9A14B3DB37283E98581A8DB9392","On the approaches to Darkwater, I saw thick clouds masking the sky. They were so low, they seemed intent on impaling themselves on the sharp reefs that circle the island. Fitzroy, the captain of the only tub that manages to float to the mainland, offered to help me. He may have documents that belonged to Charles Hawkins.","На підходах до Дарквотера я побачив густі хмари, що затуляли небо. Вони були так низько, ніби прагнули насадитись на гострі рифи, що оточують острів. Фіцрой, капітан єдиного корита, якому ще вдається якось доплисти до материка, запропонував допомогу. У нього можуть бути документи, що колись належали Чарльзу Гокінсу."
"[EED164F6455F0A3129F0D2A43C1AB077]::07CD7ED34BC9A12B8A713F8031497260","Darkwater Docks","Доки Дарквотеру"
"[EEFD1FDA421778B1144E44A485A03469]::276188484B4FC1C9426C38B4ECCD2E94","A study of the Stendhal syndrome, a particularly rare mental illness. Subjects display mental disorders linked to an exposure to works of art.","Дослідження синдрому Стендаля — надзвичайно рідкісного психічного розладу. У хворих проявляються психічні порушення, пов’язані з впливом творів мистецтва."
"[EEFD1FDA421778B1144E44A485A03469]::B2FDABDD4C039280D4A8EFBD2C9DC0D0","Psychological study","Психологічне дослідження"
"[EF38AFA748D796E7C842BEB28D39547D]::FC0D17354AD761FC976729950199DF42","I found these sleeping pills in the bookshop. Does the bookseller suffer from insomnia?","Я знайшов це снодійне в книгарні. Невже продавець страждає від безсоння?"
"[EF38AFA748D796E7C842BEB28D39547D]::C4F4FD7D4F53139B5EC03DAB3FBC216B","Sleeping pills","Снодійне"
"[EF4EB53D4A0C0A25F3216F885EA0AB0D]::7FC59B5C4FAF49FD14FC43A2D339AC8D","Whaling Station","Китобійна станція"
"[EFB01A604E742D5F214EA5AC6018B679]::86B89C194EC9ACB0978114B7243D6B3F","Officially unused since Charles Hawkins' death, this warehouse recently housed a clandestine resident. Signs of life attest to the fact. The presence of blood-stained bandages must also be noted, probably removed from a wound, as well as pills: painkillers and sleeping pills. Moreover, the occupant seems to be obsessed with Sarah Hawkins, as attested by the presence of several documents connected to the artist's life (photograph, press cutting). <lf>But it is the discovery of a partly charred painting, recognized by Officer Bradley as having come from the Hawkins mansion, that allows all doubts to be lifted as to the link between the contents of this building and the Hawkins case.","Цей склад офіційно не використовувався від часу смерті Чарльза Гокінса, та нещодавно тут оселилася таєнича особа. Про це свідчать численні сліди присутності. Також було виявлено закривавлені бинти — ймовірно, зняті з рани — а також пігулки: знеболювальні та снодійні. Крім того, мешканець, схоже, був одержимий Сарою Гокінс, що підтверджується наявністю кількох документів, пов’язаних з життям художниці (світлина, газетна вирізка).<lf>Однак саме виявлення частково обвугленої картини, яку офіцер Бредлі впізнав як таку, що походить із маєтку Гокінсів, остаточно підтвердило зв’язок між вмістом цього складу та справою Гокінсів."
"[EFB01A604E742D5F214EA5AC6018B679]::DE541D324B2446134A29E5864B03A99E","Hawkins’ warehouse","Склад Гокінсів"
"[F04151F34628FFD1C741A78530D539E2]::9EC9FEF047F59A725AAABEB54894EBD2","Francis Sanders’s cylinder","Циліндр Френсіса Сандерса"
"[F04151F34628FFD1C741A78530D539E2]::3C9D06B14E33FF0047BDB8B7934814BA","An audio recording that Francis Sanders left for his wife, Irene.","Аудіозапис, який Френсіс Сандерс залишив для своєї дружини Ірен."
"[F04151F34628FFD1C741A78530D539E2]::26F4199B4AF261E427101B9A2A321D72","Francis Sanders' cylinder","Циліндр Френсіса Сандерса"
"[F04151F34628FFD1C741A78530D539E2]::FF0F29ED40300A0C51EAFB8E2F8EC22C","An old phonograph cylinder recorded by Sanders, its grooves holding secrets that not even his wife knows about.","Старий циліндр для фонографа, записаний Сандерсом. У його спіральних рівчачках приховано секрети, про які не знає навіть його дружина."
"[F07734B04DE072A89D227E87C094740C]::A080AACE4A16D0F0785A89A2F1E29E97","I've got two possibilities to create the diversion that will allow me to get to the floor above unnoticed: the electric machine or the gas piping system. One or the other should allow me to create enough chaos for the guards to leave their posts.","У мене є два варіанти, як влаштувати відволікання, що дозволить мені непоміченим піднятися на верхній поверх: електрична машина або газова система. Одне з двох має спричинити достатній хаос, щоби охоронці залишили свої пости."
"[F07734B04DE072A89D227E87C094740C::431CA7B64B78E0FF770E7B83B62B5162","Create a diversion","Влаштувати відволікання"
"[F07734B04DE072A89D227E87C094740C]::8DE602C746312D22ABFC55ACE98BC1D3","A woman has come to free me. She works here as a doctor. She says that she was sent by Bradley. That she will create a diversion to distract the guards so that I can get to the floor above unnoticed. Can I trust her?","Мене прийшла звільнити якась жінка. Каже, що працює тут докторкою. І що її прислав Бредлі. Вона планує влаштувати відволікання, щоб відвернути увагу охорони й дати мені змогу непомітно пробратися нагору. Чи можу я їй довіряти?"
"[F07734B04DE072A89D227E87C094740C]::25E40C9441F8B44DA8D36A83DA0B90AA","Escape from the asylum","Втекти з психлікарні"
"[F0C23D48422B070D42D390AC611F403D]::7D0596144AED5B6303C2AAB43CE98A33","The control wheels of the gas machine are missing. If I'm going to change the pressure in the piping, I must find these wheels. The asylum staff spoke of a storage room.","У газової установки бракує ручок керування. Щоб змінити тиск у трубах, доведеться їх знайти. Персонал психлікарні згадував про комору."
"[F193A9DC4730B4F432AB5FBF1A2AF7FB]::B958810B4AF5A79FC574B89B7EE892E8","I found Sarah Hawkins, alive, prisoner of the Riverside Institute. Charles Hawkins and Dr. Fuller seem to have connived to hide her from the world.<lf>She seems to be very affected by the tragedies that have struck her family, but I detect a fighting spirit in this woman that I would better not underestimate. She's a survivor.","Я знайшов Сару Гокінс. Живу. Ув'язнену в Інституті Ріверсайд. Чарльз Гокінс і доктор Фуллер, здається, змовилися, щоби приховати її від усього світу.<lf>Вона вражена подіями, що спіткали її родину, але я відчуваю в ній силу волі, яку не варто недооцінювати. Вона не з тих, хто опускає руки."
"[F193A9DC4730B4F432AB5FBF1A2AF7FB]::F992B5A44AEB1259292BFE9E24934695","Sarah Hawkins","Сара Гокінс"
"[F193A9DC4730B4F432AB5FBF1A2AF7FB]::2012ECDC4E66A94ECC63A19FFF75B885","Painter","Художниця"
"[F1B406D94C0A739E89D33CB16F8DE0C2]::3F5AFBBC42A6E974C47A6AB15448769C","Charles Hawkins poses, like an explorer, in front of exotic ruins. It is common knowledge that he wasted away his fortune on expensive trips. What was he looking for?","Чарльз Гокінс позує, немов мандрівник, перед екзотичними руїнами. Усім відомо, що він промарнував статки на дорогі експедиції. Що ж він шукав?"
"[F1B406D94C0A739E89D33CB16F8DE0C2]::A2427B164E9AA699887436A22191F1DE","Photograph of Charles Hawkins","Світлина Чарльза Гокінса"
"[F1C67A7E44BE07BBF0E7E1A452992743]::A10C535C4659C58A115A2FA0E97C1BC4","Fisherman","Рибалка"
"[F1DBA4764E3FDBD3D38612985C734DEE]::A0CAC3A146C64D14E2CB79AC788565F2","I learned nothing from Fitzroy's documents. But I did get confirmation on what I'd been suspecting since Boston: the warehouse mentioned on the shipping label of Sarah Hawkins' painting belongs to Hawkins. It's on the docks. I must find a way to get into it.","Я нічого не дізнався з документів Фіцроя. Але я отримав підтвердження того, що підозрював ще з Бостона: склад, згаданий на транспортній етикетці картини Сари Гокінс, належить родині Гокінсів. Він розташований у доках. Я маю знайти спосіб проникнути туди."
"[F1DBA4764E3FDBD3D38612985C734DEE]::7E7F3981485FD55BD7B4ECBC054B2B1F","Get inside warehouse 36","Проникнути до складу 36"
"[F1DBA4764E3FDBD3D38612985C734DEE]::4387472745F983F70D56FCA86C13CEF1","Search the warehouse","Обшукати склад"
"[F1DBA4764E3FDBD3D38612985C734DEE]::417CD0294C3D1C1F363FA19B21EC446E","Fishermen have gathered around the carcass of a killer whale. I could have a look and see what the local cops have got to tell me.","Рибалки зібралися навколо трупа кита. Варто піти туди і розпитати місцевих поліцейських."
"[F1DBA4764E3FDBD3D38612985C734DEE]::E1B8A0EE45D6F19972F80985F74BB694","Talk to Bradley","Поговорити з Бредлі"
"[F1DBA4764E3FDBD3D38612985C734DEE]::558E64544F5944CA39717EBEBACE1881","Captain Fitzroy offered to share with me what he has found on the Hawkins in the archives of the harbormaster's office.","Капітан Фіцрой запропонував поділитися тим, що він дізнався про родину Гокінсів з архівів начальника порту."
"[F1DBA4764E3FDBD3D38612985C734DEE]::7CC169DB4CC51FF998141ABADA7D9287","Talk to Fitzroy","Поговорити з Фіцроєм"
"[F1DBA4764E3FDBD3D38612985C734DEE]::1686F7BC44EFD9673A1D94AE8C797211","Fitzroy advised me to visit the port's bar. He mentioned a little pick-me-up... I suppose I could get the lay of the land at the same time.","Фіцрой порадив мені завітати до бару в порту. Згадав про «підбадьорююче»... Гадаю, заодно зможу оцінити місцеву атмосферу."
"[F1DBA4764E3FDBD3D38612985C734DEE]::EEF8C1204FE791E8A223DFBFEC9079FF","Go to the bar","Завітати до бару"
"[F1DBA4764E3FDBD3D38612985C734DEE]::71FEFACF4F7C5EC0F1F948AFF38F0FD6","All my attempts to penetrate into the Sarah warehouse have failed. If I want my investigation to progress, I must find some help.","Усі мої спроби пробратися до складу Гокінсів зазнали невдачі. Щоб просунутись у розслідуванні, мені слід знайти когось, хто допоможе."
"[F1DBA4764E3FDBD3D38612985C734DEE]::C3A98A124C00017353C502812F7AE986","Find help to get you into the warehouse","Знайти когось, хто допоможе потрапити до складу"
"[F1FE90D84C145FA473C2C499F0430889]::8C8C07B748A7DA70FB0B00A4358C067C","Enter Hawkins Manor","Увійти до маєтку Гокінсів"
"[F2133E4C46FB873B1775F2AA904D2685]::5E9935434589133DFBE2CDA852D8B280","When an object can be picked up, press","Щоб підняти предмет, натисніть:"
"[F2133E4C46FB873B1775F2AA904D2685]::A69A5CD64B5E55D6F296DC9F37DE3459","Pick up an object","Підняти предмет"
"[F26B67ED4B159051476C978D568137F2]::616B88C0485354774258D892056428BE","I left the Sanders house, still shaken by my encounter with the Shambler. Thanks to Cat's indications, I ended up at The Nameless Bookstore, a haunt for devotees of esotericism. The place seems to have been burglarized. Who could have done such a thing?","Я залишив будинок Сандерсів, усе ще приголомшений зустріччю з Блукачем. Завдяки вказівкам Кет я опинився в «Безіменній книгарні» — улюбленому місці шанувальників езотерики. Схоже, крамницю пограбували. Хто міг таке вчинити?"
"[F26B67ED4B159051476C978D568137F2]::CA11DC934D60F621B6A8AC829ECFE1C4","Inspect the bookstore","Оглянути книгарню"
"[F26B67ED4B159051476C978D568137F2]::7A3ECBB8441DA2EF1FBD6F9B9882E784","So Algernon Drake, the owner of the bookstore, also knew Sarah Hawkins. Their relationship went far beyond that of a seller and a faithful client: she helped him to protect an object. They hid it in the back room safe and Sarah Hawkins painted this strange symbol on the door. Charles Hawkins must have wanted to steal it. I must open this safe and find out what's hidden inside. How can I find the combination?","Отже, власник книгарні, Алджернон Дрейк, також знав Сару Гокінс. Їхні стосунки виходили далеко за межі зв’язку продавця та постійної клієнтки: вона допомагала йому охороняти певний об’єкт. Вони сховали його в сейфі у підсобці, а Сара намалювала на дверях дивний символ. Чарльз Гокінс, певно, хотів його викрасти. Я мушу відкрити цей сейф і дізнатися, що всередині. Але як знайти код?"
"[F26B67ED4B159051476C978D568137F2]::6943AD644E74F9876440658E62043604","Open the safe","Відкрити сейф"
"[F34AD74044C5A4C60F9EC980F46BFB23]::72116C7D4648EDDB320DBBAF483195BA","Bradley and I split up in order to explore the tunnels. Men dressed like monks occupy this place. They make me think of a secret society. I found the stolen painting, exposed between two tables covered in dry blood. The person who stole it was waiting for me. He tried to stab me and, in the struggle, we fell into a pit. The fall killed him. Where am I?","Бредлі й я розділилися, щоб обстежити тунелі. У цьому місці перебувають люди, одягнені як монахи. Вони нагадують мені таємне товариство. Я знайшов викрадену картину, виставлену між двома столами, вкритими засохлою кров’ю. Людина, яка її викрала, чекала на мене. Вона намагалася мене зарізати, і під час боротьби ми впали в яму. Падіння стало для нього фатальним. Де я тепер?"
"[F3D0B58F4283AF3C5AEA49A2CEC8C787]::CFF108FB4AAD2F945A33C1A598D0049C","There's an installation that seems to supply the whole complex with gas... The cells are fitted out so that there is a continuous feed. If I could get the pressure to build up, I might be able to blow it up and create a diversion.","Тут є установка, яка, здається, постачає газом увесь комплекс... Камери обладнані так, щоб подача була безперервною. Якщо я зможу підняти тиск в установці, можливо, вдасться спричинити вибух і влаштувати відволікаючий маневр."
"[F454B15F4EBC56ED30B2F2BA7561BDC7]::D222A93C44887D94876A849E1F32FBCA","The place seems to be abandoned for some time. Bradley told me about an old caretaker still living here… He shouldn't prevent us from getting to the mansion.","Місце, здається, давно покинуте. Бредлі казав мені про старого доглядача, який ще тут живе... Він не має заважати нам дістатися до маєтку."
"[F454B15F4EBC56ED30B2F2BA7561BDC7]::14283A47404138E59E9A969B073AB247","Reach Hawkins Manor","Дістатися до маєтку Гокінсів"
"[F454B15F4EBC56ED30B2F2BA7561BDC7]::4CAC04DF437986B5F217DB82EB139DA5","I must find another key to get into the Hawkins manor.","Мені потрібно знайти інший ключ, щоб потрапити в маєток Гокінсів."
"[F454B15F4EBC56ED30B2F2BA7561BDC7]::4C9E626342C85309F1D4A39AD552CE3F","Find another key","Знайти інший ключ"
"[F454B15F4EBC56ED30B2F2BA7561BDC7]::F38483984D9D3C8E701086B8804A142A","In the partly burned out drawing room, the fire has, perhaps, left a few clues that escaped the local cops.","У частково згорілій вітальні вогонь, можливо, залишив кілька підказок, які оминули місцевих копів."
"[F454B15F4EBC56ED30B2F2BA7561BDC7]::91321A6C49825343BEC14EBCEBCF3E57","Investigate the fire scene","Дослідити місце пожежі"
"[F454B15F4EBC56ED30B2F2BA7561BDC7]::FAA1CAAB48E09E585EB033B67BF917A6","Even Officer Bradley was forced to admit it: this room tells a far different story to the police report. The presence of blood on the shards of glass from the lamp; the mark of a hand left on the door by someone fleeing the fire... We are in a crime scene. <lf>I must continue searching the mansion to look for information on the life and death of the Hawkins family.","Навіть офіцер Бредлі змушений був визнати: ця кімната розповідає зовсім іншу історію, аніж вказано в поліцейському звіті. Присутність крові на уламках скла від лампи; слід руки на дверях, залишений кимось, хто втікав від пожежі... Це місце злочину.<lf>Я мушу продовжити пошуки в маєтку, щоб дізнатися більше про життя та смерть родини Гокінсів."
"[F454B15F4EBC56ED30B2F2BA7561BDC7]::E3CF41684437F8E2BEFBCF95A9536FA1","Investigate the manor","Дослідити маєток"
"[F454B15F4EBC56ED30B2F2BA7561BDC7]::9EBDE1964B2DE65437D8E4AF90B90016","Find the fire scene","Знайти місце пожежі"
"[F454B15F4EBC56ED30B2F2BA7561BDC7]::9F987E084A0CF9A607F5CF895EE9D6A9","Catch the thief","Зловити злодія"
"[F61F475E4D2B2B6353440BAF942055B3]::A3A0E658404A570E340ABC8E5F0737BC","A partly burned shoe. It seems like it belonged to Sarah Hawkins.","Частково обгоріле взуття. Схоже, що воно належало Сарі Гокінс."
"[F61F475E4D2B2B6353440BAF942055B3]::573D628D485EC2D91063F4A820C20DBA","Sarah's shoe","Взуття Сари"
"[F7232E9A45D7CCD11BE2388F6808EA1D]::AEBD7E0C44787F16CCD256BEFFAC2D25","The Sanders and Sarah Hawkins were close, it's undeniable. The widow didn't tell me everything. But her house speaks for her: everything began with Francis Sanders' obsession with the Shambler, an exceptional painting in more ways than one.","Немає сумнівів, що Сандерс і Сара Гокінс були близькими. Вдова не відкрила мені всі карти, але її оселя промовляє за неї. Усе почалося з одержимості Френсіса Сандерса «Блукачем» – картиною, винятковою в багатьох сенсах."
"[F73CB1BB4D05F049271A78A2236137AF]::8094CA4140040A01C42E1AAFA23ACE12","This bolt cutter is able to overcome a padlock or a chain.","Ці болторізи здатні перерізати навісний замок або ланцюг."
"[F73CB1BB4D05F049271A78A2236137AF]::A42F84B64BACF46C6872D2902974454D","Pincers","Болторізи"
"[F93C3F4B48E3075E7DC685881083E114]::94D484BF41B1411E47517B84C26F0472","Men will gather the knowledge, through the lines dictated to me by the Great Old Ones, but also in other volumes. The visions that assail me, whisper me names and silhouettes of mystical creatures. Soon the Malleus Monstrorum, repository of all anatomical, cosmic and dimensional knowledge, will be seen as the authoritative work. This book, unholy among the most cursed books, will one day be the final rampart between man and the predators that are waiting to devour him, hidden behind the veils of parallel dimensions.<lf><lf>Extract taken from the Malleus Bestiarum, by Abigaïl G.","«Людство здобуде знання — як через рядки, продиктовані мені Старшими Богами, так і через інші томи. Видіння, що переслідують мене, шепочуть мені імена та обриси містичних створінь. Незабаром «Молот відьом» — сховище всіх анатомічних, космічних і міжвимірних знань — визнають авторитетним джерелом. Ця книга, найбезбожніша з усіх проклятих книг, одного дня стане останнім рубежем між людиною та хижаками, що чатують на неї, приховані за завісами паралельних вимірів.»<lf><lf>Уривок із «Молот відьом», авторка Абіґейл Ґ."
"[F93C3F4B48E3075E7DC685881083E114]::D8370AF94DB7B7FE1CB43DB971E6A500","Malleus Bestiarum","«Молот відьом»"
"[FA102A42496DF9109E57EE8772369530]::C950566F45296EB5B200F98D56BA9ADF","This lever activates a mechanism.","Цей важіль активує механізм."
"[FA102A42496DF9109E57EE8772369530]::C760454D495D806FDBF7409D043A1D78","Lever","Важіль"
"[FC5CDB46448EC4E6330089B65C99F370]::78BDB2994B1F6D716A3B5CBC40C6EE30","The pastor declared himself to be the prophet. He renounced God and worshiped a strange pagan entity with a monstrous appearance. His wife tried to reason with her husband, but in vain. He was convinced that he must listen to this voice in his head because it holds the truth.","Пастор оголосив себе пророком. Він зрікся Бога й почав поклонятися дивному язичницькому створінню з монструозною зовнішністю. Його дружина намагалася переконати чоловіка схаменутися, та марно. Він був упевнений, що має слухати голос у своїй голові, адже саме він відкриває істину."
"[FC5CDB46448EC4E6330089B65C99F370]::45E0F93F47306FED2B17349852E80045","Diary of the pastor's wife, Volume 4","Щоденник дружини пастора, Том 4"
"[FCD667F940895C303A3C40A84BE76AE7]::2AC769224825AFA6A57018875615B3CF","Sketch of a still-life","Ескіз натюрморту"
"[FCD667F940895C303A3C40A84BE76AE7]::E0BF35864E5D728B658724B69F007E8C","This sketch must guide me to the artifact concealed by concealed Charles Hawkins. Where have I already seen it?","Цей ескіз має привести мене до артефакту, прихованого Чарльзом Гокінсом. Де я його вже бачив?"
"[FCEBD2D447CF2F81FEE37485A0E2756D]::ED9B8CB7413D8EB300D2D7BA6F5AD9FD","Dr Colden's plan did not work: another doctor, perhaps her superior, caught her in the act and she had to go upstairs, without me! The guards are still in front of the door, and I'm in no condition to fight. I must find a way to create a diversion.","План докторки Колден провалився: інший доктор, можливо, її керівник, упіймав її на гарячому, і їй довелося піти нагору без мене! Охоронці все ще стоять біля дверей, а я не в змозі битися. Потрібно якось відволікти їхню увагу."
"[FE85ECA84FD919E42EDBCFBEC087CFFF]::38D71C014701A0D28462D48CA5944918","Contradicting the police report, the Hawkins drawing room tells a totally different version of the fire that claimed the whole family. Beginning with the presence of a hand print that throws up the possibility of a survivor. The bodies of Charles and Sarah Hawkins left no mark on the floor nor, to that matter, in the drawing room, contrary to that of the child, still visible close to the fireplace. The same goes for the glass shards on the floor: a close inspection reveals the presence of blood on several of them. On the wall, the very clear mark left by the painting found in the Hawkins warehouse confirms that the Hawkins case could be much more than a domestic accident.","На відміну від поліцейського звіту, вітальня Гокінсів розповідає зовсім іншу версію пожежі, яка забрала життя всієї родини. Починаючи з наявності відбитка руки, що вказує на можливу наявність уцілілого. Тіла Чарльза та Сари Гокінс не залишили жодних слідів на підлозі чи деінде у вітальні, на відміну від дитини, чиї сліди досі помітні поблизу каміна. Те саме стосується й уламків скла на підлозі: при ретельному огляді на деяких з них видно сліди крові. А ще на стіні чітко видно слід від картини, знайденої на складі Гокінсів, що підтверджує: справа Гокінсів може бути далеко не звичайною побутовою трагедією."
"[FE85ECA84FD919E42EDBCFBEC087CFFF]::776C56D24F030737931333BB28990AE9","The scene of the fire","Місце пожежі"
"[FF0591564BB45EF1A549FC82DEDB4D25]::FE750349468A98EC91F22C8537E50231","Wait","Зачекати"
"[FF1A713149C3F5F4EB86F39255280DD9]::265B2B9845ED34F3CE50E0999FDD5C2F","While Pierce's sanity is growing dangerously weaker, his increased sensitivity to the occult opens new ways for him. On rare occasions, he is now able to unearth hidden truths when he speaks to the inhabitants of the island. As with everything connected with the Myth, using it comes at a cost.","Поки розсудливість Пірса дедалі більше слабшає, його підвищена чутливість до окультного відкриває перед ним нові можливості. Іноді він здатен розкопати приховану правду під час розмов із мешканцями острова. Та, як і все, пов’язане з Мітом, це має свою ціну."
"[FF1A713149C3F5F4EB86F39255280DD9]::475D21FD4DF892A44FFA868C13FD95F3","The Cost of Truth","Ціна Правди"
"[FF1D07F34F1924A36CC326A31CAB8665]::0002D443493E5B488EF69B862197CCE1","MENTAL TRAUMA","МЕНТАЛЬНА ТРАВМА"
"[FFA41A79422941E6090DE0B74C568D31]::898F5EB44FD109BBB6A406A8B1B5F621","Getting into the institute wasn't a problem. Finding Colden and getting out with her might prove to be more difficult.","Пробратися до Інституту не було проблемою. Знайти Колден та вивести її звідти може виявитися значно складніше"
"[FFF8DA99471BD0D271EFE8B1830790CD]::CF2C338E4E9EE6BB7B0103B4CF155A6F","Autopsy report on Irene Sanders <lf><lf>The autopsy was done by Dr. Fuller. He describes a wound to the right side of the head, due to a shot at point-blank range, and comes to the conclusion that it was a suicide.","Звіт про розтин Ірен Сандерс<lf><lf>Розтин провів доктор Фуллер. Він описує рану з правого боку голови, спричинену пострілом упритул, і доходить висновку, що це було самогубство."
"[FFF8DA99471BD0D271EFE8B1830790CD]::977DD62B41C333FB978C4C8764260F65","Irene Sanders’ medical file","Медична картка Ірен Сандерс"
"DialogButtons::DIALOG_BUTTONS_BACK","Back","Назад"
"DialogButtons::DIALOG_BUTTONS_BUTTON_CONTINUE","Continue","Продовжити"
"DialogButtons::DIALOG_BUTTONS_NO","NO","НІ"
"DialogButtons::DIALOG_BUTTONS_OK","OK","ГАРАЗД"
"DialogButtons::DIALOG_BUTTONS_YES","YES","ТАК"
"KeyboardInputKeys::Add","Num +","Num +"
"KeyboardInputKeys::AnyKey","Any Key","Будь-яка клавіша"
"KeyboardInputKeys::Apostrophe","Apostrophe","'"
"KeyboardInputKeys::Asterisk","Asterisk","Asterisk"
"KeyboardInputKeys::Backspace","Backspace","Backspace"
"KeyboardInputKeys::CapsLock","Caps Lock","Caps Lock"
"KeyboardInputKeys::Colon","Colon",";"
"KeyboardInputKeys::Comma","Comma",","
"KeyboardInputKeys::Decimal","Num .","Num ."
"KeyboardInputKeys::Delete","Delete","Delete"
"KeyboardInputKeys::Divide","Num /","Num /"
"KeyboardInputKeys::Down","Down","Стрілка вниз"
"KeyboardInputKeys::End","End","End"
"KeyboardInputKeys::Enter","Enter","Enter"
"KeyboardInputKeys::Escape","Esc","Esc"
"KeyboardInputKeys::Home","Home","Home"
"KeyboardInputKeys::Hyphen","Hyphen","-"
"KeyboardInputKeys::Insert","Insert","Insert"
"KeyboardInputKeys::Left","Left","Стрілка ліворуч"
"KeyboardInputKeys::LeftAlt","Alt Left","Лівий Alt"
"KeyboardInputKeys::LeftCommand","Windows key Left","Ліва кнопка Windows"
"KeyboardInputKeys::LeftControl","Ctrl Left","Лівий Ctrl"
"KeyboardInputKeys::LeftMouseButton","Left click","ЛКМ"
"KeyboardInputKeys::LeftShift","Left Shift","Лівий Shift"
"KeyboardInputKeys::MiddleMouseButton","Middle Mouse Button","СКМ"
"KeyboardInputKeys::MouseScrollDown","Mouse Wheel Down","Коліщатко Миші Вниз"
"KeyboardInputKeys::MouseScrollUp","Mouse Wheel Up","Коліщатко Миші Вверх"
"KeyboardInputKeys::MouseWheelAxis","Mouse Wheel Axis","Вісь Коліщатка Миші"
"KeyboardInputKeys::MouseX","Mouse X","Вісь Миші X"
"KeyboardInputKeys::MouseY","Mouse Y","Вісь Миші Y"
"KeyboardInputKeys::Multiply","Num *","Num *"
"KeyboardInputKeys::NumLock","Num Lock","Num Lock"
"KeyboardInputKeys::NumPadEight","Num 8","Num 8"
"KeyboardInputKeys::NumPadFive","Num 5","Num 5"
"KeyboardInputKeys::NumPadFour","Num 4","Num 4"
"KeyboardInputKeys::NumPadNine","Num 9","Num 9"
"KeyboardInputKeys::NumPadOne","Num 1","Num 1"
"KeyboardInputKeys::NumPadSeven","Num 7","Num 7"
"KeyboardInputKeys::NumPadSix","Num 6","Num 6"
"KeyboardInputKeys::NumPadThree","Num 3","Num 3"
"KeyboardInputKeys::NumPadTwo","Num 2","Num 2"
"KeyboardInputKeys::NumPadZero","Num 0","Num 0"
"KeyboardInputKeys::PageDown","Page Down","Page Down"
"KeyboardInputKeys::PageUp","Page Up","Page Up"
"KeyboardInputKeys::Pause","Pause","Pause"
"KeyboardInputKeys::Period","Period","."
"KeyboardInputKeys::Right","Right","Стрілка праворуч"
"KeyboardInputKeys::RightAlt","Alt Right","Правий Alt"
"KeyboardInputKeys::RightCommand","Windows key Right","Права кнопка Windows"
"KeyboardInputKeys::RightControl","Ctrl Right","Правий Ctrl"
"KeyboardInputKeys::RightMouseButton","Right Mouse Button","ПКМ"
"KeyboardInputKeys::RightShift","Right Shift","Правий Shift"
"KeyboardInputKeys::ScrollLock","Scroll Lock","Scroll Lock"
"KeyboardInputKeys::Semicolon","Semicolon","Крапка з комою"
"KeyboardInputKeys::SpaceBar","Space bar","Пробіл"
"KeyboardInputKeys::Subtract","Num -","Num -"
"KeyboardInputKeys::Tab","Tab","Tab"
"KeyboardInputKeys::ThumbMouseButton","Thumb Mouse Button","Бокова Кнопка Миші 1"
"KeyboardInputKeys::ThumbMouseButton2","Thumb Mouse Button 2","Бокова Кнопка Миші 2"
"KeyboardInputKeys::Underscore","Underscore","Underscore"
"KeyboardInputKeys::Up","Up","Стрілка вверх"
"NetworkErrors::NETWORK_ERRORS_CREATE_SESSION_FAILED","Failed to create session.","Failed to create session."
"NetworkErrors::NETWORK_ERRORS_INVALID_PLAYER_CONTROLLER","Invalid Player Controller","Invalid Player Controller"
"NetworkErrors::NETWORK_ERRORS_JOIN_SESSION_FAILED","Join Session failed.","Join Session failed."
"NetworkErrors::NETWORK_ERRORS_JOIN_SESSION_FAILED_FAIL","Join failed.","Join failed."
"NetworkErrors::NETWORK_ERRORS_JOIN_SESSION_FAILED_GAME_FULL","Game is full.","Game is full."
"NetworkErrors::NETWORK_ERRORS_JOIN_SESSION_FAILED_GAME_INEXISTANT","Game no longer exists.","Game no longer exists."
"NetworkErrors::NETWORK_ERRORS_JOIN_SESSION_FAILED_REASONFMT","Join Session failed. {0}","Join Session failed. {0}"
"NetworkErrors::NETWORK_ERRORS_OSSMISSING","OSS missing","OSS missing"
"NetworkErrors::NETWORK_ERRORS_TRAVEL_SESSION_FAILED","Travel to Session failed.","Travel to Session failed."
"NetworkFailures::NETWORK_FAILURES_MUST_BE_SIGNED_IN","You must be signed in to play online","You must be signed in to play online"
"NetworkFailures::NETWORK_FAILURES_SERVICE_DISCONNECTED","You must be connected to the Xbox LIVE service to play online.","You must be connected to the Xbox LIVE service to play online."
"NetworkFailures::NETWORK_FAILURES_SERVICE_UNAVAILABLE","Connection has been lost.","Connection has been lost."
"NetworkFailures::PS4_NETWORK_FAILURES_SERVICE_UNAVAILABLE","Connection to ""PSN"" has been lost.","Connection to ""PSN"" has been lost."
"NetworkFailures::XBOX_NETWORK_FAILURES_SERVICE_UNAVAILABLE","Connection to Xbox LIVE has been lost.","Connection to Xbox LIVE has been lost."
"NetworkStatus::NETWORK_STATUS_CHECKING_PRIVILEGES_WITH_SERVER","Checking privileges with server.  Please wait...","Checking privileges with server.  Please wait..."
"OnlinePrivilegeResult::ONLINE_PRIVILEGE_RESULT_AGE_RESTRICTION_FAILURE","Cannot play due to age restrictions!","Cannot play due to age restrictions!"
"OnlinePrivilegeResult::ONLINE_PRIVILEGE_RESULT_GENERIC_FAILURE","Cannot play online.  Check your network connection.","Cannot play online.  Check your network connection."
"OnlinePrivilegeResult::ONLINE_PRIVILEGE_RESULT_REQUIRED_PATCH_AVAILABLE","A required game patch is available.  Please upgrade to access online features.","A required game patch is available.  Please upgrade to access online features."
"OnlinePrivilegeResult::ONLINE_PRIVILEGE_RESULT_REQUIRED_SYSTEM_UPDATE","A required system update is available.  Please upgrade to access online features.","A required system update is available.  Please upgrade to access online features."
"OnlinePrivilegeResult::ONLINE_PRIVILEGE_RESULT_USER_NOT_FOUND","Cannot play due invalid user!","Cannot play due invalid user!"
"Popup::POPUP_APPLY_CHANGE","Are you sure to apply change ?","Ви впевнені, що хочете застосувати зміни?"
"Popup::POPUP_ASK_DELETE_SAVE","Are you sure you want to delete this save ?","Ви впевнені, що хочете видалити це збереження?"
"Popup::POPUP_BACK_WITHOUT_APPLY","Are you sure you want to back without applying your modification ?","Ви впевнені, що хочете вийти, без застосування змін?"
"Popup::POPUP_CANCEL","CANCEL","СКАСУВАТИ"
"Popup::POPUP_CHARACTER_CREATION_TITLE","CHARACTER CREATION","СТВОРЕННЯ ПЕРСОНАЖА"
"Popup::POPUP_CONTENT_LEFT_CONFIRM_CHARACTER_POINTS","Do you really want to validate this Character Points attribution?","Ви впевнені, що хочете підтвердити цей розподіл очок персонажа?"
"Popup::POPUP_DELETE_SAVE","Deleting save. Please wait.","Видалення збереження. Будь ласка, зачекайте."
"Popup::POPUP_NO","No","Ні"
"Popup::POPUP_OK","YES","ТАК"
"Popup::POPUP_OVERRIDE_SLOT","Do you want to overwrite the existing save?","Ви бажаєте перезаписати вибране збереження?"
"Popup::POPUP_PROCESS_SAVE","Saving. Please wait.","Гра зберігається. Будь ласка, зачекайте."
"Popup::POPUP_PROFILE_LOADING","Loading profile. Please wait.","Завантаження профілю. Будь ласка, зачекайте."
"Popup::POPUP_RETRIEVE_DEFAULT","Are you sure you want to retrieve default values ?","Ви впевнені, що хочете відновити значення за замовчуванням?"
"Popup::POPUP_SKILL_DISTRIBUTION_CANCEL","Do you want to quit without validating your Character Points attribution?","Ви впевнені, шо хочете вийти, не підтверджуючи цей розподіл очок персонажа?"
"Popup::POPUP_SURE_TO_LOADLAST","LOAD THE LAST SAVE?","ЗАВАНТАЖИТИ ОСТАННЄ ЗБЕРЕЖЕНННЯ?"
"Popup::POPUP_SURE_TO_MAINMENU","RETURN TO MAIN MENU","ПОВЕРНУТИСЯ ДО ГОЛОВНОГО МЕНЮ"
"Popup::POPUP_SURE_TO_QUIT","Are you sure you want to quit ?","Ви впевнені, що бажаєте вийти?"
"Popup::POPUP_YES","Yes","Так"
"PrivilegeFailures::PRIVILEGE_FAILURES_CANNOT_PLAY_AGE_RESTRICTION","You cannot play this game due to age restrictions.","Ви не можете грати в цю гру через вікові обмеження."
"ProfileMessages::PROFILE_MESSAGES_NEED_LICENSE","The registered user does not own the license for this game. Please purchase Call of Cthulhu from the Xbox Games Store or connect a user with a valid license.","Зареєстрований користувач не має ліцензії на цю гру. Придбайте «Call of Cthulhu» в магазині «Xbox Games Store» або увійдіть під обліковим записом із чинною ліцензією."
"ProfileMessages::PROFILE_MESSAGES_PAIRING_CHANGED","Your wireless controller has been paired with another profile. Would you like to switch to this new profile? Choosing YES will disconnect the previous profile.","Ваш бездротовий контролер було під'єднано до іншого профілю. Бажаєте переключитися на цей новий профіль? Вибравши ТАК, попередній профіль буде відключено."
"ProfileMessages::PROFILE_MESSAGES_PLAYER_RECONNECT_CONTROLLER_FMT","Player {0}, please reconnect your controller.","Гравець {0}, будь ласка, під’єднайте свій контролер повторно."
"ProfileMessages::PROFILE_MESSAGES_PROGRESS_WILL_NOT_BE_SAVED","If you continue without signing in, your progress will not be saved.","Якщо ви продовжите без входу, ваш прогрес не буде збережено."
"ProfileMessages::PROFILE_MESSAGES_SIGN_IN_CHANGE","Your profile has been disconnected. You are going to be led to the title screen.","Ваш профіль було відключено. Вас буде повернуто до головного екрана."
"SpriteCategory::SPRITE_CATEGORY_AUDIOS","Audio","Звук"
"SpriteCategory::SPRITE_CATEGORY_ICONS","Icons","Icons"
"SpriteCategory::SPRITE_CATEGORY_TRIGGERS","Triggers","Triggers"